url,slug,title,main_category,sub_hub,page_type,content_status,word_count,section_count,technical_depth_score,clarity_score,link_quality_score,incoming_internal_links,outgoing_internal_links,missing_internal_terms,outgoing_link_examples,missing_information,outdated_information,generic_section_count,generic_sections,unnecessary_sections,repeated_headings,third_person_crays_count,third_person_crays_examples,h1_count,h1_text,image_count,missing_alt_count,duplicate_image_count,priority,concrete_action
https://www.crays.org/nostr/apps/,apps,Nostr Apps Directory Guide,Apps,App orientation,Grundlagenartikel,brauchbar,1264,10,4,4,4,629,313,event -> events-and-kinds,Start -> what-is-nostr; People -> people; Apps -> apps/catalog; Relays -> relay-market-directory; NIPs -> nips/complete-index; Privacy -> privacy-security; Wallets -> nip-47-wallet-connect; Media -> music-video-media; Commerce -> content-sale; Governance -> dao-governance; Crays -> nostr-and-crays; Library -> archive-library,,,0,,,Nostr Apps Directory Guide,0,,1,Nostr Apps Directory Guide,43,0,0,P3,gezielte redaktionelle Politur und Quellenabgleich
https://www.crays.org/nostr/apps/amber/,apps/amber,Amber,Apps,App profiles,Tool- / Client- / App-Seite,brauchbar,1451,15,5,4,5,346,311,,Start -> what-is-nostr; People -> people; Apps -> apps/catalog; Relays -> relay-market-directory; NIPs -> nips/complete-index; Privacy -> privacy-security; Wallets -> nip-47-wallet-connect; Media -> music-video-media; Commerce -> content-sale; Governance -> dao-governance; Crays -> nostr-and-crays; Library -> archive-library,,,0,,,Amber,0,,1,Amber,30,0,0,P3,gezielte redaktionelle Politur und Quellenabgleich
https://www.crays.org/nostr/apps/amethyst/,apps/amethyst,Amethyst,Apps,App profiles,Tool- / Client- / App-Seite,brauchbar,1452,15,5,4,5,279,309,,Start -> what-is-nostr; People -> people; Apps -> apps/catalog; Relays -> relay-market-directory; NIPs -> nips/complete-index; Privacy -> privacy-security; Wallets -> nip-47-wallet-connect; Media -> music-video-media; Commerce -> content-sale; Governance -> dao-governance; Crays -> nostr-and-crays; Library -> archive-library,,,0,,,Amethyst,0,,1,Amethyst,30,0,0,P3,gezielte redaktionelle Politur und Quellenabgleich
https://www.crays.org/nostr/apps/catalog/,apps/catalog,Complete Nostr Apps Catalog,Apps,App profiles,Tool- / Client- / App-Seite,brauchbar,1511,9,5,4,5,1419,312,,Start -> what-is-nostr; People -> people; Relays -> relay-market-directory; NIPs -> nips/complete-index; Privacy -> privacy-security; Wallets -> nip-47-wallet-connect; Media -> music-video-media; Commerce -> content-sale; Governance -> dao-governance; Crays -> nostr-and-crays; Library -> archive-library; Signers -> nip-07-signers,,,0,,,Complete Nostr Apps Catalog,0,,1,Complete Nostr Apps Catalog,101,0,0,P3,gezielte redaktionelle Politur und Quellenabgleich
https://www.crays.org/nostr/apps/catalog/0xchat/,apps/catalog/0xchat,0xchat,Apps,App catalog entries,Tool- / Client- / App-Seite,brauchbar,1489,15,5,4,5,281,310,,Start -> what-is-nostr; People -> people; Apps -> apps/catalog; Relays -> relay-market-directory; NIPs -> nips/complete-index; Privacy -> privacy-security; Wallets -> nip-47-wallet-connect; Media -> music-video-media; Commerce -> content-sale; Governance -> dao-governance; Crays -> nostr-and-crays; Library -> archive-library,,,0,,,0xchat,0,,1,0xchat,30,0,0,P3,gezielte redaktionelle Politur und Quellenabgleich
https://www.crays.org/nostr/apps/catalog/aegis/,apps/catalog/aegis,Aegis,Apps,App catalog entries,Tool- / Client- / App-Seite,brauchbar,1417,14,5,4,5,279,311,,Start -> what-is-nostr; People -> people; Apps -> apps/catalog; Relays -> relay-market-directory; NIPs -> nips/complete-index; Privacy -> privacy-security; Wallets -> nip-47-wallet-connect; Media -> music-video-media; Commerce -> content-sale; Governance -> dao-governance; Crays -> nostr-and-crays; Library -> archive-library,,,0,,,Aegis,0,,1,Aegis,30,0,0,P3,gezielte redaktionelle Politur und Quellenabgleich
https://www.crays.org/nostr/apps/catalog/alby/,apps/catalog/alby,Alby,Apps,App catalog entries,Tool- / Client- / App-Seite,brauchbar,1451,14,5,4,5,279,310,,Start -> what-is-nostr; People -> people; Apps -> apps/catalog; Relays -> relay-market-directory; NIPs -> nips/complete-index; Privacy -> privacy-security; Wallets -> nip-47-wallet-connect; Media -> music-video-media; Commerce -> content-sale; Governance -> dao-governance; Crays -> nostr-and-crays; Library -> archive-library,,,0,,,Alby,0,,1,Alby,30,0,0,P3,gezielte redaktionelle Politur und Quellenabgleich
https://www.crays.org/nostr/apps/catalog/alphaama/,apps/catalog/alphaama,alphaama,Apps,App catalog entries,Tool- / Client- / App-Seite,brauchbar,1404,14,5,4,5,281,310,,Start -> what-is-nostr; People -> people; Apps -> apps/catalog; Relays -> relay-market-directory; NIPs -> nips/complete-index; Privacy -> privacy-security; Wallets -> nip-47-wallet-connect; Media -> music-video-media; Commerce -> content-sale; Governance -> dao-governance; Crays -> nostr-and-crays; Library -> archive-library,,,0,,,alphaama,0,,1,alphaama,30,0,0,P3,gezielte redaktionelle Politur und Quellenabgleich
https://www.crays.org/nostr/apps/catalog/amber/,apps/catalog/amber,Amber,Apps,App catalog entries,Tool- / Client- / App-Seite,brauchbar,1435,14,5,4,5,278,311,,Start -> what-is-nostr; People -> people; Apps -> apps/catalog; Relays -> relay-market-directory; NIPs -> nips/complete-index; Privacy -> privacy-security; Wallets -> nip-47-wallet-connect; Media -> music-video-media; Commerce -> content-sale; Governance -> dao-governance; Crays -> nostr-and-crays; Library -> archive-library,,,0,,,Amber,0,,1,Amber,30,0,0,P3,gezielte redaktionelle Politur und Quellenabgleich
https://www.crays.org/nostr/apps/catalog/amethyst/,apps/catalog/amethyst,Amethyst,Apps,App catalog entries,Tool- / Client- / App-Seite,brauchbar,1471,14,5,4,5,281,311,,Start -> what-is-nostr; People -> people; Apps -> apps/catalog; Relays -> relay-market-directory; NIPs -> nips/complete-index; Privacy -> privacy-security; Wallets -> nip-47-wallet-connect; Media -> music-video-media; Commerce -> content-sale; Governance -> dao-governance; Crays -> nostr-and-crays; Library -> archive-library,,,0,,,Amethyst,0,,1,Amethyst,30,0,0,P3,gezielte redaktionelle Politur und Quellenabgleich
https://www.crays.org/nostr/apps/catalog/ants/,apps/catalog/ants,ants,Apps,App catalog entries,Tool- / Client- / App-Seite,brauchbar,1406,14,5,4,5,279,310,,Start -> what-is-nostr; People -> people; Apps -> apps/catalog; Relays -> relay-market-directory; NIPs -> nips/complete-index; Privacy -> privacy-security; Wallets -> nip-47-wallet-connect; Media -> music-video-media; Commerce -> content-sale; Governance -> dao-governance; Crays -> nostr-and-crays; Library -> archive-library,,,0,,,ants,0,,1,ants,30,0,0,P3,gezielte redaktionelle Politur und Quellenabgleich
https://www.crays.org/nostr/apps/catalog/boris/,apps/catalog/boris,Boris,Apps,App catalog entries,Tool- / Client- / App-Seite,brauchbar,1407,14,5,4,5,284,312,,Start -> what-is-nostr; People -> people; Apps -> apps/catalog; Relays -> relay-market-directory; NIPs -> nips/complete-index; Privacy -> privacy-security; Wallets -> nip-47-wallet-connect; Media -> music-video-media; Commerce -> content-sale; Governance -> dao-governance; Crays -> nostr-and-crays; Library -> archive-library,,,0,,,Boris,0,,1,Boris,30,0,0,P3,gezielte redaktionelle Politur und Quellenabgleich
https://www.crays.org/nostr/apps/catalog/bouquet/,apps/catalog/bouquet,Bouquet,Apps,App catalog entries,Tool- / Client- / App-Seite,brauchbar,1417,14,5,4,5,281,310,,Start -> what-is-nostr; People -> people; Apps -> apps/catalog; Relays -> relay-market-directory; NIPs -> nips/complete-index; Privacy -> privacy-security; Wallets -> nip-47-wallet-connect; Media -> music-video-media; Commerce -> content-sale; Governance -> dao-governance; Crays -> nostr-and-crays; Library -> archive-library,,,0,,,Bouquet,0,,1,Bouquet,30,0,0,P3,gezielte redaktionelle Politur und Quellenabgleich
https://www.crays.org/nostr/apps/catalog/chachi/,apps/catalog/chachi,Chachi,Apps,App catalog entries,Tool- / Client- / App-Seite,brauchbar,1424,14,5,4,5,282,311,,Start -> what-is-nostr; People -> people; Apps -> apps/catalog; Relays -> relay-market-directory; NIPs -> nips/complete-index; Privacy -> privacy-security; Wallets -> nip-47-wallet-connect; Media -> music-video-media; Commerce -> content-sale; Governance -> dao-governance; Crays -> nostr-and-crays; Library -> archive-library,,,0,,,Chachi,0,,1,Chachi,30,0,0,P3,gezielte redaktionelle Politur und Quellenabgleich
https://www.crays.org/nostr/apps/catalog/citrine/,apps/catalog/citrine,Citrine,Apps,App catalog entries,Tool- / Client- / App-Seite,brauchbar,1407,14,5,4,5,285,311,,Start -> what-is-nostr; People -> people; Apps -> apps/catalog; Relays -> relay-market-directory; NIPs -> nips/complete-index; Privacy -> privacy-security; Wallets -> nip-47-wallet-connect; Media -> music-video-media; Commerce -> content-sale; Governance -> dao-governance; Crays -> nostr-and-crays; Library -> archive-library,,,0,,,Citrine,0,,1,Citrine,30,0,0,P3,gezielte redaktionelle Politur und Quellenabgleich
https://www.crays.org/nostr/apps/catalog/coop/,apps/catalog/coop,Coop,Apps,App catalog entries,Tool- / Client- / App-Seite,brauchbar,1413,14,5,4,5,279,310,,Start -> what-is-nostr; People -> people; Apps -> apps/catalog; Relays -> relay-market-directory; NIPs -> nips/complete-index; Privacy -> privacy-security; Wallets -> nip-47-wallet-connect; Media -> music-video-media; Commerce -> content-sale; Governance -> dao-governance; Crays -> nostr-and-crays; Library -> archive-library,,,0,,,Coop,0,,1,Coop,30,0,0,P3,gezielte redaktionelle Politur und Quellenabgleich
https://www.crays.org/nostr/apps/catalog/coracle/,apps/catalog/coracle,Coracle,Apps,App catalog entries,Tool- / Client- / App-Seite,brauchbar,1436,14,5,4,5,279,310,,Start -> what-is-nostr; People -> people; Apps -> apps/catalog; Relays -> relay-market-directory; NIPs -> nips/complete-index; Privacy -> privacy-security; Wallets -> nip-47-wallet-connect; Media -> music-video-media; Commerce -> content-sale; Governance -> dao-governance; Crays -> nostr-and-crays; Library -> archive-library,,,0,,,Coracle,0,,1,Coracle,30,0,0,P3,gezielte redaktionelle Politur und Quellenabgleich
https://www.crays.org/nostr/apps/catalog/damus/,apps/catalog/damus,Damus,Apps,App catalog entries,Tool- / Client- / App-Seite,brauchbar,1449,14,5,4,5,279,310,,Start -> what-is-nostr; People -> people; Apps -> apps/catalog; Relays -> relay-market-directory; NIPs -> nips/complete-index; Privacy -> privacy-security; Wallets -> nip-47-wallet-connect; Media -> music-video-media; Commerce -> content-sale; Governance -> dao-governance; Crays -> nostr-and-crays; Library -> archive-library,,,0,,,Damus,0,,1,Damus,30,0,0,P3,gezielte redaktionelle Politur und Quellenabgleich
https://www.crays.org/nostr/apps/catalog/ditto/,apps/catalog/ditto,Ditto,Apps,App catalog entries,Tool- / Client- / App-Seite,brauchbar,1472,14,5,4,5,279,310,,Start -> what-is-nostr; People -> people; Apps -> apps/catalog; Relays -> relay-market-directory; NIPs -> nips/complete-index; Privacy -> privacy-security; Wallets -> nip-47-wallet-connect; Media -> music-video-media; Commerce -> content-sale; Governance -> dao-governance; Crays -> nostr-and-crays; Library -> archive-library,,,0,,,Ditto,0,,1,Ditto,30,0,0,P3,gezielte redaktionelle Politur und Quellenabgleich
https://www.crays.org/nostr/apps/catalog/dtan/,apps/catalog/dtan,DTAN,Apps,App catalog entries,Tool- / Client- / App-Seite,brauchbar,1401,14,5,4,5,281,310,,Start -> what-is-nostr; People -> people; Apps -> apps/catalog; Relays -> relay-market-directory; NIPs -> nips/complete-index; Privacy -> privacy-security; Wallets -> nip-47-wallet-connect; Media -> music-video-media; Commerce -> content-sale; Governance -> dao-governance; Crays -> nostr-and-crays; Library -> archive-library,,,0,,,DTAN,0,,1,DTAN,30,0,0,P3,gezielte redaktionelle Politur und Quellenabgleich
https://www.crays.org/nostr/apps/catalog/emojito/,apps/catalog/emojito,Emojito,Apps,App catalog entries,Tool- / Client- / App-Seite,brauchbar,1405,14,5,4,5,283,310,,Start -> what-is-nostr; People -> people; Apps -> apps/catalog; Relays -> relay-market-directory; NIPs -> nips/complete-index; Privacy -> privacy-security; Wallets -> nip-47-wallet-connect; Media -> music-video-media; Commerce -> content-sale; Governance -> dao-governance; Crays -> nostr-and-crays; Library -> archive-library,,,0,,,Emojito,0,,1,Emojito,30,0,0,P3,gezielte redaktionelle Politur und Quellenabgleich
https://www.crays.org/nostr/apps/catalog/flotilla/,apps/catalog/flotilla,Flotilla,Apps,App catalog entries,Tool- / Client- / App-Seite,brauchbar,1407,14,5,4,5,280,311,,Start -> what-is-nostr; People -> people; Apps -> apps/catalog; Relays -> relay-market-directory; NIPs -> nips/complete-index; Privacy -> privacy-security; Wallets -> nip-47-wallet-connect; Media -> music-video-media; Commerce -> content-sale; Governance -> dao-governance; Crays -> nostr-and-crays; Library -> archive-library,,,0,,,Flotilla,0,,1,Flotilla,30,0,0,P3,gezielte redaktionelle Politur und Quellenabgleich
https://www.crays.org/nostr/apps/catalog/formstr/,apps/catalog/formstr,Formstr,Apps,App catalog entries,Tool- / Client- / App-Seite,brauchbar,1405,14,5,4,5,287,311,,Start -> what-is-nostr; People -> people; Apps -> apps/catalog; Relays -> relay-market-directory; NIPs -> nips/complete-index; Privacy -> privacy-security; Wallets -> nip-47-wallet-connect; Media -> music-video-media; Commerce -> content-sale; Governance -> dao-governance; Crays -> nostr-and-crays; Library -> archive-library,,,0,,,Formstr,0,,1,Formstr,30,0,0,P3,gezielte redaktionelle Politur und Quellenabgleich
https://www.crays.org/nostr/apps/catalog/freefrom/,apps/catalog/freefrom,FreeFrom,Apps,App catalog entries,Tool- / Client- / App-Seite,brauchbar,1450,14,5,4,5,281,310,,Start -> what-is-nostr; People -> people; Apps -> apps/catalog; Relays -> relay-market-directory; NIPs -> nips/complete-index; Privacy -> privacy-security; Wallets -> nip-47-wallet-connect; Media -> music-video-media; Commerce -> content-sale; Governance -> dao-governance; Crays -> nostr-and-crays; Library -> archive-library,,,0,,,FreeFrom,0,,1,FreeFrom,30,0,0,P3,gezielte redaktionelle Politur und Quellenabgleich
https://www.crays.org/nostr/apps/catalog/futr/,apps/catalog/futr,futr,Apps,App catalog entries,Tool- / Client- / App-Seite,brauchbar,1407,14,5,4,5,282,310,,Start -> what-is-nostr; People -> people; Apps -> apps/catalog; Relays -> relay-market-directory; NIPs -> nips/complete-index; Privacy -> privacy-security; Wallets -> nip-47-wallet-connect; Media -> music-video-media; Commerce -> content-sale; Governance -> dao-governance; Crays -> nostr-and-crays; Library -> archive-library,,,0,,,futr,0,,1,futr,30,0,0,P3,gezielte redaktionelle Politur und Quellenabgleich
https://www.crays.org/nostr/apps/catalog/gifbuddy/,apps/catalog/gifbuddy,GIF Buddy,Apps,App catalog entries,Tool- / Client- / App-Seite,brauchbar,1424,14,5,4,5,284,310,,Start -> what-is-nostr; People -> people; Apps -> apps/catalog; Relays -> relay-market-directory; NIPs -> nips/complete-index; Privacy -> privacy-security; Wallets -> nip-47-wallet-connect; Media -> music-video-media; Commerce -> content-sale; Governance -> dao-governance; Crays -> nostr-and-crays; Library -> archive-library,,,0,,,GIF Buddy,0,,1,GIF Buddy,30,0,0,P3,gezielte redaktionelle Politur und Quellenabgleich
https://www.crays.org/nostr/apps/catalog/gossip/,apps/catalog/gossip,Gossip,Apps,App catalog entries,Tool- / Client- / App-Seite,brauchbar,1444,14,5,4,5,279,310,,Start -> what-is-nostr; People -> people; Apps -> apps/catalog; Relays -> relay-market-directory; NIPs -> nips/complete-index; Privacy -> privacy-security; Wallets -> nip-47-wallet-connect; Media -> music-video-media; Commerce -> content-sale; Governance -> dao-governance; Crays -> nostr-and-crays; Library -> archive-library,,,0,,,Gossip,0,,1,Gossip,30,0,0,P3,gezielte redaktionelle Politur und Quellenabgleich
https://www.crays.org/nostr/apps/catalog/grimoire/,apps/catalog/grimoire,Grimoire,Apps,App catalog entries,Tool- / Client- / App-Seite,brauchbar,1418,14,5,4,5,286,310,,Start -> what-is-nostr; People -> people; Apps -> apps/catalog; Relays -> relay-market-directory; NIPs -> nips/complete-index; Privacy -> privacy-security; Wallets -> nip-47-wallet-connect; Media -> music-video-media; Commerce -> content-sale; Governance -> dao-governance; Crays -> nostr-and-crays; Library -> archive-library,,,0,,,Grimoire,0,,1,Grimoire,30,0,0,P3,gezielte redaktionelle Politur und Quellenabgleich
https://www.crays.org/nostr/apps/catalog/habla/,apps/catalog/habla,Habla,Apps,App catalog entries,Tool- / Client- / App-Seite,brauchbar,1445,14,5,4,5,279,310,,Start -> what-is-nostr; People -> people; Apps -> apps/catalog; Relays -> relay-market-directory; NIPs -> nips/complete-index; Privacy -> privacy-security; Wallets -> nip-47-wallet-connect; Media -> music-video-media; Commerce -> content-sale; Governance -> dao-governance; Crays -> nostr-and-crays; Library -> archive-library,,,0,,,Habla,0,,1,Habla,30,0,0,P3,gezielte redaktionelle Politur und Quellenabgleich
https://www.crays.org/nostr/apps/catalog/iris/,apps/catalog/iris,Iris,Apps,App catalog entries,Tool- / Client- / App-Seite,brauchbar,1440,14,5,4,5,279,310,,Start -> what-is-nostr; People -> people; Apps -> apps/catalog; Relays -> relay-market-directory; NIPs -> nips/complete-index; Privacy -> privacy-security; Wallets -> nip-47-wallet-connect; Media -> music-video-media; Commerce -> content-sale; Governance -> dao-governance; Crays -> nostr-and-crays; Library -> archive-library,,,0,,,Iris,0,,1,Iris,30,0,0,P3,gezielte redaktionelle Politur und Quellenabgleich
https://www.crays.org/nostr/apps/catalog/jumble/,apps/catalog/jumble,Jumble,Apps,App catalog entries,Tool- / Client- / App-Seite,brauchbar,1430,14,5,4,5,287,310,,Start -> what-is-nostr; People -> people; Apps -> apps/catalog; Relays -> relay-market-directory; NIPs -> nips/complete-index; Privacy -> privacy-security; Wallets -> nip-47-wallet-connect; Media -> music-video-media; Commerce -> content-sale; Governance -> dao-governance; Crays -> nostr-and-crays; Library -> archive-library,,,0,,,Jumble,0,,1,Jumble,30,0,0,P3,gezielte redaktionelle Politur und Quellenabgleich
https://www.crays.org/nostr/apps/catalog/keys-band/,apps/catalog/keys-band,Keys Band,Apps,App catalog entries,Tool- / Client- / App-Seite,brauchbar,1424,14,5,4,5,281,310,,Start -> what-is-nostr; People -> people; Apps -> apps/catalog; Relays -> relay-market-directory; NIPs -> nips/complete-index; Privacy -> privacy-security; Wallets -> nip-47-wallet-connect; Media -> music-video-media; Commerce -> content-sale; Governance -> dao-governance; Crays -> nostr-and-crays; Library -> archive-library,,,0,,,Keys Band,0,,1,Keys Band,30,0,0,P3,gezielte redaktionelle Politur und Quellenabgleich
https://www.crays.org/nostr/apps/catalog/lantern/,apps/catalog/lantern,Lantern,Apps,App catalog entries,Tool- / Client- / App-Seite,brauchbar,1437,14,5,4,5,279,312,,Start -> what-is-nostr; People -> people; Apps -> apps/catalog; Relays -> relay-market-directory; NIPs -> nips/complete-index; Privacy -> privacy-security; Wallets -> nip-47-wallet-connect; Media -> music-video-media; Commerce -> content-sale; Governance -> dao-governance; Crays -> nostr-and-crays; Library -> archive-library,,,0,,,Lantern,0,,1,Lantern,30,0,0,P3,gezielte redaktionelle Politur und Quellenabgleich
https://www.crays.org/nostr/apps/catalog/lumilumi/,apps/catalog/lumilumi,lumilumi,Apps,App catalog entries,Tool- / Client- / App-Seite,brauchbar,1434,14,5,4,5,281,310,,Start -> what-is-nostr; People -> people; Apps -> apps/catalog; Relays -> relay-market-directory; NIPs -> nips/complete-index; Privacy -> privacy-security; Wallets -> nip-47-wallet-connect; Media -> music-video-media; Commerce -> content-sale; Governance -> dao-governance; Crays -> nostr-and-crays; Library -> archive-library,,,0,,,lumilumi,0,,1,lumilumi,30,0,0,P3,gezielte redaktionelle Politur und Quellenabgleich
https://www.crays.org/nostr/apps/catalog/makimono/,apps/catalog/makimono,MAKIMONO,Apps,App catalog entries,Tool- / Client- / App-Seite,brauchbar,1414,14,5,4,5,280,311,,Start -> what-is-nostr; People -> people; Apps -> apps/catalog; Relays -> relay-market-directory; NIPs -> nips/complete-index; Privacy -> privacy-security; Wallets -> nip-47-wallet-connect; Media -> music-video-media; Commerce -> content-sale; Governance -> dao-governance; Crays -> nostr-and-crays; Library -> archive-library,,,0,,,MAKIMONO,0,,1,MAKIMONO,30,0,0,P3,gezielte redaktionelle Politur und Quellenabgleich
https://www.crays.org/nostr/apps/catalog/narr/,apps/catalog/narr,Narr,Apps,App catalog entries,Tool- / Client- / App-Seite,brauchbar,1425,14,5,4,5,282,311,,Start -> what-is-nostr; People -> people; Apps -> apps/catalog; Relays -> relay-market-directory; NIPs -> nips/complete-index; Privacy -> privacy-security; Wallets -> nip-47-wallet-connect; Media -> music-video-media; Commerce -> content-sale; Governance -> dao-governance; Crays -> nostr-and-crays; Library -> archive-library,,,0,,,Narr,0,,1,Narr,30,0,0,P3,gezielte redaktionelle Politur und Quellenabgleich
https://www.crays.org/nostr/apps/catalog/noflux/,apps/catalog/noflux,Noflux,Apps,App catalog entries,Tool- / Client- / App-Seite,brauchbar,1421,14,5,4,5,282,311,,Start -> what-is-nostr; People -> people; Apps -> apps/catalog; Relays -> relay-market-directory; NIPs -> nips/complete-index; Privacy -> privacy-security; Wallets -> nip-47-wallet-connect; Media -> music-video-media; Commerce -> content-sale; Governance -> dao-governance; Crays -> nostr-and-crays; Library -> archive-library,,,0,,,Noflux,0,,1,Noflux,30,0,0,P3,gezielte redaktionelle Politur und Quellenabgleich
https://www.crays.org/nostr/apps/catalog/nos-social/,apps/catalog/nos-social,Nos Social,Apps,App catalog entries,Tool- / Client- / App-Seite,brauchbar,1486,14,5,4,5,283,310,,Start -> what-is-nostr; People -> people; Apps -> apps/catalog; Relays -> relay-market-directory; NIPs -> nips/complete-index; Privacy -> privacy-security; Wallets -> nip-47-wallet-connect; Media -> music-video-media; Commerce -> content-sale; Governance -> dao-governance; Crays -> nostr-and-crays; Library -> archive-library,,,0,,,Nos Social,0,,1,Nos Social,30,0,0,P3,gezielte redaktionelle Politur und Quellenabgleich
https://www.crays.org/nostr/apps/catalog/nos2x/,apps/catalog/nos2x,nos2x,Apps,App catalog entries,Tool- / Client- / App-Seite,brauchbar,1402,14,5,4,5,281,310,,Start -> what-is-nostr; People -> people; Apps -> apps/catalog; Relays -> relay-market-directory; NIPs -> nips/complete-index; Privacy -> privacy-security; Wallets -> nip-47-wallet-connect; Media -> music-video-media; Commerce -> content-sale; Governance -> dao-governance; Crays -> nostr-and-crays; Library -> archive-library,,,0,,,nos2x,0,,1,nos2x,30,0,0,P3,gezielte redaktionelle Politur und Quellenabgleich
https://www.crays.org/nostr/apps/catalog/nosotros/,apps/catalog/nosotros,Nosotros,Apps,App catalog entries,Tool- / Client- / App-Seite,brauchbar,1414,14,5,4,5,280,310,,Start -> what-is-nostr; People -> people; Apps -> apps/catalog; Relays -> relay-market-directory; NIPs -> nips/complete-index; Privacy -> privacy-security; Wallets -> nip-47-wallet-connect; Media -> music-video-media; Commerce -> content-sale; Governance -> dao-governance; Crays -> nostr-and-crays; Library -> archive-library,,,0,,,Nosotros,0,,1,Nosotros,30,0,0,P3,gezielte redaktionelle Politur und Quellenabgleich
https://www.crays.org/nostr/apps/catalog/nostr-nests/,apps/catalog/nostr-nests,Nests,Apps,App catalog entries,Tool- / Client- / App-Seite,brauchbar,1481,15,5,4,5,284,310,,Start -> what-is-nostr; People -> people; Apps -> apps/catalog; Relays -> relay-market-directory; NIPs -> nips/complete-index; Privacy -> privacy-security; Wallets -> nip-47-wallet-connect; Media -> music-video-media; Commerce -> content-sale; Governance -> dao-governance; Crays -> nostr-and-crays; Library -> archive-library,,,0,,,Nests,0,,1,Nests,30,0,0,P3,gezielte redaktionelle Politur und Quellenabgleich
https://www.crays.org/nostr/apps/catalog/nostr-relay-tray/,apps/catalog/nostr-relay-tray,Nostr Relay Tray,Apps,App catalog entries,Tool- / Client- / App-Seite,brauchbar,1471,14,5,4,5,283,311,,Start -> what-is-nostr; People -> people; Apps -> apps/catalog; Relays -> relay-market-directory; NIPs -> nips/complete-index; Privacy -> privacy-security; Wallets -> nip-47-wallet-connect; Media -> music-video-media; Commerce -> content-sale; Governance -> dao-governance; Crays -> nostr-and-crays; Library -> archive-library,,,0,,,Nostr Relay Tray,0,,1,Nostr Relay Tray,30,0,0,P3,gezielte redaktionelle Politur und Quellenabgleich
https://www.crays.org/nostr/apps/catalog/nostrame/,apps/catalog/nostrame,Nostrame,Apps,App catalog entries,Tool- / Client- / App-Seite,brauchbar,1410,14,5,4,5,278,311,,Start -> what-is-nostr; People -> people; Apps -> apps/catalog; Relays -> relay-market-directory; NIPs -> nips/complete-index; Privacy -> privacy-security; Wallets -> nip-47-wallet-connect; Media -> music-video-media; Commerce -> content-sale; Governance -> dao-governance; Crays -> nostr-and-crays; Library -> archive-library,,,0,,,Nostrame,0,,1,Nostrame,30,0,0,P3,gezielte redaktionelle Politur und Quellenabgleich
https://www.crays.org/nostr/apps/catalog/nostree/,apps/catalog/nostree,Nostree,Apps,App catalog entries,Tool- / Client- / App-Seite,brauchbar,1408,14,5,4,5,282,312,,Start -> what-is-nostr; People -> people; Apps -> apps/catalog; Relays -> relay-market-directory; NIPs -> nips/complete-index; Privacy -> privacy-security; Wallets -> nip-47-wallet-connect; Media -> music-video-media; Commerce -> content-sale; Governance -> dao-governance; Crays -> nostr-and-crays; Library -> archive-library,,,0,,,Nostree,0,,1,Nostree,30,0,0,P3,gezielte redaktionelle Politur und Quellenabgleich
https://www.crays.org/nostr/apps/catalog/nostria/,apps/catalog/nostria,Nostria,Apps,App catalog entries,Tool- / Client- / App-Seite,brauchbar,1452,14,5,4,5,285,311,,Start -> what-is-nostr; People -> people; Apps -> apps/catalog; Relays -> relay-market-directory; NIPs -> nips/complete-index; Privacy -> privacy-security; Wallets -> nip-47-wallet-connect; Media -> music-video-media; Commerce -> content-sale; Governance -> dao-governance; Crays -> nostr-and-crays; Library -> archive-library,,,0,,,Nostria,0,,1,Nostria,30,0,0,P3,gezielte redaktionelle Politur und Quellenabgleich
https://www.crays.org/nostr/apps/catalog/nostrmo/,apps/catalog/nostrmo,Nostrmo,Apps,App catalog entries,Tool- / Client- / App-Seite,brauchbar,1435,14,5,4,5,282,310,,Start -> what-is-nostr; People -> people; Apps -> apps/catalog; Relays -> relay-market-directory; NIPs -> nips/complete-index; Privacy -> privacy-security; Wallets -> nip-47-wallet-connect; Media -> music-video-media; Commerce -> content-sale; Governance -> dao-governance; Crays -> nostr-and-crays; Library -> archive-library,,,0,,,Nostrmo,0,,1,Nostrmo,30,0,0,P3,gezielte redaktionelle Politur und Quellenabgleich
https://www.crays.org/nostr/apps/catalog/nostrocket/,apps/catalog/nostrocket,Nostrocket,Apps,App catalog entries,Tool- / Client- / App-Seite,brauchbar,1403,14,5,4,5,279,310,,Start -> what-is-nostr; People -> people; Apps -> apps/catalog; Relays -> relay-market-directory; NIPs -> nips/complete-index; Privacy -> privacy-security; Wallets -> nip-47-wallet-connect; Media -> music-video-media; Commerce -> content-sale; Governance -> dao-governance; Crays -> nostr-and-crays; Library -> archive-library,,,0,,,Nostrocket,0,,1,Nostrocket,30,0,0,P3,gezielte redaktionelle Politur und Quellenabgleich
https://www.crays.org/nostr/apps/catalog/nostrudel/,apps/catalog/nostrudel,noStrudel,Apps,App catalog entries,Tool- / Client- / App-Seite,brauchbar,1448,14,5,4,5,280,310,,Start -> what-is-nostr; People -> people; Apps -> apps/catalog; Relays -> relay-market-directory; NIPs -> nips/complete-index; Privacy -> privacy-security; Wallets -> nip-47-wallet-connect; Media -> music-video-media; Commerce -> content-sale; Governance -> dao-governance; Crays -> nostr-and-crays; Library -> archive-library,,,0,,,noStrudel,0,,1,noStrudel,30,0,0,P3,gezielte redaktionelle Politur und Quellenabgleich
https://www.crays.org/nostr/apps/catalog/nostter/,apps/catalog/nostter,Nostter,Apps,App catalog entries,Tool- / Client- / App-Seite,brauchbar,1402,14,5,4,5,283,310,,Start -> what-is-nostr; People -> people; Apps -> apps/catalog; Relays -> relay-market-directory; NIPs -> nips/complete-index; Privacy -> privacy-security; Wallets -> nip-47-wallet-connect; Media -> music-video-media; Commerce -> content-sale; Governance -> dao-governance; Crays -> nostr-and-crays; Library -> archive-library,,,0,,,Nostter,0,,1,Nostter,30,0,0,P3,gezielte redaktionelle Politur und Quellenabgleich
https://www.crays.org/nostr/apps/catalog/nostur/,apps/catalog/nostur,Nostur,Apps,App catalog entries,Tool- / Client- / App-Seite,brauchbar,1436,14,5,4,5,279,310,,Start -> what-is-nostr; People -> people; Apps -> apps/catalog; Relays -> relay-market-directory; NIPs -> nips/complete-index; Privacy -> privacy-security; Wallets -> nip-47-wallet-connect; Media -> music-video-media; Commerce -> content-sale; Governance -> dao-governance; Crays -> nostr-and-crays; Library -> archive-library,,,0,,,Nostur,0,,1,Nostur,30,0,0,P3,gezielte redaktionelle Politur und Quellenabgleich
https://www.crays.org/nostr/apps/catalog/nstart/,apps/catalog/nstart,Nstart.me,Apps,App catalog entries,Tool- / Client- / App-Seite,brauchbar,1447,14,5,4,5,281,310,,Start -> what-is-nostr; People -> people; Apps -> apps/catalog; Relays -> relay-market-directory; NIPs -> nips/complete-index; Privacy -> privacy-security; Wallets -> nip-47-wallet-connect; Media -> music-video-media; Commerce -> content-sale; Governance -> dao-governance; Crays -> nostr-and-crays; Library -> archive-library,,,0,,,Nstart.me,0,,1,Nstart.me,30,0,0,P3,gezielte redaktionelle Politur und Quellenabgleich
https://www.crays.org/nostr/apps/catalog/obsidian-nostr-writer/,apps/catalog/obsidian-nostr-writer,Obsidian Nostr Writer,Apps,App catalog entries,Tool- / Client- / App-Seite,brauchbar,1471,14,5,4,5,282,310,,Start -> what-is-nostr; People -> people; Apps -> apps/catalog; Relays -> relay-market-directory; NIPs -> nips/complete-index; Privacy -> privacy-security; Wallets -> nip-47-wallet-connect; Media -> music-video-media; Commerce -> content-sale; Governance -> dao-governance; Crays -> nostr-and-crays; Library -> archive-library,,,0,,,Obsidian Nostr Writer,0,,1,Obsidian Nostr Writer,30,0,0,P3,gezielte redaktionelle Politur und Quellenabgleich
https://www.crays.org/nostr/apps/catalog/olas/,apps/catalog/olas,Olas,Apps,App catalog entries,Tool- / Client- / App-Seite,brauchbar,1432,14,5,4,5,286,311,,Start -> what-is-nostr; People -> people; Apps -> apps/catalog; Relays -> relay-market-directory; NIPs -> nips/complete-index; Privacy -> privacy-security; Wallets -> nip-47-wallet-connect; Media -> music-video-media; Commerce -> content-sale; Governance -> dao-governance; Crays -> nostr-and-crays; Library -> archive-library,,,0,,,Olas,0,,1,Olas,30,0,0,P3,gezielte redaktionelle Politur und Quellenabgleich
https://www.crays.org/nostr/apps/catalog/oracolo/,apps/catalog/oracolo,Oracolo,Apps,App catalog entries,Tool- / Client- / App-Seite,brauchbar,1437,14,5,4,5,285,310,,Start -> what-is-nostr; People -> people; Apps -> apps/catalog; Relays -> relay-market-directory; NIPs -> nips/complete-index; Privacy -> privacy-security; Wallets -> nip-47-wallet-connect; Media -> music-video-media; Commerce -> content-sale; Governance -> dao-governance; Crays -> nostr-and-crays; Library -> archive-library,,,0,,,Oracolo,0,,1,Oracolo,30,0,0,P3,gezielte redaktionelle Politur und Quellenabgleich
https://www.crays.org/nostr/apps/catalog/peridot/,apps/catalog/peridot,Peridot,Apps,App catalog entries,Tool- / Client- / App-Seite,brauchbar,1416,14,5,4,5,283,310,,Start -> what-is-nostr; People -> people; Apps -> apps/catalog; Relays -> relay-market-directory; NIPs -> nips/complete-index; Privacy -> privacy-security; Wallets -> nip-47-wallet-connect; Media -> music-video-media; Commerce -> content-sale; Governance -> dao-governance; Crays -> nostr-and-crays; Library -> archive-library,,,0,,,Peridot,0,,1,Peridot,30,0,0,P3,gezielte redaktionelle Politur und Quellenabgleich
https://www.crays.org/nostr/apps/catalog/phoenix/,apps/catalog/phoenix,Phoenix,Apps,App catalog entries,Tool- / Client- / App-Seite,brauchbar,1403,14,5,4,5,282,310,,Start -> what-is-nostr; People -> people; Apps -> apps/catalog; Relays -> relay-market-directory; NIPs -> nips/complete-index; Privacy -> privacy-security; Wallets -> nip-47-wallet-connect; Media -> music-video-media; Commerce -> content-sale; Governance -> dao-governance; Crays -> nostr-and-crays; Library -> archive-library,,,0,,,Phoenix,0,,1,Phoenix,30,0,0,P3,gezielte redaktionelle Politur und Quellenabgleich
https://www.crays.org/nostr/apps/catalog/plebeian-market/,apps/catalog/plebeian-market,Plebeian Market,Apps,App catalog entries,Tool- / Client- / App-Seite,brauchbar,1433,14,5,4,5,283,310,,Start -> what-is-nostr; People -> people; Apps -> apps/catalog; Relays -> relay-market-directory; NIPs -> nips/complete-index; Privacy -> privacy-security; Wallets -> nip-47-wallet-connect; Media -> music-video-media; Commerce -> content-sale; Governance -> dao-governance; Crays -> nostr-and-crays; Library -> archive-library,,,0,,,Plebeian Market,0,,1,Plebeian Market,30,0,0,P3,gezielte redaktionelle Politur und Quellenabgleich
https://www.crays.org/nostr/apps/catalog/primal/,apps/catalog/primal,Primal,Apps,App catalog entries,Tool- / Client- / App-Seite,brauchbar,1450,14,5,4,5,280,310,,Start -> what-is-nostr; People -> people; Apps -> apps/catalog; Relays -> relay-market-directory; NIPs -> nips/complete-index; Privacy -> privacy-security; Wallets -> nip-47-wallet-connect; Media -> music-video-media; Commerce -> content-sale; Governance -> dao-governance; Crays -> nostr-and-crays; Library -> archive-library,,,0,,,Primal,0,,1,Primal,30,0,0,P3,gezielte redaktionelle Politur und Quellenabgleich
https://www.crays.org/nostr/apps/catalog/primal-studio/,apps/catalog/primal-studio,Primal Studio,Apps,App catalog entries,Tool- / Client- / App-Seite,brauchbar,1440,14,5,4,5,284,311,,Start -> what-is-nostr; People -> people; Apps -> apps/catalog; Relays -> relay-market-directory; NIPs -> nips/complete-index; Privacy -> privacy-security; Wallets -> nip-47-wallet-connect; Media -> music-video-media; Commerce -> content-sale; Governance -> dao-governance; Crays -> nostr-and-crays; Library -> archive-library,,,0,,,Primal Studio,0,,1,Primal Studio,30,0,0,P3,gezielte redaktionelle Politur und Quellenabgleich
https://www.crays.org/nostr/apps/catalog/primal-web/,apps/catalog/primal-web,Primal Web,Apps,App catalog entries,Tool- / Client- / App-Seite,brauchbar,1443,14,5,4,5,281,310,,Start -> what-is-nostr; People -> people; Apps -> apps/catalog; Relays -> relay-market-directory; NIPs -> nips/complete-index; Privacy -> privacy-security; Wallets -> nip-47-wallet-connect; Media -> music-video-media; Commerce -> content-sale; Governance -> dao-governance; Crays -> nostr-and-crays; Library -> archive-library,,,0,,,Primal Web,0,,1,Primal Web,30,0,0,P3,gezielte redaktionelle Politur und Quellenabgleich
https://www.crays.org/nostr/apps/catalog/pyramid/,apps/catalog/pyramid,Pyramid,Apps,App catalog entries,Tool- / Client- / App-Seite,brauchbar,1425,14,5,4,5,279,312,,Start -> what-is-nostr; People -> people; Apps -> apps/catalog; Relays -> relay-market-directory; NIPs -> nips/complete-index; Privacy -> privacy-security; Wallets -> nip-47-wallet-connect; Media -> music-video-media; Commerce -> content-sale; Governance -> dao-governance; Crays -> nostr-and-crays; Library -> archive-library,,,0,,,Pyramid,0,,1,Pyramid,30,0,0,P3,gezielte redaktionelle Politur und Quellenabgleich
https://www.crays.org/nostr/apps/catalog/relay-tools/,apps/catalog/relay-tools,Relay Tools,Apps,App catalog entries,Tool- / Client- / App-Seite,brauchbar,1444,14,5,4,5,282,311,,Start -> what-is-nostr; People -> people; Apps -> apps/catalog; Relays -> relay-market-directory; NIPs -> nips/complete-index; Privacy -> privacy-security; Wallets -> nip-47-wallet-connect; Media -> music-video-media; Commerce -> content-sale; Governance -> dao-governance; Crays -> nostr-and-crays; Library -> archive-library,,,0,,,Relay Tools,0,,1,Relay Tools,30,0,0,P3,gezielte redaktionelle Politur und Quellenabgleich
https://www.crays.org/nostr/apps/catalog/shakespeare/,apps/catalog/shakespeare,Shakespeare,Apps,App catalog entries,Tool- / Client- / App-Seite,brauchbar,1425,14,5,4,5,281,310,,Start -> what-is-nostr; People -> people; Apps -> apps/catalog; Relays -> relay-market-directory; NIPs -> nips/complete-index; Privacy -> privacy-security; Wallets -> nip-47-wallet-connect; Media -> music-video-media; Commerce -> content-sale; Governance -> dao-governance; Crays -> nostr-and-crays; Library -> archive-library,,,0,,,Shakespeare,0,,1,Shakespeare,30,0,0,P3,gezielte redaktionelle Politur und Quellenabgleich
https://www.crays.org/nostr/apps/catalog/shopstr/,apps/catalog/shopstr,Shopstr,Apps,App catalog entries,Tool- / Client- / App-Seite,brauchbar,1416,14,5,4,5,282,310,,Start -> what-is-nostr; People -> people; Apps -> apps/catalog; Relays -> relay-market-directory; NIPs -> nips/complete-index; Privacy -> privacy-security; Wallets -> nip-47-wallet-connect; Media -> music-video-media; Commerce -> content-sale; Governance -> dao-governance; Crays -> nostr-and-crays; Library -> archive-library,,,0,,,Shopstr,0,,1,Shopstr,30,0,0,P3,gezielte redaktionelle Politur und Quellenabgleich
https://www.crays.org/nostr/apps/catalog/shosho/,apps/catalog/shosho,Shosho,Apps,App catalog entries,Tool- / Client- / App-Seite,brauchbar,1446,14,5,4,5,280,311,,Start -> what-is-nostr; People -> people; Apps -> apps/catalog; Relays -> relay-market-directory; NIPs -> nips/complete-index; Privacy -> privacy-security; Wallets -> nip-47-wallet-connect; Media -> music-video-media; Commerce -> content-sale; Governance -> dao-governance; Crays -> nostr-and-crays; Library -> archive-library,,,0,,,Shosho,0,,1,Shosho,30,0,0,P3,gezielte redaktionelle Politur und Quellenabgleich
https://www.crays.org/nostr/apps/catalog/slidestr/,apps/catalog/slidestr,Slidestr,Apps,App catalog entries,Tool- / Client- / App-Seite,brauchbar,1484,15,5,4,5,281,310,,Start -> what-is-nostr; People -> people; Apps -> apps/catalog; Relays -> relay-market-directory; NIPs -> nips/complete-index; Privacy -> privacy-security; Wallets -> nip-47-wallet-connect; Media -> music-video-media; Commerce -> content-sale; Governance -> dao-governance; Crays -> nostr-and-crays; Library -> archive-library,,,0,,,Slidestr,0,,1,Slidestr,30,0,0,P3,gezielte redaktionelle Politur und Quellenabgleich
https://www.crays.org/nostr/apps/catalog/treasures/,apps/catalog/treasures,Treasures,Apps,App catalog entries,Tool- / Client- / App-Seite,brauchbar,1480,15,5,4,5,279,310,,Start -> what-is-nostr; People -> people; Apps -> apps/catalog; Relays -> relay-market-directory; NIPs -> nips/complete-index; Privacy -> privacy-security; Wallets -> nip-47-wallet-connect; Media -> music-video-media; Commerce -> content-sale; Governance -> dao-governance; Crays -> nostr-and-crays; Library -> archive-library,,,0,,,Treasures,0,,1,Treasures,30,0,0,P3,gezielte redaktionelle Politur und Quellenabgleich
https://www.crays.org/nostr/apps/catalog/wikifreedia/,apps/catalog/wikifreedia,Wikifreedia,Apps,App catalog entries,Tool- / Client- / App-Seite,brauchbar,1427,14,5,4,5,282,310,,Start -> what-is-nostr; People -> people; Apps -> apps/catalog; Relays -> relay-market-directory; NIPs -> nips/complete-index; Privacy -> privacy-security; Wallets -> nip-47-wallet-connect; Media -> music-video-media; Commerce -> content-sale; Governance -> dao-governance; Crays -> nostr-and-crays; Library -> archive-library,,,0,,,Wikifreedia,0,,1,Wikifreedia,30,0,0,P3,gezielte redaktionelle Politur und Quellenabgleich
https://www.crays.org/nostr/apps/catalog/wikistr/,apps/catalog/wikistr,Wikistr,Apps,App catalog entries,Tool- / Client- / App-Seite,brauchbar,1420,14,5,4,5,282,310,,Start -> what-is-nostr; People -> people; Apps -> apps/catalog; Relays -> relay-market-directory; NIPs -> nips/complete-index; Privacy -> privacy-security; Wallets -> nip-47-wallet-connect; Media -> music-video-media; Commerce -> content-sale; Governance -> dao-governance; Crays -> nostr-and-crays; Library -> archive-library,,,0,,,Wikistr,0,,1,Wikistr,30,0,0,P3,gezielte redaktionelle Politur und Quellenabgleich
https://www.crays.org/nostr/apps/catalog/yakbak/,apps/catalog/yakbak,YakBak,Apps,App catalog entries,Tool- / Client- / App-Seite,brauchbar,1402,14,5,4,5,282,310,,Start -> what-is-nostr; People -> people; Apps -> apps/catalog; Relays -> relay-market-directory; NIPs -> nips/complete-index; Privacy -> privacy-security; Wallets -> nip-47-wallet-connect; Media -> music-video-media; Commerce -> content-sale; Governance -> dao-governance; Crays -> nostr-and-crays; Library -> archive-library,,,0,,,YakBak,0,,1,YakBak,30,0,0,P3,gezielte redaktionelle Politur und Quellenabgleich
https://www.crays.org/nostr/apps/catalog/yakihonne/,apps/catalog/yakihonne,YakiHonne,Apps,App catalog entries,Tool- / Client- / App-Seite,brauchbar,1506,14,5,4,5,280,310,,Start -> what-is-nostr; People -> people; Apps -> apps/catalog; Relays -> relay-market-directory; NIPs -> nips/complete-index; Privacy -> privacy-security; Wallets -> nip-47-wallet-connect; Media -> music-video-media; Commerce -> content-sale; Governance -> dao-governance; Crays -> nostr-and-crays; Library -> archive-library,,,0,,,YakiHonne,0,,1,YakiHonne,30,0,0,P3,gezielte redaktionelle Politur und Quellenabgleich
https://www.crays.org/nostr/apps/catalog/yondar/,apps/catalog/yondar,Yondar,Apps,App catalog entries,Tool- / Client- / App-Seite,brauchbar,1401,14,5,4,5,281,310,,Start -> what-is-nostr; People -> people; Apps -> apps/catalog; Relays -> relay-market-directory; NIPs -> nips/complete-index; Privacy -> privacy-security; Wallets -> nip-47-wallet-connect; Media -> music-video-media; Commerce -> content-sale; Governance -> dao-governance; Crays -> nostr-and-crays; Library -> archive-library,,,0,,,Yondar,0,,1,Yondar,30,0,0,P3,gezielte redaktionelle Politur und Quellenabgleich
https://www.crays.org/nostr/apps/category-audio/,apps/category-audio,Nostr Apps: Audio,Apps,App categories,Tool- / Client- / App-Seite,brauchbar,1458,14,5,4,5,294,311,,Start -> what-is-nostr; People -> people; Apps -> apps/catalog; Relays -> relay-market-directory; NIPs -> nips/complete-index; Privacy -> privacy-security; Wallets -> nip-47-wallet-connect; Media -> music-video-media; Commerce -> content-sale; Governance -> dao-governance; Crays -> nostr-and-crays; Library -> archive-library,,,0,,,Nostr Apps: Audio,0,,1,Nostr Apps: Audio,33,0,0,P3,gezielte redaktionelle Politur und Quellenabgleich
https://www.crays.org/nostr/apps/category-community/,apps/category-community,Nostr Apps: Community,Apps,App categories,Tool- / Client- / App-Seite,brauchbar,1505,14,5,4,5,489,313,,Start -> what-is-nostr; People -> people; Apps -> apps/catalog; Relays -> relay-market-directory; NIPs -> nips/complete-index; Privacy -> privacy-security; Wallets -> nip-47-wallet-connect; Media -> music-video-media; Commerce -> content-sale; Governance -> dao-governance; Crays -> nostr-and-crays; Library -> archive-library,,,0,,,Nostr Apps: Community,0,,1,Nostr Apps: Community,37,0,0,P3,gezielte redaktionelle Politur und Quellenabgleich
https://www.crays.org/nostr/apps/category-crazy/,apps/category-crazy,Nostr Apps: Experiments,Apps,App categories,Tool- / Client- / App-Seite,brauchbar,1450,14,5,4,5,278,311,,Start -> what-is-nostr; People -> people; Apps -> apps/catalog; Relays -> relay-market-directory; NIPs -> nips/complete-index; Privacy -> privacy-security; Wallets -> nip-47-wallet-connect; Media -> music-video-media; Commerce -> content-sale; Governance -> dao-governance; Crays -> nostr-and-crays; Library -> archive-library,,,0,,,Nostr Apps: Experiments,0,,1,Nostr Apps: Experiments,31,0,0,P3,gezielte redaktionelle Politur und Quellenabgleich
https://www.crays.org/nostr/apps/category-curation/,apps/category-curation,Nostr Apps: Curation,Apps,App categories,Tool- / Client- / App-Seite,brauchbar,1519,14,5,4,5,297,314,,Start -> what-is-nostr; People -> people; Apps -> apps/catalog; Relays -> relay-market-directory; NIPs -> nips/complete-index; Privacy -> privacy-security; Wallets -> nip-47-wallet-connect; Media -> music-video-media; Commerce -> content-sale; Governance -> dao-governance; Crays -> nostr-and-crays; Library -> archive-library,,,0,,,Nostr Apps: Curation,0,,1,Nostr Apps: Curation,36,0,0,P3,gezielte redaktionelle Politur und Quellenabgleich
https://www.crays.org/nostr/apps/category-direct-message/,apps/category-direct-message,Nostr Apps: Direct message,Apps,App categories,Tool- / Client- / App-Seite,brauchbar,1545,14,5,4,5,278,311,,Start -> what-is-nostr; People -> people; Apps -> apps/catalog; Relays -> relay-market-directory; NIPs -> nips/complete-index; Privacy -> privacy-security; Wallets -> nip-47-wallet-connect; Media -> music-video-media; Commerce -> content-sale; Governance -> dao-governance; Crays -> nostr-and-crays; Library -> archive-library,,,0,,,Nostr Apps: Direct message,0,,1,Nostr Apps: Direct message,37,0,0,P3,gezielte redaktionelle Politur und Quellenabgleich
https://www.crays.org/nostr/apps/category-discovery/,apps/category-discovery,Nostr Apps: Discovery,Apps,App categories,Tool- / Client- / App-Seite,brauchbar,1526,14,5,4,5,1186,311,,Start -> what-is-nostr; People -> people; Apps -> apps/catalog; Relays -> relay-market-directory; NIPs -> nips/complete-index; Privacy -> privacy-security; Wallets -> nip-47-wallet-connect; Media -> music-video-media; Commerce -> content-sale; Governance -> dao-governance; Crays -> nostr-and-crays; Library -> archive-library,,,0,,,Nostr Apps: Discovery,0,,1,Nostr Apps: Discovery,37,0,0,P3,gezielte redaktionelle Politur und Quellenabgleich
https://www.crays.org/nostr/apps/category-file-sharing/,apps/category-file-sharing,Nostr Apps: File sharing,Apps,App categories,Tool- / Client- / App-Seite,brauchbar,1490,14,5,4,5,278,311,,Start -> what-is-nostr; People -> people; Apps -> apps/catalog; Relays -> relay-market-directory; NIPs -> nips/complete-index; Privacy -> privacy-security; Wallets -> nip-47-wallet-connect; Media -> music-video-media; Commerce -> content-sale; Governance -> dao-governance; Crays -> nostr-and-crays; Library -> archive-library,,,0,,,Nostr Apps: File sharing,0,,1,Nostr Apps: File sharing,33,0,0,P3,gezielte redaktionelle Politur und Quellenabgleich
https://www.crays.org/nostr/apps/category-group-chat/,apps/category-group-chat,Nostr Apps: Group chat,Apps,App categories,Tool- / Client- / App-Seite,brauchbar,1501,14,5,4,5,278,312,,Start -> what-is-nostr; People -> people; Apps -> apps/catalog; Relays -> relay-market-directory; NIPs -> nips/complete-index; Privacy -> privacy-security; Wallets -> nip-47-wallet-connect; Media -> music-video-media; Commerce -> content-sale; Governance -> dao-governance; Crays -> nostr-and-crays; Library -> archive-library,,,0,,,Nostr Apps: Group chat,0,,1,Nostr Apps: Group chat,34,0,0,P3,gezielte redaktionelle Politur und Quellenabgleich
https://www.crays.org/nostr/apps/category-meatspace/,apps/category-meatspace,Nostr Apps: Meatspace,Apps,App categories,Tool- / Client- / App-Seite,brauchbar,1450,14,5,4,5,283,311,,Start -> what-is-nostr; People -> people; Apps -> apps/catalog; Relays -> relay-market-directory; NIPs -> nips/complete-index; Privacy -> privacy-security; Wallets -> nip-47-wallet-connect; Media -> music-video-media; Commerce -> content-sale; Governance -> dao-governance; Crays -> nostr-and-crays; Library -> archive-library,,,0,,,Nostr Apps: Meatspace,0,,1,Nostr Apps: Meatspace,32,0,0,P3,gezielte redaktionelle Politur und Quellenabgleich
https://www.crays.org/nostr/apps/category-onboarding/,apps/category-onboarding,Nostr Apps: Onboarding,Apps,App categories,Tool- / Client- / App-Seite,brauchbar,1447,14,5,4,5,458,312,,Start -> what-is-nostr; People -> people; Apps -> apps/catalog; Relays -> relay-market-directory; NIPs -> nips/complete-index; Privacy -> privacy-security; Wallets -> nip-47-wallet-connect; Media -> music-video-media; Commerce -> content-sale; Governance -> dao-governance; Crays -> nostr-and-crays; Library -> archive-library,,,0,,,Nostr Apps: Onboarding,0,,1,Nostr Apps: Onboarding,31,0,0,P3,gezielte redaktionelle Politur und Quellenabgleich
https://www.crays.org/nostr/apps/category-signers/,apps/category-signers,Nostr Apps: Signers,Apps,App categories,Tool- / Client- / App-Seite,brauchbar,1505,14,5,4,5,278,311,,Start -> what-is-nostr; People -> people; Apps -> apps/catalog; Relays -> relay-market-directory; NIPs -> nips/complete-index; Privacy -> privacy-security; Wallets -> nip-47-wallet-connect; Media -> music-video-media; Commerce -> content-sale; Governance -> dao-governance; Crays -> nostr-and-crays; Library -> archive-library,,,0,,,Nostr Apps: Signers,0,,1,Nostr Apps: Signers,37,0,0,P3,gezielte redaktionelle Politur und Quellenabgleich
https://www.crays.org/nostr/apps/category-tools/,apps/category-tools,Nostr Apps: Tools,Apps,App categories,Tool- / Client- / App-Seite,brauchbar,1566,14,5,4,5,460,313,,Start -> what-is-nostr; People -> people; Apps -> apps/catalog; Relays -> relay-market-directory; NIPs -> nips/complete-index; Privacy -> privacy-security; Wallets -> nip-47-wallet-connect; Media -> music-video-media; Commerce -> content-sale; Governance -> dao-governance; Crays -> nostr-and-crays; Library -> archive-library,,,0,,,Nostr Apps: Tools,0,,1,Nostr Apps: Tools,44,0,0,P3,gezielte redaktionelle Politur und Quellenabgleich
https://www.crays.org/nostr/apps/category-uncategorized/,apps/category-uncategorized,Nostr Apps: Uncategorized,Apps,App categories,Tool- / Client- / App-Seite,brauchbar,1464,14,5,4,5,278,311,,Start -> what-is-nostr; People -> people; Apps -> apps/catalog; Relays -> relay-market-directory; NIPs -> nips/complete-index; Privacy -> privacy-security; Wallets -> nip-47-wallet-connect; Media -> music-video-media; Commerce -> content-sale; Governance -> dao-governance; Crays -> nostr-and-crays; Library -> archive-library,,,0,,,Nostr Apps: Uncategorized,0,,1,Nostr Apps: Uncategorized,32,0,0,P3,gezielte redaktionelle Politur und Quellenabgleich
https://www.crays.org/nostr/apps/coracle/,apps/coracle,Coracle,Apps,App profiles,Tool- / Client- / App-Seite,brauchbar,1444,15,5,4,5,287,311,,Start -> what-is-nostr; People -> people; Apps -> apps/catalog; Relays -> relay-market-directory; NIPs -> nips/complete-index; Privacy -> privacy-security; Wallets -> nip-47-wallet-connect; Media -> music-video-media; Commerce -> content-sale; Governance -> dao-governance; Crays -> nostr-and-crays; Library -> archive-library,,,0,,,Coracle,0,,1,Coracle,30,0,0,P3,gezielte redaktionelle Politur und Quellenabgleich
https://www.crays.org/nostr/apps/crays/,apps/crays,Crays,Apps,App profiles,Tool- / Client- / App-Seite,brauchbar,1460,15,5,4,5,290,310,,Start -> what-is-nostr; People -> people; Apps -> apps/catalog; Relays -> relay-market-directory; NIPs -> nips/complete-index; Privacy -> privacy-security; Wallets -> nip-47-wallet-connect; Media -> music-video-media; Commerce -> content-sale; Governance -> dao-governance; Crays -> nostr-and-crays; Library -> archive-library,,,0,,,Crays,0,,1,Crays,30,0,0,P3,gezielte redaktionelle Politur und Quellenabgleich
https://www.crays.org/nostr/apps/damus/,apps/damus,Damus,Apps,App profiles,Tool- / Client- / App-Seite,brauchbar,1447,15,5,4,5,280,310,,Start -> what-is-nostr; People -> people; Apps -> apps/catalog; Relays -> relay-market-directory; NIPs -> nips/complete-index; Privacy -> privacy-security; Wallets -> nip-47-wallet-connect; Media -> music-video-media; Commerce -> content-sale; Governance -> dao-governance; Crays -> nostr-and-crays; Library -> archive-library,,,0,,,Damus,0,,1,Damus,30,0,0,P3,gezielte redaktionelle Politur und Quellenabgleich
https://www.crays.org/nostr/apps/developer-stack-research/,apps/developer-stack-research,Developer stack research,Apps,App profiles,Tool- / Client- / App-Seite,brauchbar,1561,6,5,4,5,942,317,,Start -> what-is-nostr; People -> people; Apps -> apps/catalog; Relays -> relay-market-directory; NIPs -> nips/complete-index; Privacy -> privacy-security; Wallets -> nip-47-wallet-connect; Media -> music-video-media; Commerce -> content-sale; Governance -> dao-governance; Crays -> nostr-and-crays; Library -> archive-library,,,0,,,Developer stack research,0,,1,Developer stack research,28,0,0,P3,gezielte redaktionelle Politur und Quellenabgleich
https://www.crays.org/nostr/apps/developer-stack/alby-hub/,apps/developer-stack/alby-hub,Alby Hub,Apps,App profiles,Tool- / Client- / App-Seite,brauchbar,1401,12,5,4,5,278,312,,Start -> what-is-nostr; People -> people; Apps -> apps/catalog; Relays -> relay-market-directory; NIPs -> nips/complete-index; Privacy -> privacy-security; Wallets -> nip-47-wallet-connect; Media -> music-video-media; Commerce -> content-sale; Governance -> dao-governance; Crays -> nostr-and-crays; Library -> archive-library,,,0,,,Alby Hub,0,,1,Alby Hub,29,0,0,P3,gezielte redaktionelle Politur und Quellenabgleich
https://www.crays.org/nostr/apps/developer-stack/alby-sdk/,apps/developer-stack/alby-sdk,Alby SDK,Apps,App profiles,Tool- / Client- / App-Seite,brauchbar,1401,12,5,4,5,278,312,,Start -> what-is-nostr; People -> people; Apps -> apps/catalog; Relays -> relay-market-directory; NIPs -> nips/complete-index; Privacy -> privacy-security; Wallets -> nip-47-wallet-connect; Media -> music-video-media; Commerce -> content-sale; Governance -> dao-governance; Crays -> nostr-and-crays; Library -> archive-library,,,0,,,Alby SDK,0,,1,Alby SDK,29,0,0,P3,gezielte redaktionelle Politur und Quellenabgleich
https://www.crays.org/nostr/apps/developer-stack/blossom/,apps/developer-stack/blossom,Blossom,Apps,App profiles,Tool- / Client- / App-Seite,brauchbar,1373,12,4,4,5,279,312,,Start -> what-is-nostr; People -> people; Apps -> apps/catalog; Relays -> relay-market-directory; NIPs -> nips/complete-index; Privacy -> privacy-security; Wallets -> nip-47-wallet-connect; Media -> music-video-media; Commerce -> content-sale; Governance -> dao-governance; Crays -> nostr-and-crays; Library -> archive-library,,,0,,,Blossom,0,,1,Blossom,29,0,0,P3,gezielte redaktionelle Politur und Quellenabgleich
https://www.crays.org/nostr/apps/developer-stack/blossom-spec-nip-b7/,apps/developer-stack/blossom-spec-nip-b7,Blossom spec NIP-B7,Apps,App profiles,Tool- / Client- / App-Seite,brauchbar,1454,12,5,4,5,279,312,,Start -> what-is-nostr; People -> people; Apps -> apps/catalog; Relays -> relay-market-directory; NIPs -> nips/complete-index; Privacy -> privacy-security; Wallets -> nip-47-wallet-connect; Media -> music-video-media; Commerce -> content-sale; Governance -> dao-governance; Crays -> nostr-and-crays; Library -> archive-library,,,0,,,Blossom spec NIP-B7,0,,1,Blossom spec NIP-B7,29,0,0,P3,gezielte redaktionelle Politur und Quellenabgleich
https://www.crays.org/nostr/apps/developer-stack/go-nostr/,apps/developer-stack/go-nostr,go-nostr,Apps,App profiles,Tool- / Client- / App-Seite,brauchbar,1366,12,4,4,5,278,312,,Start -> what-is-nostr; People -> people; Apps -> apps/catalog; Relays -> relay-market-directory; NIPs -> nips/complete-index; Privacy -> privacy-security; Wallets -> nip-47-wallet-connect; Media -> music-video-media; Commerce -> content-sale; Governance -> dao-governance; Crays -> nostr-and-crays; Library -> archive-library,,,0,,,go-nostr,0,,1,go-nostr,29,0,0,P3,gezielte redaktionelle Politur und Quellenabgleich
https://www.crays.org/nostr/apps/developer-stack/hello-nostr-resources/,apps/developer-stack/hello-nostr-resources,Hello Nostr — Resources,Apps,App profiles,Tool- / Client- / App-Seite,brauchbar,1429,12,5,4,5,278,312,,Start -> what-is-nostr; People -> people; Apps -> apps/catalog; Relays -> relay-market-directory; NIPs -> nips/complete-index; Privacy -> privacy-security; Wallets -> nip-47-wallet-connect; Media -> music-video-media; Commerce -> content-sale; Governance -> dao-governance; Crays -> nostr-and-crays; Library -> archive-library,,,0,,,Hello Nostr — Resources,0,,1,Hello Nostr — Resources,29,0,0,P3,gezielte redaktionelle Politur und Quellenabgleich
https://www.crays.org/nostr/apps/developer-stack/homebrew-nostr/,apps/developer-stack/homebrew-nostr,homebrew-nostr,Apps,App profiles,Tool- / Client- / App-Seite,brauchbar,1443,12,5,4,5,278,312,,Start -> what-is-nostr; People -> people; Apps -> apps/catalog; Relays -> relay-market-directory; NIPs -> nips/complete-index; Privacy -> privacy-security; Wallets -> nip-47-wallet-connect; Media -> music-video-media; Commerce -> content-sale; Governance -> dao-governance; Crays -> nostr-and-crays; Library -> archive-library,,,0,,,homebrew-nostr,0,,1,homebrew-nostr,29,0,0,P3,gezielte redaktionelle Politur und Quellenabgleich
https://www.crays.org/nostr/apps/developer-stack/hornet-storage/,apps/developer-stack/hornet-storage,HORNET Storage,Apps,App profiles,Tool- / Client- / App-Seite,brauchbar,1472,12,5,4,5,278,312,,Start -> what-is-nostr; People -> people; Apps -> apps/catalog; Relays -> relay-market-directory; NIPs -> nips/complete-index; Privacy -> privacy-security; Wallets -> nip-47-wallet-connect; Media -> music-video-media; Commerce -> content-sale; Governance -> dao-governance; Crays -> nostr-and-crays; Library -> archive-library,,,0,,,HORNET Storage,0,,1,HORNET Storage,29,0,0,P3,gezielte redaktionelle Politur und Quellenabgleich
https://www.crays.org/nostr/apps/developer-stack/hugo2nostr/,apps/developer-stack/hugo2nostr,Hugo2Nostr,Apps,App profiles,Tool- / Client- / App-Seite,brauchbar,1443,12,5,4,5,278,312,,Start -> what-is-nostr; People -> people; Apps -> apps/catalog; Relays -> relay-market-directory; NIPs -> nips/complete-index; Privacy -> privacy-security; Wallets -> nip-47-wallet-connect; Media -> music-video-media; Commerce -> content-sale; Governance -> dao-governance; Crays -> nostr-and-crays; Library -> archive-library,,,0,,,Hugo2Nostr,0,,1,Hugo2Nostr,29,0,0,P3,gezielte redaktionelle Politur und Quellenabgleich
https://www.crays.org/nostr/apps/developer-stack/hypernote/,apps/developer-stack/hypernote,HyperNote,Apps,App profiles,Tool- / Client- / App-Seite,brauchbar,1443,12,5,4,5,278,312,,Start -> what-is-nostr; People -> people; Apps -> apps/catalog; Relays -> relay-market-directory; NIPs -> nips/complete-index; Privacy -> privacy-security; Wallets -> nip-47-wallet-connect; Media -> music-video-media; Commerce -> content-sale; Governance -> dao-governance; Crays -> nostr-and-crays; Library -> archive-library,,,0,,,HyperNote,0,,1,HyperNote,29,0,0,P3,gezielte redaktionelle Politur und Quellenabgleich
https://www.crays.org/nostr/apps/developer-stack/kanbanstr/,apps/developer-stack/kanbanstr,kanbanstr,Apps,App profiles,Tool- / Client- / App-Seite,brauchbar,1443,12,5,4,5,278,312,,Start -> what-is-nostr; People -> people; Apps -> apps/catalog; Relays -> relay-market-directory; NIPs -> nips/complete-index; Privacy -> privacy-security; Wallets -> nip-47-wallet-connect; Media -> music-video-media; Commerce -> content-sale; Governance -> dao-governance; Crays -> nostr-and-crays; Library -> archive-library,,,0,,,kanbanstr,0,,1,kanbanstr,29,0,0,P3,gezielte redaktionelle Politur und Quellenabgleich
https://www.crays.org/nostr/apps/developer-stack/marmot-protocol/,apps/developer-stack/marmot-protocol,Marmot Protocol,Apps,App profiles,Tool- / Client- / App-Seite,brauchbar,1407,12,5,4,5,278,312,,Start -> what-is-nostr; People -> people; Apps -> apps/catalog; Relays -> relay-market-directory; NIPs -> nips/complete-index; Privacy -> privacy-security; Wallets -> nip-47-wallet-connect; Media -> music-video-media; Commerce -> content-sale; Governance -> dao-governance; Crays -> nostr-and-crays; Library -> archive-library,,,0,,,Marmot Protocol,0,,1,Marmot Protocol,29,0,0,P3,gezielte redaktionelle Politur und Quellenabgleich
https://www.crays.org/nostr/apps/developer-stack/matrix-nostr-bridge/,apps/developer-stack/matrix-nostr-bridge,matrix-nostr-bridge,Apps,App profiles,Tool- / Client- / App-Seite,brauchbar,1443,12,5,4,5,278,312,,Start -> what-is-nostr; People -> people; Apps -> apps/catalog; Relays -> relay-market-directory; NIPs -> nips/complete-index; Privacy -> privacy-security; Wallets -> nip-47-wallet-connect; Media -> music-video-media; Commerce -> content-sale; Governance -> dao-governance; Crays -> nostr-and-crays; Library -> archive-library,,,0,,,matrix-nostr-bridge,0,,1,matrix-nostr-bridge,29,0,0,P3,gezielte redaktionelle Politur und Quellenabgleich
https://www.crays.org/nostr/apps/developer-stack/monstr/,apps/developer-stack/monstr,monstr,Apps,App profiles,Tool- / Client- / App-Seite,brauchbar,1368,12,4,4,5,278,312,,Start -> what-is-nostr; People -> people; Apps -> apps/catalog; Relays -> relay-market-directory; NIPs -> nips/complete-index; Privacy -> privacy-security; Wallets -> nip-47-wallet-connect; Media -> music-video-media; Commerce -> content-sale; Governance -> dao-governance; Crays -> nostr-and-crays; Library -> archive-library,,,0,,,monstr,0,,1,monstr,29,0,0,P3,gezielte redaktionelle Politur und Quellenabgleich
https://www.crays.org/nostr/apps/developer-stack/nak/,apps/developer-stack/nak,nak,Apps,App profiles,Tool- / Client- / App-Seite,brauchbar,1366,12,4,4,5,278,312,,Start -> what-is-nostr; People -> people; Apps -> apps/catalog; Relays -> relay-market-directory; NIPs -> nips/complete-index; Privacy -> privacy-security; Wallets -> nip-47-wallet-connect; Media -> music-video-media; Commerce -> content-sale; Governance -> dao-governance; Crays -> nostr-and-crays; Library -> archive-library,,,0,,,nak,0,,1,nak,29,0,0,P3,gezielte redaktionelle Politur und Quellenabgleich
https://www.crays.org/nostr/apps/developer-stack/nak-nostr-army-knife/,apps/developer-stack/nak-nostr-army-knife,nak — Nostr Army Knife,Apps,App profiles,Tool- / Client- / App-Seite,brauchbar,1459,12,5,4,5,278,312,,Start -> what-is-nostr; People -> people; Apps -> apps/catalog; Relays -> relay-market-directory; NIPs -> nips/complete-index; Privacy -> privacy-security; Wallets -> nip-47-wallet-connect; Media -> music-video-media; Commerce -> content-sale; Governance -> dao-governance; Crays -> nostr-and-crays; Library -> archive-library,,,0,,,nak — Nostr Army Knife,0,,1,nak — Nostr Army Knife,29,0,0,P3,gezielte redaktionelle Politur und Quellenabgleich
https://www.crays.org/nostr/apps/developer-stack/nashboard/,apps/developer-stack/nashboard,nashboard,Apps,App profiles,Tool- / Client- / App-Seite,brauchbar,1370,12,4,4,5,278,312,,Start -> what-is-nostr; People -> people; Apps -> apps/catalog; Relays -> relay-market-directory; NIPs -> nips/complete-index; Privacy -> privacy-security; Wallets -> nip-47-wallet-connect; Media -> music-video-media; Commerce -> content-sale; Governance -> dao-governance; Crays -> nostr-and-crays; Library -> archive-library,,,0,,,nashboard,0,,1,nashboard,29,0,0,P3,gezielte redaktionelle Politur und Quellenabgleich
https://www.crays.org/nostr/apps/developer-stack/ndk/,apps/developer-stack/ndk,NDK,Apps,App profiles,Tool- / Client- / App-Seite,brauchbar,1391,12,4,4,5,278,312,,Start -> what-is-nostr; People -> people; Apps -> apps/catalog; Relays -> relay-market-directory; NIPs -> nips/complete-index; Privacy -> privacy-security; Wallets -> nip-47-wallet-connect; Media -> music-video-media; Commerce -> content-sale; Governance -> dao-governance; Crays -> nostr-and-crays; Library -> archive-library,,,0,,,NDK,0,,1,NDK,29,0,0,P3,gezielte redaktionelle Politur und Quellenabgleich
https://www.crays.org/nostr/apps/developer-stack/negentropy/,apps/developer-stack/negentropy,Negentropy,Apps,App profiles,Tool- / Client- / App-Seite,brauchbar,1373,12,4,4,5,278,312,,Start -> what-is-nostr; People -> people; Apps -> apps/catalog; Relays -> relay-market-directory; NIPs -> nips/complete-index; Privacy -> privacy-security; Wallets -> nip-47-wallet-connect; Media -> music-video-media; Commerce -> content-sale; Governance -> dao-governance; Crays -> nostr-and-crays; Library -> archive-library,,,0,,,Negentropy,0,,1,Negentropy,29,0,0,P3,gezielte redaktionelle Politur und Quellenabgleich
https://www.crays.org/nostr/apps/developer-stack/ngit/,apps/developer-stack/ngit,ngit,Apps,App profiles,Tool- / Client- / App-Seite,brauchbar,1443,12,5,4,5,278,312,,Start -> what-is-nostr; People -> people; Apps -> apps/catalog; Relays -> relay-market-directory; NIPs -> nips/complete-index; Privacy -> privacy-security; Wallets -> nip-47-wallet-connect; Media -> music-video-media; Commerce -> content-sale; Governance -> dao-governance; Crays -> nostr-and-crays; Library -> archive-library,,,0,,,ngit,0,,1,ngit,29,0,0,P3,gezielte redaktionelle Politur und Quellenabgleich
https://www.crays.org/nostr/apps/developer-stack/nosbin/,apps/developer-stack/nosbin,nosbin,Apps,App profiles,Tool- / Client- / App-Seite,brauchbar,1370,12,4,4,5,278,312,,Start -> what-is-nostr; People -> people; Apps -> apps/catalog; Relays -> relay-market-directory; NIPs -> nips/complete-index; Privacy -> privacy-security; Wallets -> nip-47-wallet-connect; Media -> music-video-media; Commerce -> content-sale; Governance -> dao-governance; Crays -> nostr-and-crays; Library -> archive-library,,,0,,,nosbin,0,,1,nosbin,29,0,0,P3,gezielte redaktionelle Politur und Quellenabgleich
https://www.crays.org/nostr/apps/developer-stack/noscl/,apps/developer-stack/noscl,noscl,Apps,App profiles,Tool- / Client- / App-Seite,brauchbar,1367,12,4,4,5,278,312,,Start -> what-is-nostr; People -> people; Apps -> apps/catalog; Relays -> relay-market-directory; NIPs -> nips/complete-index; Privacy -> privacy-security; Wallets -> nip-47-wallet-connect; Media -> music-video-media; Commerce -> content-sale; Governance -> dao-governance; Crays -> nostr-and-crays; Library -> archive-library,,,0,,,noscl,0,,1,noscl,29,0,0,P3,gezielte redaktionelle Politur und Quellenabgleich
https://www.crays.org/nostr/apps/developer-stack/nostr-app-manager/,apps/developer-stack/nostr-app-manager,Nostr App Manager,Apps,App profiles,Tool- / Client- / App-Seite,brauchbar,1433,12,5,4,5,278,312,,Start -> what-is-nostr; People -> people; Apps -> apps/catalog; Relays -> relay-market-directory; NIPs -> nips/complete-index; Privacy -> privacy-security; Wallets -> nip-47-wallet-connect; Media -> music-video-media; Commerce -> content-sale; Governance -> dao-governance; Crays -> nostr-and-crays; Library -> archive-library,,,0,,,Nostr App Manager,0,,1,Nostr App Manager,29,0,0,P3,gezielte redaktionelle Politur und Quellenabgleich
https://www.crays.org/nostr/apps/developer-stack/nostr-build/,apps/developer-stack/nostr-build,nostr.build,Apps,App profiles,Tool- / Client- / App-Seite,brauchbar,1401,12,5,4,5,278,312,,Start -> what-is-nostr; People -> people; Apps -> apps/catalog; Relays -> relay-market-directory; NIPs -> nips/complete-index; Privacy -> privacy-security; Wallets -> nip-47-wallet-connect; Media -> music-video-media; Commerce -> content-sale; Governance -> dao-governance; Crays -> nostr-and-crays; Library -> archive-library,,,0,,,nostr.build,0,,1,nostr.build,29,0,0,P3,gezielte redaktionelle Politur und Quellenabgleich
https://www.crays.org/nostr/apps/developer-stack/nostr-clients-feature-list/,apps/developer-stack/nostr-clients-feature-list,Nostr clients feature list,Apps,App profiles,Tool- / Client- / App-Seite,brauchbar,1474,12,5,4,5,278,312,,Start -> what-is-nostr; People -> people; Apps -> apps/catalog; Relays -> relay-market-directory; NIPs -> nips/complete-index; Privacy -> privacy-security; Wallets -> nip-47-wallet-connect; Media -> music-video-media; Commerce -> content-sale; Governance -> dao-governance; Crays -> nostr-and-crays; Library -> archive-library,,,0,,,Nostr clients feature list,0,,1,Nostr clients feature list,29,0,0,P3,gezielte redaktionelle Politur und Quellenabgleich
https://www.crays.org/nostr/apps/developer-stack/nostr-developer-guide/,apps/developer-stack/nostr-developer-guide,Nostr Developer Guide,Apps,App profiles,Tool- / Client- / App-Seite,brauchbar,1433,12,5,4,5,278,312,,Start -> what-is-nostr; People -> people; Apps -> apps/catalog; Relays -> relay-market-directory; NIPs -> nips/complete-index; Privacy -> privacy-security; Wallets -> nip-47-wallet-connect; Media -> music-video-media; Commerce -> content-sale; Governance -> dao-governance; Crays -> nostr-and-crays; Library -> archive-library,,,0,,,Nostr Developer Guide,0,,1,Nostr Developer Guide,29,0,0,P3,gezielte redaktionelle Politur und Quellenabgleich
https://www.crays.org/nostr/apps/developer-stack/nostr-events-monitor/,apps/developer-stack/nostr-events-monitor,Nostr Events Monitor,Apps,App profiles,Tool- / Client- / App-Seite,brauchbar,1501,12,5,4,5,278,312,,Start -> what-is-nostr; People -> people; Apps -> apps/catalog; Relays -> relay-market-directory; NIPs -> nips/complete-index; Privacy -> privacy-security; Wallets -> nip-47-wallet-connect; Media -> music-video-media; Commerce -> content-sale; Governance -> dao-governance; Crays -> nostr-and-crays; Library -> archive-library,,,0,,,Nostr Events Monitor,0,,1,Nostr Events Monitor,29,0,0,P3,gezielte redaktionelle Politur und Quellenabgleich
https://www.crays.org/nostr/apps/developer-stack/nostr-hs/,apps/developer-stack/nostr-hs,nostr.hs,Apps,App profiles,Tool- / Client- / App-Seite,brauchbar,1472,12,5,4,5,278,312,,Start -> what-is-nostr; People -> people; Apps -> apps/catalog; Relays -> relay-market-directory; NIPs -> nips/complete-index; Privacy -> privacy-security; Wallets -> nip-47-wallet-connect; Media -> music-video-media; Commerce -> content-sale; Governance -> dao-governance; Crays -> nostr-and-crays; Library -> archive-library,,,0,,,nostr.hs,0,,1,nostr.hs,29,0,0,P3,gezielte redaktionelle Politur und Quellenabgleich
https://www.crays.org/nostr/apps/developer-stack/nostr-mcp-server/,apps/developer-stack/nostr-mcp-server,Nostr MCP Server,Apps,App profiles,Tool- / Client- / App-Seite,brauchbar,1501,12,5,4,5,278,312,,Start -> what-is-nostr; People -> people; Apps -> apps/catalog; Relays -> relay-market-directory; NIPs -> nips/complete-index; Privacy -> privacy-security; Wallets -> nip-47-wallet-connect; Media -> music-video-media; Commerce -> content-sale; Governance -> dao-governance; Crays -> nostr-and-crays; Library -> archive-library,,,0,,,Nostr MCP Server,0,,1,Nostr MCP Server,29,0,0,P3,gezielte redaktionelle Politur und Quellenabgleich
https://www.crays.org/nostr/apps/developer-stack/nostr-playground/,apps/developer-stack/nostr-playground,Nostr Playground,Apps,App profiles,Tool- / Client- / App-Seite,brauchbar,1395,12,4,4,5,278,312,,Start -> what-is-nostr; People -> people; Apps -> apps/catalog; Relays -> relay-market-directory; NIPs -> nips/complete-index; Privacy -> privacy-security; Wallets -> nip-47-wallet-connect; Media -> music-video-media; Commerce -> content-sale; Governance -> dao-governance; Crays -> nostr-and-crays; Library -> archive-library,,,0,,,Nostr Playground,0,,1,Nostr Playground,29,0,0,P3,gezielte redaktionelle Politur und Quellenabgleich
https://www.crays.org/nostr/apps/developer-stack/nostr-post-checker/,apps/developer-stack/nostr-post-checker,nostr-post-checker,Apps,App profiles,Tool- / Client- / App-Seite,brauchbar,1365,12,4,4,5,278,312,,Start -> what-is-nostr; People -> people; Apps -> apps/catalog; Relays -> relay-market-directory; NIPs -> nips/complete-index; Privacy -> privacy-security; Wallets -> nip-47-wallet-connect; Media -> music-video-media; Commerce -> content-sale; Governance -> dao-governance; Crays -> nostr-and-crays; Library -> archive-library,,,0,,,nostr-post-checker,0,,1,nostr-post-checker,29,0,0,P3,gezielte redaktionelle Politur und Quellenabgleich
https://www.crays.org/nostr/apps/developer-stack/nostr-protocol-nostr/,apps/developer-stack/nostr-protocol-nostr,nostr-protocol/nostr,Apps,App profiles,Tool- / Client- / App-Seite,brauchbar,1402,12,5,4,5,278,312,,Start -> what-is-nostr; People -> people; Apps -> apps/catalog; Relays -> relay-market-directory; NIPs -> nips/complete-index; Privacy -> privacy-security; Wallets -> nip-47-wallet-connect; Media -> music-video-media; Commerce -> content-sale; Governance -> dao-governance; Crays -> nostr-and-crays; Library -> archive-library,,,0,,,nostr-protocol/nostr,0,,1,nostr-protocol/nostr,29,0,0,P3,gezielte redaktionelle Politur und Quellenabgleich
https://www.crays.org/nostr/apps/developer-stack/nostr-ruby/,apps/developer-stack/nostr-ruby,nostr-ruby,Apps,App profiles,Tool- / Client- / App-Seite,brauchbar,1443,12,5,4,5,278,312,,Start -> what-is-nostr; People -> people; Apps -> apps/catalog; Relays -> relay-market-directory; NIPs -> nips/complete-index; Privacy -> privacy-security; Wallets -> nip-47-wallet-connect; Media -> music-video-media; Commerce -> content-sale; Governance -> dao-governance; Crays -> nostr-and-crays; Library -> archive-library,,,0,,,nostr-ruby,0,,1,nostr-ruby,29,0,0,P3,gezielte redaktionelle Politur und Quellenabgleich
https://www.crays.org/nostr/apps/developer-stack/nostr-sdk/,apps/developer-stack/nostr-sdk,nostr-sdk,Apps,App profiles,Tool- / Client- / App-Seite,brauchbar,1368,12,4,4,5,278,312,,Start -> what-is-nostr; People -> people; Apps -> apps/catalog; Relays -> relay-market-directory; NIPs -> nips/complete-index; Privacy -> privacy-security; Wallets -> nip-47-wallet-connect; Media -> music-video-media; Commerce -> content-sale; Governance -> dao-governance; Crays -> nostr-and-crays; Library -> archive-library,,,0,,,nostr-sdk,0,,1,nostr-sdk,29,0,0,P3,gezielte redaktionelle Politur und Quellenabgleich
https://www.crays.org/nostr/apps/developer-stack/nostr-sdk-ffi/,apps/developer-stack/nostr-sdk-ffi,nostr-sdk-ffi,Apps,App profiles,Tool- / Client- / App-Seite,brauchbar,1368,12,4,4,5,278,312,,Start -> what-is-nostr; People -> people; Apps -> apps/catalog; Relays -> relay-market-directory; NIPs -> nips/complete-index; Privacy -> privacy-security; Wallets -> nip-47-wallet-connect; Media -> music-video-media; Commerce -> content-sale; Governance -> dao-governance; Crays -> nostr-and-crays; Library -> archive-library,,,0,,,nostr-sdk-ffi,0,,1,nostr-sdk-ffi,29,0,0,P3,gezielte redaktionelle Politur und Quellenabgleich
https://www.crays.org/nostr/apps/developer-stack/nostr-sdk-flutter/,apps/developer-stack/nostr-sdk-flutter,nostr-sdk-flutter,Apps,App profiles,Tool- / Client- / App-Seite,brauchbar,1443,12,5,4,5,278,312,,Start -> what-is-nostr; People -> people; Apps -> apps/catalog; Relays -> relay-market-directory; NIPs -> nips/complete-index; Privacy -> privacy-security; Wallets -> nip-47-wallet-connect; Media -> music-video-media; Commerce -> content-sale; Governance -> dao-governance; Crays -> nostr-and-crays; Library -> archive-library,,,0,,,nostr-sdk-flutter,0,,1,nostr-sdk-flutter,29,0,0,P3,gezielte redaktionelle Politur und Quellenabgleich
https://www.crays.org/nostr/apps/developer-stack/nostr-to-rss/,apps/developer-stack/nostr-to-rss,nostr-to-rss,Apps,App profiles,Tool- / Client- / App-Seite,brauchbar,1443,12,5,4,5,278,312,,Start -> what-is-nostr; People -> people; Apps -> apps/catalog; Relays -> relay-market-directory; NIPs -> nips/complete-index; Privacy -> privacy-security; Wallets -> nip-47-wallet-connect; Media -> music-video-media; Commerce -> content-sale; Governance -> dao-governance; Crays -> nostr-and-crays; Library -> archive-library,,,0,,,nostr-to-rss,0,,1,nostr-to-rss,29,0,0,P3,gezielte redaktionelle Politur und Quellenabgleich
https://www.crays.org/nostr/apps/developer-stack/nostr-tools/,apps/developer-stack/nostr-tools,nostr-tools,Apps,App profiles,Tool- / Client- / App-Seite,brauchbar,1392,12,4,4,5,278,313,,Start -> what-is-nostr; People -> people; Apps -> apps/catalog; Relays -> relay-market-directory; NIPs -> nips/complete-index; Privacy -> privacy-security; Wallets -> nip-47-wallet-connect; Media -> music-video-media; Commerce -> content-sale; Governance -> dao-governance; Crays -> nostr-and-crays; Library -> archive-library,,,0,,,nostr-tools,0,,1,nostr-tools,29,0,0,P3,gezielte redaktionelle Politur und Quellenabgleich
https://www.crays.org/nostr/apps/developer-stack/nostrability/,apps/developer-stack/nostrability,Nostrability,Apps,App profiles,Tool- / Client- / App-Seite,brauchbar,1368,12,4,4,5,278,312,,Start -> what-is-nostr; People -> people; Apps -> apps/catalog; Relays -> relay-market-directory; NIPs -> nips/complete-index; Privacy -> privacy-security; Wallets -> nip-47-wallet-connect; Media -> music-video-media; Commerce -> content-sale; Governance -> dao-governance; Crays -> nostr-and-crays; Library -> archive-library,,,0,,,Nostrability,0,,1,Nostrability,29,0,0,P3,gezielte redaktionelle Politur und Quellenabgleich
https://www.crays.org/nostr/apps/developer-stack/nostrcheck/,apps/developer-stack/nostrcheck,nostrcheck,Apps,App profiles,Tool- / Client- / App-Seite,brauchbar,1367,12,4,4,5,278,312,,Start -> what-is-nostr; People -> people; Apps -> apps/catalog; Relays -> relay-market-directory; NIPs -> nips/complete-index; Privacy -> privacy-security; Wallets -> nip-47-wallet-connect; Media -> music-video-media; Commerce -> content-sale; Governance -> dao-governance; Crays -> nostr-and-crays; Library -> archive-library,,,0,,,nostrcheck,0,,1,nostrcheck,29,0,0,P3,gezielte redaktionelle Politur und Quellenabgleich
https://www.crays.org/nostr/apps/developer-stack/nostrdb/,apps/developer-stack/nostrdb,nostrdb,Apps,App profiles,Tool- / Client- / App-Seite,brauchbar,1371,12,4,4,5,278,312,,Start -> what-is-nostr; People -> people; Apps -> apps/catalog; Relays -> relay-market-directory; NIPs -> nips/complete-index; Privacy -> privacy-security; Wallets -> nip-47-wallet-connect; Media -> music-video-media; Commerce -> content-sale; Governance -> dao-governance; Crays -> nostr-and-crays; Library -> archive-library,,,0,,,nostrdb,0,,1,nostrdb,29,0,0,P3,gezielte redaktionelle Politur und Quellenabgleich
https://www.crays.org/nostr/apps/developer-stack/nostrdb-rs/,apps/developer-stack/nostrdb-rs,nostrdb-rs,Apps,App profiles,Tool- / Client- / App-Seite,brauchbar,1443,12,5,4,5,278,312,,Start -> what-is-nostr; People -> people; Apps -> apps/catalog; Relays -> relay-market-directory; NIPs -> nips/complete-index; Privacy -> privacy-security; Wallets -> nip-47-wallet-connect; Media -> music-video-media; Commerce -> content-sale; Governance -> dao-governance; Crays -> nostr-and-crays; Library -> archive-library,,,0,,,nostrdb-rs,0,,1,nostrdb-rs,29,0,0,P3,gezielte redaktionelle Politur und Quellenabgleich
https://www.crays.org/nostr/apps/developer-stack/nsec-app/,apps/developer-stack/nsec-app,nsec.app,Apps,App profiles,Tool- / Client- / App-Seite,brauchbar,1400,12,5,4,5,278,312,,Start -> what-is-nostr; People -> people; Apps -> apps/catalog; Relays -> relay-market-directory; NIPs -> nips/complete-index; Privacy -> privacy-security; Wallets -> nip-47-wallet-connect; Media -> music-video-media; Commerce -> content-sale; Governance -> dao-governance; Crays -> nostr-and-crays; Library -> archive-library,,,0,,,nsec.app,0,,1,nsec.app,29,0,0,P3,gezielte redaktionelle Politur und Quellenabgleich
https://www.crays.org/nostr/apps/developer-stack/nsite/,apps/developer-stack/nsite,nsite,Apps,App profiles,Tool- / Client- / App-Seite,brauchbar,1388,12,4,4,5,278,312,,Start -> what-is-nostr; People -> people; Apps -> apps/catalog; Relays -> relay-market-directory; NIPs -> nips/complete-index; Privacy -> privacy-security; Wallets -> nip-47-wallet-connect; Media -> music-video-media; Commerce -> content-sale; Governance -> dao-governance; Crays -> nostr-and-crays; Library -> archive-library,,,0,,,nsite,0,,1,nsite,29,0,0,P3,gezielte redaktionelle Politur und Quellenabgleich
https://www.crays.org/nostr/apps/developer-stack/pynostr/,apps/developer-stack/pynostr,pynostr,Apps,App profiles,Tool- / Client- / App-Seite,brauchbar,1366,12,4,4,5,278,312,,Start -> what-is-nostr; People -> people; Apps -> apps/catalog; Relays -> relay-market-directory; NIPs -> nips/complete-index; Privacy -> privacy-security; Wallets -> nip-47-wallet-connect; Media -> music-video-media; Commerce -> content-sale; Governance -> dao-governance; Crays -> nostr-and-crays; Library -> archive-library,,,0,,,pynostr,0,,1,pynostr,29,0,0,P3,gezielte redaktionelle Politur und Quellenabgleich
https://www.crays.org/nostr/apps/developer-stack/python-nostr/,apps/developer-stack/python-nostr,python-nostr,Apps,App profiles,Tool- / Client- / App-Seite,brauchbar,1366,12,4,4,5,278,312,,Start -> what-is-nostr; People -> people; Apps -> apps/catalog; Relays -> relay-market-directory; NIPs -> nips/complete-index; Privacy -> privacy-security; Wallets -> nip-47-wallet-connect; Media -> music-video-media; Commerce -> content-sale; Governance -> dao-governance; Crays -> nostr-and-crays; Library -> archive-library,,,0,,,python-nostr,0,,1,python-nostr,29,0,0,P3,gezielte redaktionelle Politur und Quellenabgleich
https://www.crays.org/nostr/apps/developer-stack/rsslay/,apps/developer-stack/rsslay,rsslay,Apps,App profiles,Tool- / Client- / App-Seite,brauchbar,1369,12,4,4,5,278,312,,Start -> what-is-nostr; People -> people; Apps -> apps/catalog; Relays -> relay-market-directory; NIPs -> nips/complete-index; Privacy -> privacy-security; Wallets -> nip-47-wallet-connect; Media -> music-video-media; Commerce -> content-sale; Governance -> dao-governance; Crays -> nostr-and-crays; Library -> archive-library,,,0,,,rsslay,0,,1,rsslay,29,0,0,P3,gezielte redaktionelle Politur und Quellenabgleich
https://www.crays.org/nostr/apps/developer-stack/rust-nostr/,apps/developer-stack/rust-nostr,rust-nostr,Apps,App profiles,Tool- / Client- / App-Seite,brauchbar,1367,12,4,4,5,278,312,,Start -> what-is-nostr; People -> people; Apps -> apps/catalog; Relays -> relay-market-directory; NIPs -> nips/complete-index; Privacy -> privacy-security; Wallets -> nip-47-wallet-connect; Media -> music-video-media; Commerce -> content-sale; Governance -> dao-governance; Crays -> nostr-and-crays; Library -> archive-library,,,0,,,rust-nostr,0,,1,rust-nostr,29,0,0,P3,gezielte redaktionelle Politur und Quellenabgleich
https://www.crays.org/nostr/apps/developer-stack/rust-nostr-docs/,apps/developer-stack/rust-nostr-docs,rust-nostr docs,Apps,App profiles,Tool- / Client- / App-Seite,brauchbar,1394,12,4,4,5,278,312,,Start -> what-is-nostr; People -> people; Apps -> apps/catalog; Relays -> relay-market-directory; NIPs -> nips/complete-index; Privacy -> privacy-security; Wallets -> nip-47-wallet-connect; Media -> music-video-media; Commerce -> content-sale; Governance -> dao-governance; Crays -> nostr-and-crays; Library -> archive-library,,,0,,,rust-nostr docs,0,,1,rust-nostr docs,29,0,0,P3,gezielte redaktionelle Politur und Quellenabgleich
https://www.crays.org/nostr/apps/developer-stack/swift-nostr-client/,apps/developer-stack/swift-nostr-client,swift-nostr-client,Apps,App profiles,Tool- / Client- / App-Seite,brauchbar,1443,12,5,4,5,278,312,,Start -> what-is-nostr; People -> people; Apps -> apps/catalog; Relays -> relay-market-directory; NIPs -> nips/complete-index; Privacy -> privacy-security; Wallets -> nip-47-wallet-connect; Media -> music-video-media; Commerce -> content-sale; Governance -> dao-governance; Crays -> nostr-and-crays; Library -> archive-library,,,0,,,swift-nostr-client,0,,1,swift-nostr-client,29,0,0,P3,gezielte redaktionelle Politur und Quellenabgleich
https://www.crays.org/nostr/apps/ditto/,apps/ditto,Ditto,Apps,App profiles,Tool- / Client- / App-Seite,brauchbar,1449,15,5,4,5,284,310,,Start -> what-is-nostr; People -> people; Apps -> apps/catalog; Relays -> relay-market-directory; NIPs -> nips/complete-index; Privacy -> privacy-security; Wallets -> nip-47-wallet-connect; Media -> music-video-media; Commerce -> content-sale; Governance -> dao-governance; Crays -> nostr-and-crays; Library -> archive-library,,,0,,,Ditto,0,,1,Ditto,30,0,0,P3,gezielte redaktionelle Politur und Quellenabgleich
https://www.crays.org/nostr/apps/gossip/,apps/gossip,Gossip,Apps,App profiles,Tool- / Client- / App-Seite,brauchbar,1434,15,5,4,5,340,310,,Start -> what-is-nostr; People -> people; Apps -> apps/catalog; Relays -> relay-market-directory; NIPs -> nips/complete-index; Privacy -> privacy-security; Wallets -> nip-47-wallet-connect; Media -> music-video-media; Commerce -> content-sale; Governance -> dao-governance; Crays -> nostr-and-crays; Library -> archive-library,,,0,,,Gossip,0,,1,Gossip,30,0,0,P3,gezielte redaktionelle Politur und Quellenabgleich
https://www.crays.org/nostr/apps/habla/,apps/habla,Habla,Apps,App profiles,Tool- / Client- / App-Seite,brauchbar,1440,15,5,4,5,334,311,,Start -> what-is-nostr; People -> people; Apps -> apps/catalog; Relays -> relay-market-directory; NIPs -> nips/complete-index; Privacy -> privacy-security; Wallets -> nip-47-wallet-connect; Media -> music-video-media; Commerce -> content-sale; Governance -> dao-governance; Crays -> nostr-and-crays; Library -> archive-library,,,0,,,Habla,0,,1,Habla,30,0,0,P3,gezielte redaktionelle Politur und Quellenabgleich
https://www.crays.org/nostr/apps/iris/,apps/iris,Iris,Apps,App profiles,Tool- / Client- / App-Seite,brauchbar,1451,15,5,4,5,291,310,,Start -> what-is-nostr; People -> people; Apps -> apps/catalog; Relays -> relay-market-directory; NIPs -> nips/complete-index; Privacy -> privacy-security; Wallets -> nip-47-wallet-connect; Media -> music-video-media; Commerce -> content-sale; Governance -> dao-governance; Crays -> nostr-and-crays; Library -> archive-library,,,0,,,Iris,0,,1,Iris,30,0,0,P3,gezielte redaktionelle Politur und Quellenabgleich
https://www.crays.org/nostr/apps/ndk/,apps/ndk,Nostr Development Kit,Apps,App profiles,Tool- / Client- / App-Seite,brauchbar,1493,15,5,4,5,282,311,,Start -> what-is-nostr; People -> people; Apps -> apps/catalog; Relays -> relay-market-directory; NIPs -> nips/complete-index; Privacy -> privacy-security; Wallets -> nip-47-wallet-connect; Media -> music-video-media; Commerce -> content-sale; Governance -> dao-governance; Crays -> nostr-and-crays; Library -> archive-library,,,0,,,Nostr Development Kit,0,,1,Nostr Development Kit,29,0,0,P3,gezielte redaktionelle Politur und Quellenabgleich
https://www.crays.org/nostr/apps/nos/,apps/nos,Nos,Apps,App profiles,Tool- / Client- / App-Seite,brauchbar,1448,15,5,4,5,280,309,,Start -> what-is-nostr; People -> people; Apps -> apps/catalog; Relays -> relay-market-directory; NIPs -> nips/complete-index; Privacy -> privacy-security; Wallets -> nip-47-wallet-connect; Media -> music-video-media; Commerce -> content-sale; Governance -> dao-governance; Crays -> nostr-and-crays; Library -> archive-library,,,0,,,Nos,0,,1,Nos,29,0,0,P3,gezielte redaktionelle Politur und Quellenabgleich
https://www.crays.org/nostr/apps/nostr-band/,apps/nostr-band,Nostr.band,Apps,App profiles,Tool- / Client- / App-Seite,brauchbar,1474,15,5,4,5,283,309,,Start -> what-is-nostr; People -> people; Apps -> apps/catalog; Relays -> relay-market-directory; NIPs -> nips/complete-index; Privacy -> privacy-security; Wallets -> nip-47-wallet-connect; Media -> music-video-media; Commerce -> content-sale; Governance -> dao-governance; Crays -> nostr-and-crays; Library -> archive-library,,,0,,,Nostr.band,0,,1,Nostr.band,29,0,0,P3,gezielte redaktionelle Politur und Quellenabgleich
https://www.crays.org/nostr/apps/nostrudel/,apps/nostrudel,noStrudel,Apps,App profiles,Tool- / Client- / App-Seite,brauchbar,1450,15,5,4,5,289,310,,Start -> what-is-nostr; People -> people; Apps -> apps/catalog; Relays -> relay-market-directory; NIPs -> nips/complete-index; Privacy -> privacy-security; Wallets -> nip-47-wallet-connect; Media -> music-video-media; Commerce -> content-sale; Governance -> dao-governance; Crays -> nostr-and-crays; Library -> archive-library,,,0,,,noStrudel,0,,1,noStrudel,30,0,0,P3,gezielte redaktionelle Politur und Quellenabgleich
https://www.crays.org/nostr/apps/nostur/,apps/nostur,Nostur,Apps,App profiles,Tool- / Client- / App-Seite,brauchbar,1454,15,5,4,5,283,310,,Start -> what-is-nostr; People -> people; Apps -> apps/catalog; Relays -> relay-market-directory; NIPs -> nips/complete-index; Privacy -> privacy-security; Wallets -> nip-47-wallet-connect; Media -> music-video-media; Commerce -> content-sale; Governance -> dao-governance; Crays -> nostr-and-crays; Library -> archive-library,,,0,,,Nostur,0,,1,Nostur,30,0,0,P3,gezielte redaktionelle Politur und Quellenabgleich
https://www.crays.org/nostr/apps/primal/,apps/primal,Primal,Apps,App profiles,Tool- / Client- / App-Seite,brauchbar,1456,15,5,4,5,279,310,,Start -> what-is-nostr; People -> people; Apps -> apps/catalog; Relays -> relay-market-directory; NIPs -> nips/complete-index; Privacy -> privacy-security; Wallets -> nip-47-wallet-connect; Media -> music-video-media; Commerce -> content-sale; Governance -> dao-governance; Crays -> nostr-and-crays; Library -> archive-library,,,0,,,Primal,0,,1,Primal,30,0,0,P3,gezielte redaktionelle Politur und Quellenabgleich
https://www.crays.org/nostr/apps/research-atlas/,apps/research-atlas,App and product research,Apps,App profiles,Tool- / Client- / App-Seite,brauchbar,2205,6,5,4,5,933,323,,Start -> what-is-nostr; People -> people; Apps -> apps/catalog; Relays -> relay-market-directory; NIPs -> nips/complete-index; Privacy -> privacy-security; Wallets -> nip-47-wallet-connect; Media -> music-video-media; Commerce -> content-sale; Governance -> dao-governance; Crays -> nostr-and-crays; Library -> archive-library,,,0,,,App and product research,0,,1,App and product research,87,0,0,P3,gezielte redaktionelle Politur und Quellenabgleich
https://www.crays.org/nostr/apps/research/0xchat/,apps/research/0xchat,0xchat,Apps,App profiles,Tool- / Client- / App-Seite,brauchbar,1391,12,4,4,5,278,312,,Start -> what-is-nostr; People -> people; Apps -> apps/catalog; Relays -> relay-market-directory; NIPs -> nips/complete-index; Privacy -> privacy-security; Wallets -> nip-47-wallet-connect; Media -> music-video-media; Commerce -> content-sale; Governance -> dao-governance; Crays -> nostr-and-crays; Library -> archive-library,,,0,,,0xchat,0,,1,0xchat,32,0,0,P3,gezielte redaktionelle Politur und Quellenabgleich
https://www.crays.org/nostr/apps/research/advanced-nostr-search/,apps/research/advanced-nostr-search,advanced-nostr-search,Apps,App profiles,Tool- / Client- / App-Seite,brauchbar,1371,12,4,4,5,278,313,,Start -> what-is-nostr; People -> people; Apps -> apps/catalog; Relays -> relay-market-directory; NIPs -> nips/complete-index; Privacy -> privacy-security; Wallets -> nip-47-wallet-connect; Media -> music-video-media; Commerce -> content-sale; Governance -> dao-governance; Crays -> nostr-and-crays; Library -> archive-library,,,0,,,advanced-nostr-search,0,,1,advanced-nostr-search,30,0,0,P3,gezielte redaktionelle Politur und Quellenabgleich
https://www.crays.org/nostr/apps/research/aegis/,apps/research/aegis,Aegis,Apps,App profiles,Tool- / Client- / App-Seite,brauchbar,1374,12,4,4,5,278,312,,Start -> what-is-nostr; People -> people; Apps -> apps/catalog; Relays -> relay-market-directory; NIPs -> nips/complete-index; Privacy -> privacy-security; Wallets -> nip-47-wallet-connect; Media -> music-video-media; Commerce -> content-sale; Governance -> dao-governance; Crays -> nostr-and-crays; Library -> archive-library,,,0,,,Aegis,0,,1,Aegis,31,0,0,P3,gezielte redaktionelle Politur und Quellenabgleich
https://www.crays.org/nostr/apps/research/alby/,apps/research/alby,Alby,Apps,App profiles,Tool- / Client- / App-Seite,brauchbar,1395,12,4,4,5,278,312,,Start -> what-is-nostr; People -> people; Apps -> apps/catalog; Relays -> relay-market-directory; NIPs -> nips/complete-index; Privacy -> privacy-security; Wallets -> nip-47-wallet-connect; Media -> music-video-media; Commerce -> content-sale; Governance -> dao-governance; Crays -> nostr-and-crays; Library -> archive-library,,,0,,,Alby,0,,1,Alby,31,0,0,P3,gezielte redaktionelle Politur und Quellenabgleich
https://www.crays.org/nostr/apps/research/alby-go/,apps/research/alby-go,Alby Go,Apps,App profiles,Tool- / Client- / App-Seite,brauchbar,1404,12,5,4,5,278,312,,Start -> what-is-nostr; People -> people; Apps -> apps/catalog; Relays -> relay-market-directory; NIPs -> nips/complete-index; Privacy -> privacy-security; Wallets -> nip-47-wallet-connect; Media -> music-video-media; Commerce -> content-sale; Governance -> dao-governance; Crays -> nostr-and-crays; Library -> archive-library,,,0,,,Alby Go,0,,1,Alby Go,29,0,0,P3,gezielte redaktionelle Politur und Quellenabgleich
https://www.crays.org/nostr/apps/research/alby-hub/,apps/research/alby-hub,Alby Hub,Apps,App profiles,Tool- / Client- / App-Seite,brauchbar,1406,12,5,4,5,278,312,,Start -> what-is-nostr; People -> people; Apps -> apps/catalog; Relays -> relay-market-directory; NIPs -> nips/complete-index; Privacy -> privacy-security; Wallets -> nip-47-wallet-connect; Media -> music-video-media; Commerce -> content-sale; Governance -> dao-governance; Crays -> nostr-and-crays; Library -> archive-library,,,0,,,Alby Hub,0,,1,Alby Hub,29,0,0,P3,gezielte redaktionelle Politur und Quellenabgleich
https://www.crays.org/nostr/apps/research/amber/,apps/research/amber,Amber,Apps,App profiles,Tool- / Client- / App-Seite,brauchbar,1387,12,4,4,5,278,312,,Start -> what-is-nostr; People -> people; Apps -> apps/catalog; Relays -> relay-market-directory; NIPs -> nips/complete-index; Privacy -> privacy-security; Wallets -> nip-47-wallet-connect; Media -> music-video-media; Commerce -> content-sale; Governance -> dao-governance; Crays -> nostr-and-crays; Library -> archive-library,,,0,,,Amber,0,,1,Amber,31,0,0,P3,gezielte redaktionelle Politur und Quellenabgleich
https://www.crays.org/nostr/apps/research/amethyst/,apps/research/amethyst,Amethyst,Apps,App profiles,Tool- / Client- / App-Seite,brauchbar,1387,12,4,4,5,278,312,,Start -> what-is-nostr; People -> people; Apps -> apps/catalog; Relays -> relay-market-directory; NIPs -> nips/complete-index; Privacy -> privacy-security; Wallets -> nip-47-wallet-connect; Media -> music-video-media; Commerce -> content-sale; Governance -> dao-governance; Crays -> nostr-and-crays; Library -> archive-library,,,0,,,Amethyst,0,,1,Amethyst,32,0,0,P3,gezielte redaktionelle Politur und Quellenabgleich
https://www.crays.org/nostr/apps/research/application-specific-data/,apps/research/application-specific-data,Application-specific data,Apps,App profiles,Tool- / Client- / App-Seite,brauchbar,1430,12,5,4,5,278,312,,Start -> what-is-nostr; People -> people; Apps -> apps/catalog; Relays -> relay-market-directory; NIPs -> nips/complete-index; Privacy -> privacy-security; Wallets -> nip-47-wallet-connect; Media -> music-video-media; Commerce -> content-sale; Governance -> dao-governance; Crays -> nostr-and-crays; Library -> archive-library,,,0,,,Application-specific data,0,,1,Application-specific data,30,0,0,P3,gezielte redaktionelle Politur und Quellenabgleich
https://www.crays.org/nostr/apps/research/bookstr/,apps/research/bookstr,Bookstr,Apps,App profiles,Tool- / Client- / App-Seite,brauchbar,1370,12,4,4,5,278,312,,Start -> what-is-nostr; People -> people; Apps -> apps/catalog; Relays -> relay-market-directory; NIPs -> nips/complete-index; Privacy -> privacy-security; Wallets -> nip-47-wallet-connect; Media -> music-video-media; Commerce -> content-sale; Governance -> dao-governance; Crays -> nostr-and-crays; Library -> archive-library,,,0,,,Bookstr,0,,1,Bookstr,30,0,0,P3,gezielte redaktionelle Politur und Quellenabgleich
https://www.crays.org/nostr/apps/research/boris/,apps/research/boris,Boris,Apps,App profiles,Tool- / Client- / App-Seite,brauchbar,1407,12,5,4,5,278,312,,Start -> what-is-nostr; People -> people; Apps -> apps/catalog; Relays -> relay-market-directory; NIPs -> nips/complete-index; Privacy -> privacy-security; Wallets -> nip-47-wallet-connect; Media -> music-video-media; Commerce -> content-sale; Governance -> dao-governance; Crays -> nostr-and-crays; Library -> archive-library,,,0,,,Boris,0,,1,Boris,32,0,0,P3,gezielte redaktionelle Politur und Quellenabgleich
https://www.crays.org/nostr/apps/research/bouquet/,apps/research/bouquet,Bouquet,Apps,App profiles,Tool- / Client- / App-Seite,brauchbar,1389,12,4,4,5,278,312,,Start -> what-is-nostr; People -> people; Apps -> apps/catalog; Relays -> relay-market-directory; NIPs -> nips/complete-index; Privacy -> privacy-security; Wallets -> nip-47-wallet-connect; Media -> music-video-media; Commerce -> content-sale; Governance -> dao-governance; Crays -> nostr-and-crays; Library -> archive-library,,,0,,,Bouquet,0,,1,Bouquet,32,0,0,P3,gezielte redaktionelle Politur und Quellenabgleich
https://www.crays.org/nostr/apps/research/calendar-by-formstr/,apps/research/calendar-by-formstr,Calendar by Formstr,Apps,App profiles,Tool- / Client- / App-Seite,brauchbar,1435,12,5,4,5,278,314,,Start -> what-is-nostr; People -> people; Apps -> apps/catalog; Relays -> relay-market-directory; NIPs -> nips/complete-index; Privacy -> privacy-security; Wallets -> nip-47-wallet-connect; Media -> music-video-media; Commerce -> content-sale; Governance -> dao-governance; Crays -> nostr-and-crays; Library -> archive-library,,,0,,,Calendar by Formstr,0,,1,Calendar by Formstr,30,0,0,P3,gezielte redaktionelle Politur und Quellenabgleich
https://www.crays.org/nostr/apps/research/chachi/,apps/research/chachi,Chachi,Apps,App profiles,Tool- / Client- / App-Seite,brauchbar,1393,12,4,4,5,278,312,,Start -> what-is-nostr; People -> people; Apps -> apps/catalog; Relays -> relay-market-directory; NIPs -> nips/complete-index; Privacy -> privacy-security; Wallets -> nip-47-wallet-connect; Media -> music-video-media; Commerce -> content-sale; Governance -> dao-governance; Crays -> nostr-and-crays; Library -> archive-library,,,0,,,Chachi,0,,1,Chachi,32,0,0,P3,gezielte redaktionelle Politur und Quellenabgleich
https://www.crays.org/nostr/apps/research/coracle/,apps/research/coracle,Coracle,Apps,App profiles,Tool- / Client- / App-Seite,brauchbar,1391,12,4,4,5,278,312,,Start -> what-is-nostr; People -> people; Apps -> apps/catalog; Relays -> relay-market-directory; NIPs -> nips/complete-index; Privacy -> privacy-security; Wallets -> nip-47-wallet-connect; Media -> music-video-media; Commerce -> content-sale; Governance -> dao-governance; Crays -> nostr-and-crays; Library -> archive-library,,,0,,,Coracle,0,,1,Coracle,32,0,0,P3,gezielte redaktionelle Politur und Quellenabgleich
https://www.crays.org/nostr/apps/research/corny-chat/,apps/research/corny-chat,Corny Chat,Apps,App profiles,Tool- / Client- / App-Seite,brauchbar,1405,12,5,4,5,278,312,,Start -> what-is-nostr; People -> people; Apps -> apps/catalog; Relays -> relay-market-directory; NIPs -> nips/complete-index; Privacy -> privacy-security; Wallets -> nip-47-wallet-connect; Media -> music-video-media; Commerce -> content-sale; Governance -> dao-governance; Crays -> nostr-and-crays; Library -> archive-library,,,0,,,Corny Chat,0,,1,Corny Chat,30,0,0,P3,gezielte redaktionelle Politur und Quellenabgleich
https://www.crays.org/nostr/apps/research/damus/,apps/research/damus,Damus,Apps,App profiles,Tool- / Client- / App-Seite,brauchbar,1396,12,4,4,5,278,312,,Start -> what-is-nostr; People -> people; Apps -> apps/catalog; Relays -> relay-market-directory; NIPs -> nips/complete-index; Privacy -> privacy-security; Wallets -> nip-47-wallet-connect; Media -> music-video-media; Commerce -> content-sale; Governance -> dao-governance; Crays -> nostr-and-crays; Library -> archive-library,,,0,,,Damus,0,,1,Damus,32,0,0,P3,gezielte redaktionelle Politur und Quellenabgleich
https://www.crays.org/nostr/apps/research/ditto/,apps/research/ditto,Ditto,Apps,App profiles,Tool- / Client- / App-Seite,brauchbar,1411,12,5,4,5,278,312,,Start -> what-is-nostr; People -> people; Apps -> apps/catalog; Relays -> relay-market-directory; NIPs -> nips/complete-index; Privacy -> privacy-security; Wallets -> nip-47-wallet-connect; Media -> music-video-media; Commerce -> content-sale; Governance -> dao-governance; Crays -> nostr-and-crays; Library -> archive-library,,,0,,,Ditto,0,,1,Ditto,32,0,0,P3,gezielte redaktionelle Politur und Quellenabgleich
https://www.crays.org/nostr/apps/research/divine/,apps/research/divine,diVine,Apps,App profiles,Tool- / Client- / App-Seite,brauchbar,1372,12,4,4,5,278,313,,Start -> what-is-nostr; People -> people; Apps -> apps/catalog; Relays -> relay-market-directory; NIPs -> nips/complete-index; Privacy -> privacy-security; Wallets -> nip-47-wallet-connect; Media -> music-video-media; Commerce -> content-sale; Governance -> dao-governance; Crays -> nostr-and-crays; Library -> archive-library,,,0,,,diVine,0,,1,diVine,30,0,0,P3,gezielte redaktionelle Politur und Quellenabgleich
https://www.crays.org/nostr/apps/research/docstr/,apps/research/docstr,Docstr,Apps,App profiles,Tool- / Client- / App-Seite,brauchbar,1375,12,4,4,5,278,312,,Start -> what-is-nostr; People -> people; Apps -> apps/catalog; Relays -> relay-market-directory; NIPs -> nips/complete-index; Privacy -> privacy-security; Wallets -> nip-47-wallet-connect; Media -> music-video-media; Commerce -> content-sale; Governance -> dao-governance; Crays -> nostr-and-crays; Library -> archive-library,,,0,,,Docstr,0,,1,Docstr,30,0,0,P3,gezielte redaktionelle Politur und Quellenabgleich
https://www.crays.org/nostr/apps/research/dtan/,apps/research/dtan,DTAN,Apps,App profiles,Tool- / Client- / App-Seite,brauchbar,1389,12,4,4,5,278,312,,Start -> what-is-nostr; People -> people; Apps -> apps/catalog; Relays -> relay-market-directory; NIPs -> nips/complete-index; Privacy -> privacy-security; Wallets -> nip-47-wallet-connect; Media -> music-video-media; Commerce -> content-sale; Governance -> dao-governance; Crays -> nostr-and-crays; Library -> archive-library,,,0,,,DTAN,0,,1,DTAN,32,0,0,P3,gezielte redaktionelle Politur und Quellenabgleich
https://www.crays.org/nostr/apps/research/emojito/,apps/research/emojito,Emojito,Apps,App profiles,Tool- / Client- / App-Seite,brauchbar,1390,12,4,4,5,278,312,,Start -> what-is-nostr; People -> people; Apps -> apps/catalog; Relays -> relay-market-directory; NIPs -> nips/complete-index; Privacy -> privacy-security; Wallets -> nip-47-wallet-connect; Media -> music-video-media; Commerce -> content-sale; Governance -> dao-governance; Crays -> nostr-and-crays; Library -> archive-library,,,0,,,Emojito,0,,1,Emojito,32,0,0,P3,gezielte redaktionelle Politur und Quellenabgleich
https://www.crays.org/nostr/apps/research/flotilla/,apps/research/flotilla,Flotilla,Apps,App profiles,Tool- / Client- / App-Seite,brauchbar,1374,12,4,4,5,278,312,,Start -> what-is-nostr; People -> people; Apps -> apps/catalog; Relays -> relay-market-directory; NIPs -> nips/complete-index; Privacy -> privacy-security; Wallets -> nip-47-wallet-connect; Media -> music-video-media; Commerce -> content-sale; Governance -> dao-governance; Crays -> nostr-and-crays; Library -> archive-library,,,0,,,Flotilla,0,,1,Flotilla,31,0,0,P3,gezielte redaktionelle Politur und Quellenabgleich
https://www.crays.org/nostr/apps/research/flycat/,apps/research/flycat,Flycat,Apps,App profiles,Tool- / Client- / App-Seite,brauchbar,1382,12,4,4,5,278,312,,Start -> what-is-nostr; People -> people; Apps -> apps/catalog; Relays -> relay-market-directory; NIPs -> nips/complete-index; Privacy -> privacy-security; Wallets -> nip-47-wallet-connect; Media -> music-video-media; Commerce -> content-sale; Governance -> dao-governance; Crays -> nostr-and-crays; Library -> archive-library,,,0,,,Flycat,0,,1,Flycat,30,0,0,P3,gezielte redaktionelle Politur und Quellenabgleich
https://www.crays.org/nostr/apps/research/formstr/,apps/research/formstr,Formstr,Apps,App profiles,Tool- / Client- / App-Seite,brauchbar,1389,12,4,4,5,278,312,,Start -> what-is-nostr; People -> people; Apps -> apps/catalog; Relays -> relay-market-directory; NIPs -> nips/complete-index; Privacy -> privacy-security; Wallets -> nip-47-wallet-connect; Media -> music-video-media; Commerce -> content-sale; Governance -> dao-governance; Crays -> nostr-and-crays; Library -> archive-library,,,0,,,Formstr,0,,1,Formstr,32,0,0,P3,gezielte redaktionelle Politur und Quellenabgleich
https://www.crays.org/nostr/apps/research/fountain/,apps/research/fountain,Fountain,Apps,App profiles,Tool- / Client- / App-Seite,brauchbar,1377,12,4,4,5,278,312,,Start -> what-is-nostr; People -> people; Apps -> apps/catalog; Relays -> relay-market-directory; NIPs -> nips/complete-index; Privacy -> privacy-security; Wallets -> nip-47-wallet-connect; Media -> music-video-media; Commerce -> content-sale; Governance -> dao-governance; Crays -> nostr-and-crays; Library -> archive-library,,,0,,,Fountain,0,,1,Fountain,30,0,0,P3,gezielte redaktionelle Politur und Quellenabgleich
https://www.crays.org/nostr/apps/research/freefrom/,apps/research/freefrom,FreeFrom,Apps,App profiles,Tool- / Client- / App-Seite,brauchbar,1393,12,4,4,5,278,312,,Start -> what-is-nostr; People -> people; Apps -> apps/catalog; Relays -> relay-market-directory; NIPs -> nips/complete-index; Privacy -> privacy-security; Wallets -> nip-47-wallet-connect; Media -> music-video-media; Commerce -> content-sale; Governance -> dao-governance; Crays -> nostr-and-crays; Library -> archive-library,,,0,,,FreeFrom,0,,1,FreeFrom,32,0,0,P3,gezielte redaktionelle Politur und Quellenabgleich
https://www.crays.org/nostr/apps/research/fundstr/,apps/research/fundstr,Fundstr,Apps,App profiles,Tool- / Client- / App-Seite,brauchbar,1375,12,4,4,5,278,313,,Start -> what-is-nostr; People -> people; Apps -> apps/catalog; Relays -> relay-market-directory; NIPs -> nips/complete-index; Privacy -> privacy-security; Wallets -> nip-47-wallet-connect; Media -> music-video-media; Commerce -> content-sale; Governance -> dao-governance; Crays -> nostr-and-crays; Library -> archive-library,,,0,,,Fundstr,0,,1,Fundstr,30,0,0,P3,gezielte redaktionelle Politur und Quellenabgleich
https://www.crays.org/nostr/apps/research/futr/,apps/research/futr,futr,Apps,App profiles,Tool- / Client- / App-Seite,brauchbar,1386,12,4,4,5,278,312,,Start -> what-is-nostr; People -> people; Apps -> apps/catalog; Relays -> relay-market-directory; NIPs -> nips/complete-index; Privacy -> privacy-security; Wallets -> nip-47-wallet-connect; Media -> music-video-media; Commerce -> content-sale; Governance -> dao-governance; Crays -> nostr-and-crays; Library -> archive-library,,,0,,,futr,0,,1,futr,32,0,0,P3,gezielte redaktionelle Politur und Quellenabgleich
https://www.crays.org/nostr/apps/research/gif-buddy/,apps/research/gif-buddy,GIF Buddy,Apps,App profiles,Tool- / Client- / App-Seite,brauchbar,1422,12,5,4,5,278,312,,Start -> what-is-nostr; People -> people; Apps -> apps/catalog; Relays -> relay-market-directory; NIPs -> nips/complete-index; Privacy -> privacy-security; Wallets -> nip-47-wallet-connect; Media -> music-video-media; Commerce -> content-sale; Governance -> dao-governance; Crays -> nostr-and-crays; Library -> archive-library,,,0,,,GIF Buddy,0,,1,GIF Buddy,32,0,0,P3,gezielte redaktionelle Politur und Quellenabgleich
https://www.crays.org/nostr/apps/research/gittr/,apps/research/gittr,Gittr,Apps,App profiles,Tool- / Client- / App-Seite,brauchbar,1372,12,4,4,5,278,312,,Start -> what-is-nostr; People -> people; Apps -> apps/catalog; Relays -> relay-market-directory; NIPs -> nips/complete-index; Privacy -> privacy-security; Wallets -> nip-47-wallet-connect; Media -> music-video-media; Commerce -> content-sale; Governance -> dao-governance; Crays -> nostr-and-crays; Library -> archive-library,,,0,,,Gittr,0,,1,Gittr,30,0,0,P3,gezielte redaktionelle Politur und Quellenabgleich
https://www.crays.org/nostr/apps/research/gossip/,apps/research/gossip,Gossip,Apps,App profiles,Tool- / Client- / App-Seite,brauchbar,1391,12,4,4,5,278,312,,Start -> what-is-nostr; People -> people; Apps -> apps/catalog; Relays -> relay-market-directory; NIPs -> nips/complete-index; Privacy -> privacy-security; Wallets -> nip-47-wallet-connect; Media -> music-video-media; Commerce -> content-sale; Governance -> dao-governance; Crays -> nostr-and-crays; Library -> archive-library,,,0,,,Gossip,0,,1,Gossip,32,0,0,P3,gezielte redaktionelle Politur und Quellenabgleich
https://www.crays.org/nostr/apps/research/grimoire/,apps/research/grimoire,Grimoire,Apps,App profiles,Tool- / Client- / App-Seite,brauchbar,1386,12,4,4,5,278,312,,Start -> what-is-nostr; People -> people; Apps -> apps/catalog; Relays -> relay-market-directory; NIPs -> nips/complete-index; Privacy -> privacy-security; Wallets -> nip-47-wallet-connect; Media -> music-video-media; Commerce -> content-sale; Governance -> dao-governance; Crays -> nostr-and-crays; Library -> archive-library,,,0,,,Grimoire,0,,1,Grimoire,32,0,0,P3,gezielte redaktionelle Politur und Quellenabgleich
https://www.crays.org/nostr/apps/research/groups-nip-29/,apps/research/groups-nip-29,Groups NIP-29,Apps,App profiles,NIP-Seite,brauchbar,1405,12,5,4,5,278,312,,Start -> what-is-nostr; People -> people; Apps -> apps/catalog; Relays -> relay-market-directory; NIPs -> nips/complete-index; Privacy -> privacy-security; Wallets -> nip-47-wallet-connect; Media -> music-video-media; Commerce -> content-sale; Governance -> dao-governance; Crays -> nostr-and-crays; Library -> archive-library,,,0,,,Groups NIP-29,0,,1,Groups NIP-29,30,0,0,P3,gezielte redaktionelle Politur und Quellenabgleich
https://www.crays.org/nostr/apps/research/habla/,apps/research/habla,Habla,Apps,App profiles,Tool- / Client- / App-Seite,brauchbar,1416,12,5,4,5,278,314,,Start -> what-is-nostr; People -> people; Apps -> apps/catalog; Relays -> relay-market-directory; NIPs -> nips/complete-index; Privacy -> privacy-security; Wallets -> nip-47-wallet-connect; Media -> music-video-media; Commerce -> content-sale; Governance -> dao-governance; Crays -> nostr-and-crays; Library -> archive-library,,,0,,,Habla,0,,1,Habla,32,0,0,P3,gezielte redaktionelle Politur und Quellenabgleich
https://www.crays.org/nostr/apps/research/highlighter/,apps/research/highlighter,Highlighter,Apps,App profiles,Tool- / Client- / App-Seite,brauchbar,1376,12,4,4,5,278,313,,Start -> what-is-nostr; People -> people; Apps -> apps/catalog; Relays -> relay-market-directory; NIPs -> nips/complete-index; Privacy -> privacy-security; Wallets -> nip-47-wallet-connect; Media -> music-video-media; Commerce -> content-sale; Governance -> dao-governance; Crays -> nostr-and-crays; Library -> archive-library,,,0,,,Highlighter,0,,1,Highlighter,30,0,0,P3,gezielte redaktionelle Politur und Quellenabgleich
https://www.crays.org/nostr/apps/research/hivetalk/,apps/research/hivetalk,HiveTalk,Apps,App profiles,Tool- / Client- / App-Seite,brauchbar,1373,12,4,4,5,278,312,,Start -> what-is-nostr; People -> people; Apps -> apps/catalog; Relays -> relay-market-directory; NIPs -> nips/complete-index; Privacy -> privacy-security; Wallets -> nip-47-wallet-connect; Media -> music-video-media; Commerce -> content-sale; Governance -> dao-governance; Crays -> nostr-and-crays; Library -> archive-library,,,0,,,HiveTalk,0,,1,HiveTalk,30,0,0,P3,gezielte redaktionelle Politur und Quellenabgleich
https://www.crays.org/nostr/apps/research/iris/,apps/research/iris,Iris,Apps,App profiles,Tool- / Client- / App-Seite,brauchbar,1392,12,4,4,5,278,312,,Start -> what-is-nostr; People -> people; Apps -> apps/catalog; Relays -> relay-market-directory; NIPs -> nips/complete-index; Privacy -> privacy-security; Wallets -> nip-47-wallet-connect; Media -> music-video-media; Commerce -> content-sale; Governance -> dao-governance; Crays -> nostr-and-crays; Library -> archive-library,,,0,,,Iris,0,,1,Iris,32,0,0,P3,gezielte redaktionelle Politur und Quellenabgleich
https://www.crays.org/nostr/apps/research/jumble/,apps/research/jumble,Jumble,Apps,App profiles,Tool- / Client- / App-Seite,brauchbar,1392,12,4,4,5,278,312,,Start -> what-is-nostr; People -> people; Apps -> apps/catalog; Relays -> relay-market-directory; NIPs -> nips/complete-index; Privacy -> privacy-security; Wallets -> nip-47-wallet-connect; Media -> music-video-media; Commerce -> content-sale; Governance -> dao-governance; Crays -> nostr-and-crays; Library -> archive-library,,,0,,,Jumble,0,,1,Jumble,32,0,0,P3,gezielte redaktionelle Politur und Quellenabgleich
https://www.crays.org/nostr/apps/research/keys-band/,apps/research/keys-band,Keys Band,Apps,App profiles,Tool- / Client- / App-Seite,brauchbar,1422,12,5,4,5,278,312,,Start -> what-is-nostr; People -> people; Apps -> apps/catalog; Relays -> relay-market-directory; NIPs -> nips/complete-index; Privacy -> privacy-security; Wallets -> nip-47-wallet-connect; Media -> music-video-media; Commerce -> content-sale; Governance -> dao-governance; Crays -> nostr-and-crays; Library -> archive-library,,,0,,,Keys Band,0,,1,Keys Band,31,0,0,P3,gezielte redaktionelle Politur und Quellenabgleich
https://www.crays.org/nostr/apps/research/listr/,apps/research/listr,Listr,Apps,App profiles,Tool- / Client- / App-Seite,brauchbar,1374,12,4,4,5,278,312,,Start -> what-is-nostr; People -> people; Apps -> apps/catalog; Relays -> relay-market-directory; NIPs -> nips/complete-index; Privacy -> privacy-security; Wallets -> nip-47-wallet-connect; Media -> music-video-media; Commerce -> content-sale; Governance -> dao-governance; Crays -> nostr-and-crays; Library -> archive-library,,,0,,,Listr,0,,1,Listr,30,0,0,P3,gezielte redaktionelle Politur und Quellenabgleich
https://www.crays.org/nostr/apps/research/lnbits-nostrmarket/,apps/research/lnbits-nostrmarket,LNBits Nostrmarket,Apps,App profiles,Tool- / Client- / App-Seite,brauchbar,1402,12,5,4,5,278,313,,Start -> what-is-nostr; People -> people; Apps -> apps/catalog; Relays -> relay-market-directory; NIPs -> nips/complete-index; Privacy -> privacy-security; Wallets -> nip-47-wallet-connect; Media -> music-video-media; Commerce -> content-sale; Governance -> dao-governance; Crays -> nostr-and-crays; Library -> archive-library,,,0,,,LNBits Nostrmarket,0,,1,LNBits Nostrmarket,30,0,0,P3,gezielte redaktionelle Politur und Quellenabgleich
https://www.crays.org/nostr/apps/research/lume/,apps/research/lume,Lume,Apps,App profiles,Tool- / Client- / App-Seite,brauchbar,1378,12,4,4,5,278,312,,Start -> what-is-nostr; People -> people; Apps -> apps/catalog; Relays -> relay-market-directory; NIPs -> nips/complete-index; Privacy -> privacy-security; Wallets -> nip-47-wallet-connect; Media -> music-video-media; Commerce -> content-sale; Governance -> dao-governance; Crays -> nostr-and-crays; Library -> archive-library,,,0,,,Lume,0,,1,Lume,30,0,0,P3,gezielte redaktionelle Politur und Quellenabgleich
https://www.crays.org/nostr/apps/research/lumilumi/,apps/research/lumilumi,Lumilumi,Apps,App profiles,Tool- / Client- / App-Seite,brauchbar,1372,12,4,4,5,278,312,,Start -> what-is-nostr; People -> people; Apps -> apps/catalog; Relays -> relay-market-directory; NIPs -> nips/complete-index; Privacy -> privacy-security; Wallets -> nip-47-wallet-connect; Media -> music-video-media; Commerce -> content-sale; Governance -> dao-governance; Crays -> nostr-and-crays; Library -> archive-library,,,0,,,Lumilumi,0,,1,Lumilumi,32,0,0,P3,gezielte redaktionelle Politur und Quellenabgleich
https://www.crays.org/nostr/apps/research/lumina/,apps/research/lumina,LUMINA,Apps,App profiles,Tool- / Client- / App-Seite,brauchbar,1372,12,4,4,5,278,312,,Start -> what-is-nostr; People -> people; Apps -> apps/catalog; Relays -> relay-market-directory; NIPs -> nips/complete-index; Privacy -> privacy-security; Wallets -> nip-47-wallet-connect; Media -> music-video-media; Commerce -> content-sale; Governance -> dao-governance; Crays -> nostr-and-crays; Library -> archive-library,,,0,,,LUMINA,0,,1,LUMINA,30,0,0,P3,gezielte redaktionelle Politur und Quellenabgleich
https://www.crays.org/nostr/apps/research/mapstr/,apps/research/mapstr,Mapstr,Apps,App profiles,Tool- / Client- / App-Seite,brauchbar,1378,12,4,4,5,278,312,,Start -> what-is-nostr; People -> people; Apps -> apps/catalog; Relays -> relay-market-directory; NIPs -> nips/complete-index; Privacy -> privacy-security; Wallets -> nip-47-wallet-connect; Media -> music-video-media; Commerce -> content-sale; Governance -> dao-governance; Crays -> nostr-and-crays; Library -> archive-library,,,0,,,Mapstr,0,,1,Mapstr,30,0,0,P3,gezielte redaktionelle Politur und Quellenabgleich
https://www.crays.org/nostr/apps/research/meetstr/,apps/research/meetstr,Meetstr,Apps,App profiles,Tool- / Client- / App-Seite,brauchbar,1373,12,4,4,5,278,312,,Start -> what-is-nostr; People -> people; Apps -> apps/catalog; Relays -> relay-market-directory; NIPs -> nips/complete-index; Privacy -> privacy-security; Wallets -> nip-47-wallet-connect; Media -> music-video-media; Commerce -> content-sale; Governance -> dao-governance; Crays -> nostr-and-crays; Library -> archive-library,,,0,,,Meetstr,0,,1,Meetstr,30,0,0,P3,gezielte redaktionelle Politur und Quellenabgleich
https://www.crays.org/nostr/apps/research/memestr/,apps/research/memestr,Memestr,Apps,App profiles,Tool- / Client- / App-Seite,brauchbar,1370,12,4,4,5,278,312,,Start -> what-is-nostr; People -> people; Apps -> apps/catalog; Relays -> relay-market-directory; NIPs -> nips/complete-index; Privacy -> privacy-security; Wallets -> nip-47-wallet-connect; Media -> music-video-media; Commerce -> content-sale; Governance -> dao-governance; Crays -> nostr-and-crays; Library -> archive-library,,,0,,,Memestr,0,,1,Memestr,30,0,0,P3,gezielte redaktionelle Politur und Quellenabgleich
https://www.crays.org/nostr/apps/research/minds/,apps/research/minds,Minds,Apps,App profiles,Tool- / Client- / App-Seite,brauchbar,1376,12,4,4,5,278,312,,Start -> what-is-nostr; People -> people; Apps -> apps/catalog; Relays -> relay-market-directory; NIPs -> nips/complete-index; Privacy -> privacy-security; Wallets -> nip-47-wallet-connect; Media -> music-video-media; Commerce -> content-sale; Governance -> dao-governance; Crays -> nostr-and-crays; Library -> archive-library,,,0,,,Minds,0,,1,Minds,30,0,0,P3,gezielte redaktionelle Politur und Quellenabgleich
https://www.crays.org/nostr/apps/research/mostard/,apps/research/mostard,mostard,Apps,App profiles,Tool- / Client- / App-Seite,brauchbar,1387,12,4,4,5,278,312,,Start -> what-is-nostr; People -> people; Apps -> apps/catalog; Relays -> relay-market-directory; NIPs -> nips/complete-index; Privacy -> privacy-security; Wallets -> nip-47-wallet-connect; Media -> music-video-media; Commerce -> content-sale; Governance -> dao-governance; Crays -> nostr-and-crays; Library -> archive-library,,,0,,,mostard,0,,1,mostard,30,0,0,P3,gezielte redaktionelle Politur und Quellenabgleich
https://www.crays.org/nostr/apps/research/mostro/,apps/research/mostro,Mostro,Apps,App profiles,Tool- / Client- / App-Seite,brauchbar,1374,12,4,4,5,278,314,,Start -> what-is-nostr; People -> people; Apps -> apps/catalog; Relays -> relay-market-directory; NIPs -> nips/complete-index; Privacy -> privacy-security; Wallets -> nip-47-wallet-connect; Media -> music-video-media; Commerce -> content-sale; Governance -> dao-governance; Crays -> nostr-and-crays; Library -> archive-library,,,0,,,Mostro,0,,1,Mostro,30,0,0,P3,gezielte redaktionelle Politur und Quellenabgleich
https://www.crays.org/nostr/apps/research/nalgorithm/,apps/research/nalgorithm,Nalgorithm,Apps,App profiles,Tool- / Client- / App-Seite,brauchbar,1374,12,4,4,5,278,312,,Start -> what-is-nostr; People -> people; Apps -> apps/catalog; Relays -> relay-market-directory; NIPs -> nips/complete-index; Privacy -> privacy-security; Wallets -> nip-47-wallet-connect; Media -> music-video-media; Commerce -> content-sale; Governance -> dao-governance; Crays -> nostr-and-crays; Library -> archive-library,,,0,,,Nalgorithm,0,,1,Nalgorithm,30,0,0,P3,gezielte redaktionelle Politur und Quellenabgleich
https://www.crays.org/nostr/apps/research/narr/,apps/research/narr,Narr,Apps,App profiles,Tool- / Client- / App-Seite,brauchbar,1382,12,4,4,5,278,313,,Start -> what-is-nostr; People -> people; Apps -> apps/catalog; Relays -> relay-market-directory; NIPs -> nips/complete-index; Privacy -> privacy-security; Wallets -> nip-47-wallet-connect; Media -> music-video-media; Commerce -> content-sale; Governance -> dao-governance; Crays -> nostr-and-crays; Library -> archive-library,,,0,,,Narr,0,,1,Narr,31,0,0,P3,gezielte redaktionelle Politur und Quellenabgleich
https://www.crays.org/nostr/apps/research/noflux/,apps/research/noflux,Noflux,Apps,App profiles,Tool- / Client- / App-Seite,brauchbar,1379,12,4,4,5,278,312,,Start -> what-is-nostr; People -> people; Apps -> apps/catalog; Relays -> relay-market-directory; NIPs -> nips/complete-index; Privacy -> privacy-security; Wallets -> nip-47-wallet-connect; Media -> music-video-media; Commerce -> content-sale; Governance -> dao-governance; Crays -> nostr-and-crays; Library -> archive-library,,,0,,,Noflux,0,,1,Noflux,31,0,0,P3,gezielte redaktionelle Politur und Quellenabgleich
https://www.crays.org/nostr/apps/research/nos-social/,apps/research/nos-social,Nos Social,Apps,App profiles,Tool- / Client- / App-Seite,brauchbar,1424,12,5,4,5,278,312,,Start -> what-is-nostr; People -> people; Apps -> apps/catalog; Relays -> relay-market-directory; NIPs -> nips/complete-index; Privacy -> privacy-security; Wallets -> nip-47-wallet-connect; Media -> music-video-media; Commerce -> content-sale; Governance -> dao-governance; Crays -> nostr-and-crays; Library -> archive-library,,,0,,,Nos Social,0,,1,Nos Social,32,0,0,P3,gezielte redaktionelle Politur und Quellenabgleich
https://www.crays.org/nostr/apps/research/nos2x/,apps/research/nos2x,nos2x,Apps,App profiles,Tool- / Client- / App-Seite,brauchbar,1387,12,4,4,5,278,312,,Start -> what-is-nostr; People -> people; Apps -> apps/catalog; Relays -> relay-market-directory; NIPs -> nips/complete-index; Privacy -> privacy-security; Wallets -> nip-47-wallet-connect; Media -> music-video-media; Commerce -> content-sale; Governance -> dao-governance; Crays -> nostr-and-crays; Library -> archive-library,,,0,,,nos2x,0,,1,nos2x,31,0,0,P3,gezielte redaktionelle Politur und Quellenabgleich
https://www.crays.org/nostr/apps/research/nostorg-feature-matrix/,apps/research/nostorg-feature-matrix,Nostorg Feature Matrix,Apps,App profiles,Tool- / Client- / App-Seite,brauchbar,1450,12,5,4,5,278,312,,Start -> what-is-nostr; People -> people; Apps -> apps/catalog; Relays -> relay-market-directory; NIPs -> nips/complete-index; Privacy -> privacy-security; Wallets -> nip-47-wallet-connect; Media -> music-video-media; Commerce -> content-sale; Governance -> dao-governance; Crays -> nostr-and-crays; Library -> archive-library,,,0,,,Nostorg Feature Matrix,0,,1,Nostorg Feature Matrix,30,0,0,P3,gezielte redaktionelle Politur und Quellenabgleich
https://www.crays.org/nostr/apps/research/nostr-co-uk-clients/,apps/research/nostr-co-uk-clients,nostr.co.uk Clients,Apps,App profiles,Tool- / Client- / App-Seite,brauchbar,1461,12,5,4,5,278,313,,Start -> what-is-nostr; People -> people; Apps -> apps/catalog; Relays -> relay-market-directory; NIPs -> nips/complete-index; Privacy -> privacy-security; Wallets -> nip-47-wallet-connect; Media -> music-video-media; Commerce -> content-sale; Governance -> dao-governance; Crays -> nostr-and-crays; Library -> archive-library,,,0,,,nostr.co.uk Clients,0,,1,nostr.co.uk Clients,30,0,0,P3,gezielte redaktionelle Politur und Quellenabgleich
https://www.crays.org/nostr/apps/research/nostr-compass-projects/,apps/research/nostr-compass-projects,Nostr Compass — Projects,Apps,App profiles,Tool- / Client- / App-Seite,brauchbar,1506,12,5,4,5,278,312,,Start -> what-is-nostr; People -> people; Apps -> apps/catalog; Relays -> relay-market-directory; NIPs -> nips/complete-index; Privacy -> privacy-security; Wallets -> nip-47-wallet-connect; Media -> music-video-media; Commerce -> content-sale; Governance -> dao-governance; Crays -> nostr-and-crays; Library -> archive-library,,,0,,,Nostr Compass — Projects,0,,1,Nostr Compass — Projects,30,0,0,P3,gezielte redaktionelle Politur und Quellenabgleich
https://www.crays.org/nostr/apps/research/nostr-how-clients/,apps/research/nostr-how-clients,Nostr.how — Clients,Apps,App profiles,Tool- / Client- / App-Seite,brauchbar,1429,12,5,4,5,278,313,,Start -> what-is-nostr; People -> people; Apps -> apps/catalog; Relays -> relay-market-directory; NIPs -> nips/complete-index; Privacy -> privacy-security; Wallets -> nip-47-wallet-connect; Media -> music-video-media; Commerce -> content-sale; Governance -> dao-governance; Crays -> nostr-and-crays; Library -> archive-library,,,0,,,Nostr.how — Clients,0,,1,Nostr.how — Clients,30,0,0,P3,gezielte redaktionelle Politur und Quellenabgleich
https://www.crays.org/nostr/apps/research/nostr-nests/,apps/research/nostr-nests,Nostr Nests,Apps,App profiles,Tool- / Client- / App-Seite,brauchbar,1423,12,5,4,5,278,312,,Start -> what-is-nostr; People -> people; Apps -> apps/catalog; Relays -> relay-market-directory; NIPs -> nips/complete-index; Privacy -> privacy-security; Wallets -> nip-47-wallet-connect; Media -> music-video-media; Commerce -> content-sale; Governance -> dao-governance; Crays -> nostr-and-crays; Library -> archive-library,,,0,,,Nostr Nests,0,,1,Nostr Nests,32,0,0,P3,gezielte redaktionelle Politur und Quellenabgleich
https://www.crays.org/nostr/apps/research/nostr-writer/,apps/research/nostr-writer,Nostr Writer,Apps,App profiles,Tool- / Client- / App-Seite,brauchbar,1477,12,5,4,5,278,312,,Start -> what-is-nostr; People -> people; Apps -> apps/catalog; Relays -> relay-market-directory; NIPs -> nips/complete-index; Privacy -> privacy-security; Wallets -> nip-47-wallet-connect; Media -> music-video-media; Commerce -> content-sale; Governance -> dao-governance; Crays -> nostr-and-crays; Library -> archive-library,,,0,,,Nostr Writer,0,,1,Nostr Writer,30,0,0,P3,gezielte redaktionelle Politur und Quellenabgleich
https://www.crays.org/nostr/apps/research/nostrapps/,apps/research/nostrapps,NostrApps,Apps,App profiles,Tool- / Client- / App-Seite,brauchbar,1369,12,4,4,5,278,312,,Start -> what-is-nostr; People -> people; Apps -> apps/catalog; Relays -> relay-market-directory; NIPs -> nips/complete-index; Privacy -> privacy-security; Wallets -> nip-47-wallet-connect; Media -> music-video-media; Commerce -> content-sale; Governance -> dao-governance; Crays -> nostr-and-crays; Library -> archive-library,,,0,,,NostrApps,0,,1,NostrApps,30,0,0,P3,gezielte redaktionelle Politur und Quellenabgleich
https://www.crays.org/nostr/apps/research/nostrapps-category-audio/,apps/research/nostrapps-category-audio,NostrApps category — Audio,Apps,App profiles,Tool- / Client- / App-Seite,brauchbar,1439,12,5,4,5,278,312,,Start -> what-is-nostr; People -> people; Apps -> apps/catalog; Relays -> relay-market-directory; NIPs -> nips/complete-index; Privacy -> privacy-security; Wallets -> nip-47-wallet-connect; Media -> music-video-media; Commerce -> content-sale; Governance -> dao-governance; Crays -> nostr-and-crays; Library -> archive-library,,,0,,,NostrApps category — Audio,0,,1,NostrApps category — Audio,30,0,0,P3,gezielte redaktionelle Politur und Quellenabgleich
https://www.crays.org/nostr/apps/research/nostrapps-category-career/,apps/research/nostrapps-category-career,NostrApps category — Career,Apps,App profiles,Tool- / Client- / App-Seite,brauchbar,1439,12,5,4,5,278,312,,Start -> what-is-nostr; People -> people; Apps -> apps/catalog; Relays -> relay-market-directory; NIPs -> nips/complete-index; Privacy -> privacy-security; Wallets -> nip-47-wallet-connect; Media -> music-video-media; Commerce -> content-sale; Governance -> dao-governance; Crays -> nostr-and-crays; Library -> archive-library,,,0,,,NostrApps category — Career,0,,1,NostrApps category — Career,30,0,0,P3,gezielte redaktionelle Politur und Quellenabgleich
https://www.crays.org/nostr/apps/research/nostrapps-category-community/,apps/research/nostrapps-category-community,NostrApps category — Community,Apps,App profiles,Tool- / Client- / App-Seite,brauchbar,1439,12,5,4,5,278,312,,Start -> what-is-nostr; People -> people; Apps -> apps/catalog; Relays -> relay-market-directory; NIPs -> nips/complete-index; Privacy -> privacy-security; Wallets -> nip-47-wallet-connect; Media -> music-video-media; Commerce -> content-sale; Governance -> dao-governance; Crays -> nostr-and-crays; Library -> archive-library,,,0,,,NostrApps category — Community,0,,1,NostrApps category — Community,30,0,0,P3,gezielte redaktionelle Politur und Quellenabgleich
https://www.crays.org/nostr/apps/research/nostrapps-category-curation/,apps/research/nostrapps-category-curation,NostrApps category — Curation,Apps,App profiles,Tool- / Client- / App-Seite,brauchbar,1439,12,5,4,5,278,312,,Start -> what-is-nostr; People -> people; Apps -> apps/catalog; Relays -> relay-market-directory; NIPs -> nips/complete-index; Privacy -> privacy-security; Wallets -> nip-47-wallet-connect; Media -> music-video-media; Commerce -> content-sale; Governance -> dao-governance; Crays -> nostr-and-crays; Library -> archive-library,,,0,,,NostrApps category — Curation,0,,1,NostrApps category — Curation,30,0,0,P3,gezielte redaktionelle Politur und Quellenabgleich
https://www.crays.org/nostr/apps/research/nostrapps-category-direct-message/,apps/research/nostrapps-category-direct-message,NostrApps category — Direct Message,Apps,App profiles,Tool- / Client- / App-Seite,brauchbar,1470,12,5,4,5,278,312,,Start -> what-is-nostr; People -> people; Apps -> apps/catalog; Relays -> relay-market-directory; NIPs -> nips/complete-index; Privacy -> privacy-security; Wallets -> nip-47-wallet-connect; Media -> music-video-media; Commerce -> content-sale; Governance -> dao-governance; Crays -> nostr-and-crays; Library -> archive-library,,,0,,,NostrApps category — Direct Message,0,,1,NostrApps category — Direct Message,30,0,0,P3,gezielte redaktionelle Politur und Quellenabgleich
https://www.crays.org/nostr/apps/research/nostrapps-category-discovery/,apps/research/nostrapps-category-discovery,NostrApps category — Discovery,Apps,App profiles,Tool- / Client- / App-Seite,brauchbar,1439,12,5,4,5,278,312,,Start -> what-is-nostr; People -> people; Apps -> apps/catalog; Relays -> relay-market-directory; NIPs -> nips/complete-index; Privacy -> privacy-security; Wallets -> nip-47-wallet-connect; Media -> music-video-media; Commerce -> content-sale; Governance -> dao-governance; Crays -> nostr-and-crays; Library -> archive-library,,,0,,,NostrApps category — Discovery,0,,1,NostrApps category — Discovery,30,0,0,P3,gezielte redaktionelle Politur und Quellenabgleich
https://www.crays.org/nostr/apps/research/nostrapps-category-file-sharing/,apps/research/nostrapps-category-file-sharing,NostrApps category — File Sharing,Apps,App profiles,Tool- / Client- / App-Seite,brauchbar,1470,12,5,4,5,278,312,,Start -> what-is-nostr; People -> people; Apps -> apps/catalog; Relays -> relay-market-directory; NIPs -> nips/complete-index; Privacy -> privacy-security; Wallets -> nip-47-wallet-connect; Media -> music-video-media; Commerce -> content-sale; Governance -> dao-governance; Crays -> nostr-and-crays; Library -> archive-library,,,0,,,NostrApps category — File Sharing,0,,1,NostrApps category — File Sharing,30,0,0,P3,gezielte redaktionelle Politur und Quellenabgleich
https://www.crays.org/nostr/apps/research/nostrapps-category-group-chat/,apps/research/nostrapps-category-group-chat,NostrApps category — Group Chat,Apps,App profiles,Tool- / Client- / App-Seite,brauchbar,1470,12,5,4,5,278,312,,Start -> what-is-nostr; People -> people; Apps -> apps/catalog; Relays -> relay-market-directory; NIPs -> nips/complete-index; Privacy -> privacy-security; Wallets -> nip-47-wallet-connect; Media -> music-video-media; Commerce -> content-sale; Governance -> dao-governance; Crays -> nostr-and-crays; Library -> archive-library,,,0,,,NostrApps category — Group Chat,0,,1,NostrApps category — Group Chat,30,0,0,P3,gezielte redaktionelle Politur und Quellenabgleich
https://www.crays.org/nostr/apps/research/nostrapps-category-meatspace/,apps/research/nostrapps-category-meatspace,NostrApps category — Meatspace,Apps,App profiles,Tool- / Client- / App-Seite,brauchbar,1439,12,5,4,5,278,312,,Start -> what-is-nostr; People -> people; Apps -> apps/catalog; Relays -> relay-market-directory; NIPs -> nips/complete-index; Privacy -> privacy-security; Wallets -> nip-47-wallet-connect; Media -> music-video-media; Commerce -> content-sale; Governance -> dao-governance; Crays -> nostr-and-crays; Library -> archive-library,,,0,,,NostrApps category — Meatspace,0,,1,NostrApps category — Meatspace,30,0,0,P3,gezielte redaktionelle Politur und Quellenabgleich
https://www.crays.org/nostr/apps/research/nostrapps-category-onboarding/,apps/research/nostrapps-category-onboarding,NostrApps category — Onboarding,Apps,App profiles,Tool- / Client- / App-Seite,brauchbar,1439,12,5,4,5,278,312,,Start -> what-is-nostr; People -> people; Apps -> apps/catalog; Relays -> relay-market-directory; NIPs -> nips/complete-index; Privacy -> privacy-security; Wallets -> nip-47-wallet-connect; Media -> music-video-media; Commerce -> content-sale; Governance -> dao-governance; Crays -> nostr-and-crays; Library -> archive-library,,,0,,,NostrApps category — Onboarding,0,,1,NostrApps category — Onboarding,30,0,0,P3,gezielte redaktionelle Politur und Quellenabgleich
https://www.crays.org/nostr/apps/research/nostrapps-category-signers/,apps/research/nostrapps-category-signers,NostrApps category — Signers,Apps,App profiles,Tool- / Client- / App-Seite,brauchbar,1439,12,5,4,5,278,312,,Start -> what-is-nostr; People -> people; Apps -> apps/catalog; Relays -> relay-market-directory; NIPs -> nips/complete-index; Privacy -> privacy-security; Wallets -> nip-47-wallet-connect; Media -> music-video-media; Commerce -> content-sale; Governance -> dao-governance; Crays -> nostr-and-crays; Library -> archive-library,,,0,,,NostrApps category — Signers,0,,1,NostrApps category — Signers,29,0,0,P3,gezielte redaktionelle Politur und Quellenabgleich
https://www.crays.org/nostr/apps/research/nostrapps-category-tools/,apps/research/nostrapps-category-tools,NostrApps category — Tools,Apps,App profiles,Tool- / Client- / App-Seite,brauchbar,1439,12,5,4,5,278,312,,Start -> what-is-nostr; People -> people; Apps -> apps/catalog; Relays -> relay-market-directory; NIPs -> nips/complete-index; Privacy -> privacy-security; Wallets -> nip-47-wallet-connect; Media -> music-video-media; Commerce -> content-sale; Governance -> dao-governance; Crays -> nostr-and-crays; Library -> archive-library,,,0,,,NostrApps category — Tools,0,,1,NostrApps category — Tools,30,0,0,P3,gezielte redaktionelle Politur und Quellenabgleich
https://www.crays.org/nostr/apps/research/nostree/,apps/research/nostree,Nostree,Apps,App profiles,Tool- / Client- / App-Seite,brauchbar,1395,12,4,4,5,278,312,,Start -> what-is-nostr; People -> people; Apps -> apps/catalog; Relays -> relay-market-directory; NIPs -> nips/complete-index; Privacy -> privacy-security; Wallets -> nip-47-wallet-connect; Media -> music-video-media; Commerce -> content-sale; Governance -> dao-governance; Crays -> nostr-and-crays; Library -> archive-library,,,0,,,Nostree,0,,1,Nostree,32,0,0,P3,gezielte redaktionelle Politur und Quellenabgleich
https://www.crays.org/nostr/apps/research/nostria/,apps/research/nostria,Nostria,Apps,App profiles,Tool- / Client- / App-Seite,brauchbar,1391,12,4,4,5,278,312,,Start -> what-is-nostr; People -> people; Apps -> apps/catalog; Relays -> relay-market-directory; NIPs -> nips/complete-index; Privacy -> privacy-security; Wallets -> nip-47-wallet-connect; Media -> music-video-media; Commerce -> content-sale; Governance -> dao-governance; Crays -> nostr-and-crays; Library -> archive-library,,,0,,,Nostria,0,,1,Nostria,32,0,0,P3,gezielte redaktionelle Politur und Quellenabgleich
https://www.crays.org/nostr/apps/research/nostrid/,apps/research/nostrid,Nostrid,Apps,App profiles,Tool- / Client- / App-Seite,brauchbar,1377,12,4,4,5,278,312,,Start -> what-is-nostr; People -> people; Apps -> apps/catalog; Relays -> relay-market-directory; NIPs -> nips/complete-index; Privacy -> privacy-security; Wallets -> nip-47-wallet-connect; Media -> music-video-media; Commerce -> content-sale; Governance -> dao-governance; Crays -> nostr-and-crays; Library -> archive-library,,,0,,,Nostrid,0,,1,Nostrid,30,0,0,P3,gezielte redaktionelle Politur und Quellenabgleich
https://www.crays.org/nostr/apps/research/nostrium-read-nostr-com/,apps/research/nostrium-read-nostr-com,Nostrium / read.nostr.com,Apps,App profiles,Tool- / Client- / App-Seite,brauchbar,1484,12,5,4,5,278,314,,Start -> what-is-nostr; People -> people; Apps -> apps/catalog; Relays -> relay-market-directory; NIPs -> nips/complete-index; Privacy -> privacy-security; Wallets -> nip-47-wallet-connect; Media -> music-video-media; Commerce -> content-sale; Governance -> dao-governance; Crays -> nostr-and-crays; Library -> archive-library,,,0,,,Nostrium / read.nostr.com,0,,1,Nostrium / read.nostr.com,30,0,0,P3,gezielte redaktionelle Politur und Quellenabgleich
https://www.crays.org/nostr/apps/research/nostrmo/,apps/research/nostrmo,Nostrmo,Apps,App profiles,Tool- / Client- / App-Seite,brauchbar,1390,12,4,4,5,278,312,,Start -> what-is-nostr; People -> people; Apps -> apps/catalog; Relays -> relay-market-directory; NIPs -> nips/complete-index; Privacy -> privacy-security; Wallets -> nip-47-wallet-connect; Media -> music-video-media; Commerce -> content-sale; Governance -> dao-governance; Crays -> nostr-and-crays; Library -> archive-library,,,0,,,Nostrmo,0,,1,Nostrmo,31,0,0,P3,gezielte redaktionelle Politur und Quellenabgleich
https://www.crays.org/nostr/apps/research/nostrube/,apps/research/nostrube,Nostrube,Apps,App profiles,Tool- / Client- / App-Seite,brauchbar,1372,12,4,4,5,278,313,,Start -> what-is-nostr; People -> people; Apps -> apps/catalog; Relays -> relay-market-directory; NIPs -> nips/complete-index; Privacy -> privacy-security; Wallets -> nip-47-wallet-connect; Media -> music-video-media; Commerce -> content-sale; Governance -> dao-governance; Crays -> nostr-and-crays; Library -> archive-library,,,0,,,Nostrube,0,,1,Nostrube,30,0,0,P3,gezielte redaktionelle Politur und Quellenabgleich
https://www.crays.org/nostr/apps/research/nostrudel/,apps/research/nostrudel,noStrudel,Apps,App profiles,Tool- / Client- / App-Seite,brauchbar,1391,12,4,4,5,278,312,,Start -> what-is-nostr; People -> people; Apps -> apps/catalog; Relays -> relay-market-directory; NIPs -> nips/complete-index; Privacy -> privacy-security; Wallets -> nip-47-wallet-connect; Media -> music-video-media; Commerce -> content-sale; Governance -> dao-governance; Crays -> nostr-and-crays; Library -> archive-library,,,0,,,noStrudel,0,,1,noStrudel,32,0,0,P3,gezielte redaktionelle Politur und Quellenabgleich
https://www.crays.org/nostr/apps/research/nostter/,apps/research/nostter,Nostter,Apps,App profiles,Tool- / Client- / App-Seite,brauchbar,1372,12,4,4,5,278,312,,Start -> what-is-nostr; People -> people; Apps -> apps/catalog; Relays -> relay-market-directory; NIPs -> nips/complete-index; Privacy -> privacy-security; Wallets -> nip-47-wallet-connect; Media -> music-video-media; Commerce -> content-sale; Governance -> dao-governance; Crays -> nostr-and-crays; Library -> archive-library,,,0,,,Nostter,0,,1,Nostter,32,0,0,P3,gezielte redaktionelle Politur und Quellenabgleich
https://www.crays.org/nostr/apps/research/nostur/,apps/research/nostur,Nostur,Apps,App profiles,Tool- / Client- / App-Seite,brauchbar,1390,12,4,4,5,278,312,,Start -> what-is-nostr; People -> people; Apps -> apps/catalog; Relays -> relay-market-directory; NIPs -> nips/complete-index; Privacy -> privacy-security; Wallets -> nip-47-wallet-connect; Media -> music-video-media; Commerce -> content-sale; Governance -> dao-governance; Crays -> nostr-and-crays; Library -> archive-library,,,0,,,Nostur,0,,1,Nostur,32,0,0,P3,gezielte redaktionelle Politur und Quellenabgleich
https://www.crays.org/nostr/apps/research/notedeck/,apps/research/notedeck,Notedeck,Apps,App profiles,Tool- / Client- / App-Seite,brauchbar,1378,12,4,4,5,278,312,,Start -> what-is-nostr; People -> people; Apps -> apps/catalog; Relays -> relay-market-directory; NIPs -> nips/complete-index; Privacy -> privacy-security; Wallets -> nip-47-wallet-connect; Media -> music-video-media; Commerce -> content-sale; Governance -> dao-governance; Crays -> nostr-and-crays; Library -> archive-library,,,0,,,Notedeck,0,,1,Notedeck,30,0,0,P3,gezielte redaktionelle Politur und Quellenabgleich
https://www.crays.org/nostr/apps/research/npub-pro/,apps/research/npub-pro,Npub.pro,Apps,App profiles,Tool- / Client- / App-Seite,brauchbar,1405,12,5,4,5,278,312,,Start -> what-is-nostr; People -> people; Apps -> apps/catalog; Relays -> relay-market-directory; NIPs -> nips/complete-index; Privacy -> privacy-security; Wallets -> nip-47-wallet-connect; Media -> music-video-media; Commerce -> content-sale; Governance -> dao-governance; Crays -> nostr-and-crays; Library -> archive-library,,,0,,,Npub.pro,0,,1,Npub.pro,30,0,0,P3,gezielte redaktionelle Politur und Quellenabgleich
https://www.crays.org/nostr/apps/research/npub-world/,apps/research/npub-world,Npub.world,Apps,App profiles,Tool- / Client- / App-Seite,brauchbar,1405,12,5,4,5,278,312,,Start -> what-is-nostr; People -> people; Apps -> apps/catalog; Relays -> relay-market-directory; NIPs -> nips/complete-index; Privacy -> privacy-security; Wallets -> nip-47-wallet-connect; Media -> music-video-media; Commerce -> content-sale; Governance -> dao-governance; Crays -> nostr-and-crays; Library -> archive-library,,,0,,,Npub.world,0,,1,Npub.world,30,0,0,P3,gezielte redaktionelle Politur und Quellenabgleich
https://www.crays.org/nostr/apps/research/nsite/,apps/research/nsite,Nsite,Apps,App profiles,Tool- / Client- / App-Seite,brauchbar,1393,12,4,4,5,278,312,,Start -> what-is-nostr; People -> people; Apps -> apps/catalog; Relays -> relay-market-directory; NIPs -> nips/complete-index; Privacy -> privacy-security; Wallets -> nip-47-wallet-connect; Media -> music-video-media; Commerce -> content-sale; Governance -> dao-governance; Crays -> nostr-and-crays; Library -> archive-library,,,0,,,Nsite,0,,1,Nsite,30,0,0,P3,gezielte redaktionelle Politur und Quellenabgleich
https://www.crays.org/nostr/apps/research/nstart-me/,apps/research/nstart-me,Nstart.me,Apps,App profiles,Tool- / Client- / App-Seite,brauchbar,1421,12,5,4,5,278,313,,Start -> what-is-nostr; People -> people; Apps -> apps/catalog; Relays -> relay-market-directory; NIPs -> nips/complete-index; Privacy -> privacy-security; Wallets -> nip-47-wallet-connect; Media -> music-video-media; Commerce -> content-sale; Governance -> dao-governance; Crays -> nostr-and-crays; Library -> archive-library,,,0,,,Nstart.me,0,,1,Nstart.me,32,0,0,P3,gezielte redaktionelle Politur und Quellenabgleich
https://www.crays.org/nostr/apps/research/obsidian-nostr-writer/,apps/research/obsidian-nostr-writer,Obsidian Nostr Writer,Apps,App profiles,Tool- / Client- / App-Seite,brauchbar,1440,12,5,4,5,278,312,,Start -> what-is-nostr; People -> people; Apps -> apps/catalog; Relays -> relay-market-directory; NIPs -> nips/complete-index; Privacy -> privacy-security; Wallets -> nip-47-wallet-connect; Media -> music-video-media; Commerce -> content-sale; Governance -> dao-governance; Crays -> nostr-and-crays; Library -> archive-library,,,0,,,Obsidian Nostr Writer,0,,1,Obsidian Nostr Writer,31,0,0,P3,gezielte redaktionelle Politur und Quellenabgleich
https://www.crays.org/nostr/apps/research/olas/,apps/research/olas,Olas,Apps,App profiles,Tool- / Client- / App-Seite,brauchbar,1391,12,4,4,5,278,312,,Start -> what-is-nostr; People -> people; Apps -> apps/catalog; Relays -> relay-market-directory; NIPs -> nips/complete-index; Privacy -> privacy-security; Wallets -> nip-47-wallet-connect; Media -> music-video-media; Commerce -> content-sale; Governance -> dao-governance; Crays -> nostr-and-crays; Library -> archive-library,,,0,,,Olas,0,,1,Olas,32,0,0,P3,gezielte redaktionelle Politur und Quellenabgleich
https://www.crays.org/nostr/apps/research/openvibe/,apps/research/openvibe,Openvibe,Apps,App profiles,Tool- / Client- / App-Seite,brauchbar,1375,12,4,4,5,278,312,,Start -> what-is-nostr; People -> people; Apps -> apps/catalog; Relays -> relay-market-directory; NIPs -> nips/complete-index; Privacy -> privacy-security; Wallets -> nip-47-wallet-connect; Media -> music-video-media; Commerce -> content-sale; Governance -> dao-governance; Crays -> nostr-and-crays; Library -> archive-library,,,0,,,Openvibe,0,,1,Openvibe,30,0,0,P3,gezielte redaktionelle Politur und Quellenabgleich
https://www.crays.org/nostr/apps/research/oracolo/,apps/research/oracolo,Oracolo,Apps,App profiles,Tool- / Client- / App-Seite,brauchbar,1390,12,4,4,5,278,313,,Start -> what-is-nostr; People -> people; Apps -> apps/catalog; Relays -> relay-market-directory; NIPs -> nips/complete-index; Privacy -> privacy-security; Wallets -> nip-47-wallet-connect; Media -> music-video-media; Commerce -> content-sale; Governance -> dao-governance; Crays -> nostr-and-crays; Library -> archive-library,,,0,,,Oracolo,0,,1,Oracolo,32,0,0,P3,gezielte redaktionelle Politur und Quellenabgleich
https://www.crays.org/nostr/apps/research/ostrich-work/,apps/research/ostrich-work,Ostrich Work,Apps,App profiles,Tool- / Client- / App-Seite,brauchbar,1401,12,5,4,5,278,313,,Start -> what-is-nostr; People -> people; Apps -> apps/catalog; Relays -> relay-market-directory; NIPs -> nips/complete-index; Privacy -> privacy-security; Wallets -> nip-47-wallet-connect; Media -> music-video-media; Commerce -> content-sale; Governance -> dao-governance; Crays -> nostr-and-crays; Library -> archive-library,,,0,,,Ostrich Work,0,,1,Ostrich Work,30,0,0,P3,gezielte redaktionelle Politur und Quellenabgleich
https://www.crays.org/nostr/apps/research/p2p-band/,apps/research/p2p-band,P2P Band,Apps,App profiles,Tool- / Client- / App-Seite,brauchbar,1403,12,5,4,5,278,313,,Start -> what-is-nostr; People -> people; Apps -> apps/catalog; Relays -> relay-market-directory; NIPs -> nips/complete-index; Privacy -> privacy-security; Wallets -> nip-47-wallet-connect; Media -> music-video-media; Commerce -> content-sale; Governance -> dao-governance; Crays -> nostr-and-crays; Library -> archive-library,,,0,,,P2P Band,0,,1,P2P Band,30,0,0,P3,gezielte redaktionelle Politur und Quellenabgleich
https://www.crays.org/nostr/apps/research/paz/,apps/research/paz,Paz,Apps,App profiles,Tool- / Client- / App-Seite,brauchbar,1372,12,4,4,5,278,312,,Start -> what-is-nostr; People -> people; Apps -> apps/catalog; Relays -> relay-market-directory; NIPs -> nips/complete-index; Privacy -> privacy-security; Wallets -> nip-47-wallet-connect; Media -> music-video-media; Commerce -> content-sale; Governance -> dao-governance; Crays -> nostr-and-crays; Library -> archive-library,,,0,,,Paz,0,,1,Paz,30,0,0,P3,gezielte redaktionelle Politur und Quellenabgleich
https://www.crays.org/nostr/apps/research/peridot/,apps/research/peridot,Peridot,Apps,App profiles,Tool- / Client- / App-Seite,brauchbar,1390,12,4,4,5,278,312,,Start -> what-is-nostr; People -> people; Apps -> apps/catalog; Relays -> relay-market-directory; NIPs -> nips/complete-index; Privacy -> privacy-security; Wallets -> nip-47-wallet-connect; Media -> music-video-media; Commerce -> content-sale; Governance -> dao-governance; Crays -> nostr-and-crays; Library -> archive-library,,,0,,,Peridot,0,,1,Peridot,31,0,0,P3,gezielte redaktionelle Politur und Quellenabgleich
https://www.crays.org/nostr/apps/research/phoenix/,apps/research/phoenix,Phoenix,Apps,App profiles,Tool- / Client- / App-Seite,brauchbar,1388,12,4,4,5,278,312,,Start -> what-is-nostr; People -> people; Apps -> apps/catalog; Relays -> relay-market-directory; NIPs -> nips/complete-index; Privacy -> privacy-security; Wallets -> nip-47-wallet-connect; Media -> music-video-media; Commerce -> content-sale; Governance -> dao-governance; Crays -> nostr-and-crays; Library -> archive-library,,,0,,,Phoenix,0,,1,Phoenix,32,0,0,P3,gezielte redaktionelle Politur und Quellenabgleich
https://www.crays.org/nostr/apps/research/plebeian-market/,apps/research/plebeian-market,Plebeian Market,Apps,App profiles,Tool- / Client- / App-Seite,brauchbar,1419,12,5,4,5,278,313,,Start -> what-is-nostr; People -> people; Apps -> apps/catalog; Relays -> relay-market-directory; NIPs -> nips/complete-index; Privacy -> privacy-security; Wallets -> nip-47-wallet-connect; Media -> music-video-media; Commerce -> content-sale; Governance -> dao-governance; Crays -> nostr-and-crays; Library -> archive-library,,,0,,,Plebeian Market,0,,1,Plebeian Market,32,0,0,P3,gezielte redaktionelle Politur und Quellenabgleich
https://www.crays.org/nostr/apps/research/postr-write-nostr-com/,apps/research/postr-write-nostr-com,Postr / write.nostr.com,Apps,App profiles,Tool- / Client- / App-Seite,brauchbar,1486,12,5,4,5,278,314,,Start -> what-is-nostr; People -> people; Apps -> apps/catalog; Relays -> relay-market-directory; NIPs -> nips/complete-index; Privacy -> privacy-security; Wallets -> nip-47-wallet-connect; Media -> music-video-media; Commerce -> content-sale; Governance -> dao-governance; Crays -> nostr-and-crays; Library -> archive-library,,,0,,,Postr / write.nostr.com,0,,1,Postr / write.nostr.com,30,0,0,P3,gezielte redaktionelle Politur und Quellenabgleich
https://www.crays.org/nostr/apps/research/primal/,apps/research/primal,Primal,Apps,App profiles,Tool- / Client- / App-Seite,brauchbar,1398,12,4,4,5,278,313,,Start -> what-is-nostr; People -> people; Apps -> apps/catalog; Relays -> relay-market-directory; NIPs -> nips/complete-index; Privacy -> privacy-security; Wallets -> nip-47-wallet-connect; Media -> music-video-media; Commerce -> content-sale; Governance -> dao-governance; Crays -> nostr-and-crays; Library -> archive-library,,,0,,,Primal,0,,1,Primal,32,0,0,P3,gezielte redaktionelle Politur und Quellenabgleich
https://www.crays.org/nostr/apps/research/primal-article-editor-reads-authoring/,apps/research/primal-article-editor-reads-authoring,Primal Article Editor / Reads authoring,Apps,App profiles,Tool- / Client- / App-Seite,brauchbar,1498,12,5,4,5,278,312,,Start -> what-is-nostr; People -> people; Apps -> apps/catalog; Relays -> relay-market-directory; NIPs -> nips/complete-index; Privacy -> privacy-security; Wallets -> nip-47-wallet-connect; Media -> music-video-media; Commerce -> content-sale; Governance -> dao-governance; Crays -> nostr-and-crays; Library -> archive-library,,,0,,,Primal Article Editor / Reads authoring,0,,1,Primal Article Editor / Reads authoring,30,0,0,P3,gezielte redaktionelle Politur und Quellenabgleich
https://www.crays.org/nostr/apps/research/primal-studio/,apps/research/primal-studio,Primal Studio,Apps,App profiles,Tool- / Client- / App-Seite,brauchbar,1403,12,5,4,5,278,313,,Start -> what-is-nostr; People -> people; Apps -> apps/catalog; Relays -> relay-market-directory; NIPs -> nips/complete-index; Privacy -> privacy-security; Wallets -> nip-47-wallet-connect; Media -> music-video-media; Commerce -> content-sale; Governance -> dao-governance; Crays -> nostr-and-crays; Library -> archive-library,,,0,,,Primal Studio,0,,1,Primal Studio,32,0,0,P3,gezielte redaktionelle Politur und Quellenabgleich
https://www.crays.org/nostr/apps/research/recommended-application-handlers/,apps/research/recommended-application-handlers,Recommended Application Handlers,Apps,App profiles,Tool- / Client- / App-Seite,brauchbar,1467,12,5,4,5,278,312,,Start -> what-is-nostr; People -> people; Apps -> apps/catalog; Relays -> relay-market-directory; NIPs -> nips/complete-index; Privacy -> privacy-security; Wallets -> nip-47-wallet-connect; Media -> music-video-media; Commerce -> content-sale; Governance -> dao-governance; Crays -> nostr-and-crays; Library -> archive-library,,,0,,,Recommended Application Handlers,0,,1,Recommended Application Handlers,30,0,0,P3,gezielte redaktionelle Politur und Quellenabgleich
https://www.crays.org/nostr/apps/research/relay-tools/,apps/research/relay-tools,Relay Tools,Apps,App profiles,Tool- / Client- / App-Seite,brauchbar,1405,12,5,4,5,278,312,,Start -> what-is-nostr; People -> people; Apps -> apps/catalog; Relays -> relay-market-directory; NIPs -> nips/complete-index; Privacy -> privacy-security; Wallets -> nip-47-wallet-connect; Media -> music-video-media; Commerce -> content-sale; Governance -> dao-governance; Crays -> nostr-and-crays; Library -> archive-library,,,0,,,Relay Tools,0,,1,Relay Tools,31,0,0,P3,gezielte redaktionelle Politur und Quellenabgleich
https://www.crays.org/nostr/apps/research/satellite/,apps/research/satellite,Satellite,Apps,App profiles,Tool- / Client- / App-Seite,brauchbar,1374,12,4,4,5,278,312,,Start -> what-is-nostr; People -> people; Apps -> apps/catalog; Relays -> relay-market-directory; NIPs -> nips/complete-index; Privacy -> privacy-security; Wallets -> nip-47-wallet-connect; Media -> music-video-media; Commerce -> content-sale; Governance -> dao-governance; Crays -> nostr-and-crays; Library -> archive-library,,,0,,,Satellite,0,,1,Satellite,30,0,0,P3,gezielte redaktionelle Politur und Quellenabgleich
https://www.crays.org/nostr/apps/research/satshoot/,apps/research/satshoot,SatShoot,Apps,App profiles,Tool- / Client- / App-Seite,brauchbar,1370,12,4,4,5,278,313,,Start -> what-is-nostr; People -> people; Apps -> apps/catalog; Relays -> relay-market-directory; NIPs -> nips/complete-index; Privacy -> privacy-security; Wallets -> nip-47-wallet-connect; Media -> music-video-media; Commerce -> content-sale; Governance -> dao-governance; Crays -> nostr-and-crays; Library -> archive-library,,,0,,,SatShoot,0,,1,SatShoot,30,0,0,P3,gezielte redaktionelle Politur und Quellenabgleich
https://www.crays.org/nostr/apps/research/shakespeare/,apps/research/shakespeare,Shakespeare,Apps,App profiles,Tool- / Client- / App-Seite,brauchbar,1386,12,4,4,5,278,312,,Start -> what-is-nostr; People -> people; Apps -> apps/catalog; Relays -> relay-market-directory; NIPs -> nips/complete-index; Privacy -> privacy-security; Wallets -> nip-47-wallet-connect; Media -> music-video-media; Commerce -> content-sale; Governance -> dao-governance; Crays -> nostr-and-crays; Library -> archive-library,,,0,,,Shakespeare,0,,1,Shakespeare,32,0,0,P3,gezielte redaktionelle Politur und Quellenabgleich
https://www.crays.org/nostr/apps/research/shopstr/,apps/research/shopstr,Shopstr,Apps,App profiles,Tool- / Client- / App-Seite,brauchbar,1386,12,4,4,5,278,313,,Start -> what-is-nostr; People -> people; Apps -> apps/catalog; Relays -> relay-market-directory; NIPs -> nips/complete-index; Privacy -> privacy-security; Wallets -> nip-47-wallet-connect; Media -> music-video-media; Commerce -> content-sale; Governance -> dao-governance; Crays -> nostr-and-crays; Library -> archive-library,,,0,,,Shopstr,0,,1,Shopstr,32,0,0,P3,gezielte redaktionelle Politur und Quellenabgleich
https://www.crays.org/nostr/apps/research/slidestr/,apps/research/slidestr,Slidestr,Apps,App profiles,Tool- / Client- / App-Seite,brauchbar,1373,12,4,4,5,278,312,,Start -> what-is-nostr; People -> people; Apps -> apps/catalog; Relays -> relay-market-directory; NIPs -> nips/complete-index; Privacy -> privacy-security; Wallets -> nip-47-wallet-connect; Media -> music-video-media; Commerce -> content-sale; Governance -> dao-governance; Crays -> nostr-and-crays; Library -> archive-library,,,0,,,Slidestr,0,,1,Slidestr,32,0,0,P3,gezielte redaktionelle Politur und Quellenabgleich
https://www.crays.org/nostr/apps/research/snort/,apps/research/snort,Snort,Apps,App profiles,Tool- / Client- / App-Seite,brauchbar,1375,12,4,4,5,278,312,,Start -> what-is-nostr; People -> people; Apps -> apps/catalog; Relays -> relay-market-directory; NIPs -> nips/complete-index; Privacy -> privacy-security; Wallets -> nip-47-wallet-connect; Media -> music-video-media; Commerce -> content-sale; Governance -> dao-governance; Crays -> nostr-and-crays; Library -> archive-library,,,0,,,Snort,0,,1,Snort,30,0,0,P3,gezielte redaktionelle Politur und Quellenabgleich
https://www.crays.org/nostr/apps/research/stemstr/,apps/research/stemstr,Stemstr,Apps,App profiles,Tool- / Client- / App-Seite,brauchbar,1378,12,4,4,5,278,312,,Start -> what-is-nostr; People -> people; Apps -> apps/catalog; Relays -> relay-market-directory; NIPs -> nips/complete-index; Privacy -> privacy-security; Wallets -> nip-47-wallet-connect; Media -> music-video-media; Commerce -> content-sale; Governance -> dao-governance; Crays -> nostr-and-crays; Library -> archive-library,,,0,,,Stemstr,0,,1,Stemstr,30,0,0,P3,gezielte redaktionelle Politur und Quellenabgleich
https://www.crays.org/nostr/apps/research/treasures/,apps/research/treasures,Treasures,Apps,App profiles,Tool- / Client- / App-Seite,brauchbar,1370,12,4,4,5,278,313,,Start -> what-is-nostr; People -> people; Apps -> apps/catalog; Relays -> relay-market-directory; NIPs -> nips/complete-index; Privacy -> privacy-security; Wallets -> nip-47-wallet-connect; Media -> music-video-media; Commerce -> content-sale; Governance -> dao-governance; Crays -> nostr-and-crays; Library -> archive-library,,,0,,,Treasures,0,,1,Treasures,32,0,0,P3,gezielte redaktionelle Politur und Quellenabgleich
https://www.crays.org/nostr/apps/research/wavlake/,apps/research/wavlake,Wavlake,Apps,App profiles,Tool- / Client- / App-Seite,brauchbar,1376,12,4,4,5,278,313,,Start -> what-is-nostr; People -> people; Apps -> apps/catalog; Relays -> relay-market-directory; NIPs -> nips/complete-index; Privacy -> privacy-security; Wallets -> nip-47-wallet-connect; Media -> music-video-media; Commerce -> content-sale; Governance -> dao-governance; Crays -> nostr-and-crays; Library -> archive-library,,,0,,,Wavlake,0,,1,Wavlake,32,0,0,P3,gezielte redaktionelle Politur und Quellenabgleich
https://www.crays.org/nostr/apps/research/wikifreedia/,apps/research/wikifreedia,Wikifreedia,Apps,App profiles,Tool- / Client- / App-Seite,brauchbar,1389,12,4,4,5,278,312,,Start -> what-is-nostr; People -> people; Apps -> apps/catalog; Relays -> relay-market-directory; NIPs -> nips/complete-index; Privacy -> privacy-security; Wallets -> nip-47-wallet-connect; Media -> music-video-media; Commerce -> content-sale; Governance -> dao-governance; Crays -> nostr-and-crays; Library -> archive-library,,,0,,,Wikifreedia,0,,1,Wikifreedia,32,0,0,P3,gezielte redaktionelle Politur und Quellenabgleich
https://www.crays.org/nostr/apps/research/wikistr/,apps/research/wikistr,Wikistr,Apps,App profiles,Tool- / Client- / App-Seite,brauchbar,1392,12,4,4,5,278,312,,Start -> what-is-nostr; People -> people; Apps -> apps/catalog; Relays -> relay-market-directory; NIPs -> nips/complete-index; Privacy -> privacy-security; Wallets -> nip-47-wallet-connect; Media -> music-video-media; Commerce -> content-sale; Governance -> dao-governance; Crays -> nostr-and-crays; Library -> archive-library,,,0,,,Wikistr,0,,1,Wikistr,32,0,0,P3,gezielte redaktionelle Politur und Quellenabgleich
https://www.crays.org/nostr/apps/research/yakihonne/,apps/research/yakihonne,YakiHonne,Apps,App profiles,Tool- / Client- / App-Seite,brauchbar,1406,12,5,4,5,278,313,,Start -> what-is-nostr; People -> people; Apps -> apps/catalog; Relays -> relay-market-directory; NIPs -> nips/complete-index; Privacy -> privacy-security; Wallets -> nip-47-wallet-connect; Media -> music-video-media; Commerce -> content-sale; Governance -> dao-governance; Crays -> nostr-and-crays; Library -> archive-library,,,0,,,YakiHonne,0,,1,YakiHonne,32,0,0,P3,gezielte redaktionelle Politur und Quellenabgleich
https://www.crays.org/nostr/apps/research/yakihonne-mobile-web-app-directory/,apps/research/yakihonne-mobile-web-app-directory,YakiHonne mobile/web app directory,Apps,App profiles,Tool- / Client- / App-Seite,brauchbar,1503,12,5,4,5,278,312,,Start -> what-is-nostr; People -> people; Apps -> apps/catalog; Relays -> relay-market-directory; NIPs -> nips/complete-index; Privacy -> privacy-security; Wallets -> nip-47-wallet-connect; Media -> music-video-media; Commerce -> content-sale; Governance -> dao-governance; Crays -> nostr-and-crays; Library -> archive-library,,,0,,,YakiHonne mobile/web app directory,0,,1,YakiHonne mobile/web app directory,30,0,0,P3,gezielte redaktionelle Politur und Quellenabgleich
https://www.crays.org/nostr/apps/research/yondar/,apps/research/yondar,Yondar,Apps,App profiles,Tool- / Client- / App-Seite,brauchbar,1389,12,4,4,5,278,312,,Start -> what-is-nostr; People -> people; Apps -> apps/catalog; Relays -> relay-market-directory; NIPs -> nips/complete-index; Privacy -> privacy-security; Wallets -> nip-47-wallet-connect; Media -> music-video-media; Commerce -> content-sale; Governance -> dao-governance; Crays -> nostr-and-crays; Library -> archive-library,,,0,,,Yondar,0,,1,Yondar,32,0,0,P3,gezielte redaktionelle Politur und Quellenabgleich
https://www.crays.org/nostr/apps/rust-nostr/,apps/rust-nostr,rust-nostr,Apps,App profiles,Tool- / Client- / App-Seite,brauchbar,1444,15,5,4,5,285,310,,Start -> what-is-nostr; People -> people; Apps -> apps/catalog; Relays -> relay-market-directory; NIPs -> nips/complete-index; Privacy -> privacy-security; Wallets -> nip-47-wallet-connect; Media -> music-video-media; Commerce -> content-sale; Governance -> dao-governance; Crays -> nostr-and-crays; Library -> archive-library,,,0,,,rust-nostr,0,,1,rust-nostr,29,0,0,P3,gezielte redaktionelle Politur und Quellenabgleich
https://www.crays.org/nostr/apps/satellite-earth/,apps/satellite-earth,Satellite Earth,Apps,App profiles,Tool- / Client- / App-Seite,brauchbar,1469,15,5,4,5,280,311,,Start -> what-is-nostr; People -> people; Apps -> apps/catalog; Relays -> relay-market-directory; NIPs -> nips/complete-index; Privacy -> privacy-security; Wallets -> nip-47-wallet-connect; Media -> music-video-media; Commerce -> content-sale; Governance -> dao-governance; Crays -> nostr-and-crays; Library -> archive-library,,,0,,,Satellite Earth,0,,1,Satellite Earth,29,0,0,P3,gezielte redaktionelle Politur und Quellenabgleich
https://www.crays.org/nostr/apps/snort/,apps/snort,Snort,Apps,App profiles,Tool- / Client- / App-Seite,brauchbar,1445,15,5,4,5,281,310,,Start -> what-is-nostr; People -> people; Apps -> apps/catalog; Relays -> relay-market-directory; NIPs -> nips/complete-index; Privacy -> privacy-security; Wallets -> nip-47-wallet-connect; Media -> music-video-media; Commerce -> content-sale; Governance -> dao-governance; Crays -> nostr-and-crays; Library -> archive-library,,,0,,,Snort,0,,1,Snort,29,0,0,P3,gezielte redaktionelle Politur und Quellenabgleich
https://www.crays.org/nostr/apps/wavlake/,apps/wavlake,Wavlake,Apps,App profiles,Tool- / Client- / App-Seite,brauchbar,1439,15,5,4,5,329,309,,Start -> what-is-nostr; People -> people; Apps -> apps/catalog; Relays -> relay-market-directory; NIPs -> nips/complete-index; Privacy -> privacy-security; Wallets -> nip-47-wallet-connect; Media -> music-video-media; Commerce -> content-sale; Governance -> dao-governance; Crays -> nostr-and-crays; Library -> archive-library,,,0,,,Wavlake,0,,1,Wavlake,30,0,0,P3,gezielte redaktionelle Politur und Quellenabgleich
https://www.crays.org/nostr/apps/yakihonne/,apps/yakihonne,YakiHonne,Apps,App profiles,Tool- / Client- / App-Seite,brauchbar,1445,15,5,4,5,337,310,,Start -> what-is-nostr; People -> people; Apps -> apps/catalog; Relays -> relay-market-directory; NIPs -> nips/complete-index; Privacy -> privacy-security; Wallets -> nip-47-wallet-connect; Media -> music-video-media; Commerce -> content-sale; Governance -> dao-governance; Crays -> nostr-and-crays; Library -> archive-library,,,0,,,YakiHonne,0,,1,YakiHonne,30,0,0,P3,gezielte redaktionelle Politur und Quellenabgleich
https://www.crays.org/nostr/clients/,clients,Nostr Clients,Apps,App orientation,Grundlagenartikel,brauchbar,1428,15,5,4,5,1419,317,,Start -> what-is-nostr; People -> people; Apps -> apps/catalog; Relays -> relay-market-directory; NIPs -> nips/complete-index; Privacy -> privacy-security; Wallets -> nip-47-wallet-connect; Media -> music-video-media; Commerce -> content-sale; Governance -> dao-governance; Crays -> nostr-and-crays; Library -> archive-library,,,0,,,Nostr Clients,0,,1,Nostr Clients,30,0,0,P3,gezielte redaktionelle Politur und Quellenabgleich
https://www.crays.org/nostr/developer-tools/,developer-tools,Nostr Developer Tools,Apps,App orientation,Grundlagenartikel,brauchbar,1454,15,5,4,5,685,316,,Start -> what-is-nostr; People -> people; Apps -> apps/catalog; Relays -> relay-market-directory; NIPs -> nips/complete-index; Privacy -> privacy-security; Wallets -> nip-47-wallet-connect; Media -> music-video-media; Commerce -> content-sale; Governance -> dao-governance; Crays -> nostr-and-crays; Library -> archive-library,,,0,,,Nostr Developer Tools,0,,1,Nostr Developer Tools,31,0,0,P3,gezielte redaktionelle Politur und Quellenabgleich
https://www.crays.org/nostr/nip-07-signers/,nip-07-signers,NIP-07: Browser Signers,Apps,NIP explainer pages,NIP-Seite,brauchbar,1192,10,4,4,4,1161,305,event -> events-and-kinds; zap -> nip-57-zaps-lightning,Start -> what-is-nostr; People -> people; Apps -> apps/catalog; Relays -> relay-market-directory; NIPs -> nips/complete-index; Privacy -> privacy-security; Wallets -> nip-47-wallet-connect; Media -> music-video-media; Commerce -> content-sale; Governance -> dao-governance; Crays -> nostr-and-crays; Library -> archive-library,,,0,,,NIP-07: Browser Signers,0,,1,NIP-07: Browser Signers,28,0,0,P3,gezielte redaktionelle Politur und Quellenabgleich
https://www.crays.org/nostr/nostr-login/,nostr-login,Nostr Login,Apps,App orientation,Grundlagenartikel,brauchbar,1439,16,5,4,5,328,309,,Start -> what-is-nostr; People -> people; Apps -> apps/catalog; Relays -> relay-market-directory; NIPs -> nips/complete-index; Privacy -> privacy-security; Wallets -> nip-47-wallet-connect; Media -> music-video-media; Commerce -> content-sale; Governance -> dao-governance; Crays -> nostr-and-crays; Library -> archive-library,,,0,,,Nostr Login,0,,1,Nostr Login,29,0,0,P3,gezielte redaktionelle Politur und Quellenabgleich
https://www.crays.org/nostr/apps/category-marketplace/,apps/category-marketplace,Nostr Apps: Marketplaces,Commerce,App categories,Tool- / Client- / App-Seite,brauchbar,1463,14,5,4,5,474,49,,Start -> what-is-nostr; People -> people; Apps -> apps/catalog; Relays -> relay-market-directory; NIPs -> nips/complete-index; Privacy -> privacy-security; Wallets -> nip-47-wallet-connect; Media -> music-video-media; Commerce -> content-sale; Governance -> dao-governance; Crays -> nostr-and-crays; Library -> archive-library,,,0,,,Nostr Apps: Marketplaces,0,,1,Nostr Apps: Marketplaces,23,0,0,P3,gezielte redaktionelle Politur und Quellenabgleich
https://www.crays.org/nostr/apps/foundups-agent/,apps/foundups-agent,FoundUPS Agent,Commerce,App profiles,Tool- / Client- / App-Seite,brauchbar,1424,14,5,4,5,294,45,,Start -> what-is-nostr; People -> people; Apps -> apps/catalog; Relays -> relay-market-directory; NIPs -> nips/complete-index; Privacy -> privacy-security; Wallets -> nip-47-wallet-connect; Media -> music-video-media; Commerce -> content-sale; Governance -> dao-governance; Crays -> nostr-and-crays; Library -> archive-library,,,0,,,FoundUPS Agent,0,,1,FoundUPS Agent,18,0,0,P3,gezielte redaktionelle Politur und Quellenabgleich
https://www.crays.org/nostr/apps/research/nostrapps-category-marketplaces/,apps/research/nostrapps-category-marketplaces,NostrApps category — Marketplaces,Commerce,App profiles,Tool- / Client- / App-Seite,brauchbar,1445,12,5,4,4,16,43,signer -> nip-07-signers,Start -> what-is-nostr; People -> people; Apps -> apps/catalog; Relays -> relay-market-directory; NIPs -> nips/complete-index; Privacy -> privacy-security; Wallets -> nip-47-wallet-connect; Media -> music-video-media; Commerce -> content-sale; Governance -> dao-governance; Crays -> nostr-and-crays; Library -> archive-library,,,0,,,NostrApps category — Marketplaces,0,,1,NostrApps category — Marketplaces,21,0,0,P3,gezielte redaktionelle Politur und Quellenabgleich
https://www.crays.org/nostr/awards/,awards,Nostr and Crays Award,Commerce,Commerce and markets,Oekosystem-Seite,brauchbar,1472,16,5,4,4,42,42,signer -> nip-07-signers,Start -> what-is-nostr; People -> people; Apps -> apps/catalog; Relays -> relay-market-directory; NIPs -> nips/complete-index; Privacy -> privacy-security; Wallets -> nip-47-wallet-connect; Media -> music-video-media; Commerce -> content-sale; Governance -> dao-governance; Crays -> nostr-and-crays; Library -> archive-library,,,0,,,Nostr and Crays Award,0,,1,Nostr and Crays Award,19,0,0,P3,gezielte redaktionelle Politur und Quellenabgleich
https://www.crays.org/nostr/content-sale/,content-sale,Nostr and Crays Content Sale,Commerce,Commerce and markets,Oekosystem-Seite,brauchbar,1513,16,5,4,5,1419,45,,Start -> what-is-nostr; People -> people; Apps -> apps/catalog; Relays -> relay-market-directory; NIPs -> nips/complete-index; Privacy -> privacy-security; Wallets -> nip-47-wallet-connect; Media -> music-video-media; Governance -> dao-governance; Crays -> nostr-and-crays; Library -> archive-library; FoundUPS -> apps/foundups-agent,,,0,,,Nostr and Crays Content Sale,0,,1,Nostr and Crays Content Sale,18,0,0,P3,gezielte redaktionelle Politur und Quellenabgleich
https://www.crays.org/nostr/deep-dives/foundups-agent-compute-focus-network/,deep-dives/foundups-agent-compute-focus-network,FoundUPS Agent and the Compute-Focus Network,Commerce,Deep dives,Tiefenartikel,brauchbar,1292,11,4,4,5,1154,43,,Start -> what-is-nostr; People -> people; Apps -> apps/catalog; Relays -> relay-market-directory; NIPs -> nips/complete-index; Privacy -> privacy-security; Wallets -> nip-47-wallet-connect; Media -> music-video-media; Commerce -> content-sale; Governance -> dao-governance; Crays -> nostr-and-crays; Library -> archive-library,,,0,,,FoundUPS Agent and the Compute-Focus Network,0,,1,FoundUPS Agent and the Compute-Focus Network,18,0,0,P3,gezielte redaktionelle Politur und Quellenabgleich
https://www.crays.org/nostr/deep-dives/foundups-and-nostr-agent-economy/,deep-dives/foundups-and-nostr-agent-economy,"FoundUPS, Nostr and the Agent Economy",Commerce,Deep dives,Tiefenartikel,brauchbar,1651,14,5,4,5,15,44,,Start -> what-is-nostr; People -> people; Apps -> apps/catalog; Relays -> relay-market-directory; NIPs -> nips/complete-index; Privacy -> privacy-security; Wallets -> nip-47-wallet-connect; Media -> music-video-media; Commerce -> content-sale; Governance -> dao-governance; Crays -> nostr-and-crays; Library -> archive-library,,,0,,,"FoundUPS, Nostr and the Agent Economy",0,,1,"FoundUPS, Nostr and the Agent Economy",18,0,0,P3,gezielte redaktionelle Politur und Quellenabgleich
https://www.crays.org/nostr/deep-dives/nostr-for-investors/,deep-dives/nostr-for-investors,Nostr for Investors,Commerce,Deep dives,Tiefenartikel,brauchbar,1642,15,5,4,5,84,50,,Start -> what-is-nostr; People -> people; Apps -> apps/catalog; Relays -> relay-market-directory; NIPs -> nips/complete-index; Privacy -> privacy-security; Wallets -> nip-47-wallet-connect; Media -> music-video-media; Commerce -> content-sale; Governance -> dao-governance; Crays -> nostr-and-crays; Library -> archive-library,,,0,,,Nostr for Investors,0,,1,Nostr for Investors,20,0,0,P3,gezielte redaktionelle Politur und Quellenabgleich
https://www.crays.org/nostr/deep-dives/nostr-for-marketplaces/,deep-dives/nostr-for-marketplaces,Nostr for Marketplaces,Commerce,Deep dives,Tiefenartikel,brauchbar,1638,15,5,4,5,15,52,,Start -> what-is-nostr; People -> people; Apps -> apps/catalog; Relays -> relay-market-directory; NIPs -> nips/complete-index; Privacy -> privacy-security; Wallets -> nip-47-wallet-connect; Media -> music-video-media; Commerce -> content-sale; Governance -> dao-governance; Crays -> nostr-and-crays; Library -> archive-library,,,0,,,Nostr for Marketplaces,0,,1,Nostr for Marketplaces,20,0,0,P3,gezielte redaktionelle Politur und Quellenabgleich
https://www.crays.org/nostr/field-guide/marketplaces/,field-guide/marketplaces,Marketplaces: Nostr Field Guide,Commerce,Field guides,Oekosystem-Seite,brauchbar,2662,27,5,4,5,45,43,,Start -> what-is-nostr; People -> people; Apps -> apps/catalog; Relays -> relay-market-directory; NIPs -> nips/complete-index; Privacy -> privacy-security; Wallets -> nip-47-wallet-connect; Media -> music-video-media; Commerce -> content-sale; Governance -> dao-governance; Crays -> nostr-and-crays; Library -> archive-library,,,0,,,Marketplaces: Nostr Field Guide,0,,1,Marketplaces: Nostr Field Guide,19,0,0,P3,gezielte redaktionelle Politur und Quellenabgleich
https://www.crays.org/nostr/nips/research/nip-15-nostr-marketplace/,nips/research/nip-15-nostr-marketplace,NIP-15: Nostr Marketplace,Commerce,NIP reference pages,NIP-Seite,brauchbar,1476,12,5,4,4,16,43,signer -> nip-07-signers,Start -> what-is-nostr; People -> people; Apps -> apps/catalog; Relays -> relay-market-directory; NIPs -> nips/complete-index; Privacy -> privacy-security; Wallets -> nip-47-wallet-connect; Media -> music-video-media; Commerce -> content-sale; Governance -> dao-governance; Crays -> nostr-and-crays; Library -> archive-library,,,0,,,NIP-15: Nostr Marketplace,0,,1,NIP-15: Nostr Marketplace,19,0,0,P3,gezielte redaktionelle Politur und Quellenabgleich
https://www.crays.org/nostr/nips/research/nostr-marketplace/,nips/research/nostr-marketplace,Nostr Marketplace,Commerce,NIP reference pages,NIP-Seite,brauchbar,1447,12,5,4,4,16,43,signer -> nip-07-signers,Start -> what-is-nostr; People -> people; Apps -> apps/catalog; Relays -> relay-market-directory; NIPs -> nips/complete-index; Privacy -> privacy-security; Wallets -> nip-47-wallet-connect; Media -> music-video-media; Commerce -> content-sale; Governance -> dao-governance; Crays -> nostr-and-crays; Library -> archive-library,,,0,,,Nostr Marketplace,0,,1,Nostr Marketplace,19,0,0,P3,gezielte redaktionelle Politur und Quellenabgleich
https://www.crays.org/nostr/source-inventory/deep-research/apps/nostrapps-com-nostrapps-category-marketplaces-f2667dbb/,source-inventory/deep-research/apps/nostrapps-com-nostrapps-category-marketplaces-f2667dbb,Research Source: NostrApps category — Marketplaces,Commerce,Source inventory,Oekosystem-Seite,brauchbar,1543,12,5,4,5,16,50,,Start -> what-is-nostr; People -> people; Apps -> apps/catalog; Relays -> relay-market-directory; NIPs -> nips/complete-index; Privacy -> privacy-security; Wallets -> nip-47-wallet-connect; Media -> music-video-media; Commerce -> content-sale; Governance -> dao-governance; Crays -> nostr-and-crays; Library -> archive-library,,,0,,,Research Source: NostrApps category — Marketplaces,0,,1,Research Source: NostrApps category — Marketplaces,23,0,0,P3,gezielte redaktionelle Politur und Quellenabgleich
https://www.crays.org/nostr/source-inventory/deep-research/nips/github-com-nip-15-nostr-marketplace-5433c182/,source-inventory/deep-research/nips/github-com-nip-15-nostr-marketplace-5433c182,Research Source: NIP-15: Nostr Marketplace,Commerce,Source inventory,NIP-Seite,brauchbar,1523,12,5,4,5,16,44,,Start -> what-is-nostr; People -> people; Apps -> apps/catalog; Relays -> relay-market-directory; NIPs -> nips/complete-index; Privacy -> privacy-security; Wallets -> nip-47-wallet-connect; Media -> music-video-media; Commerce -> content-sale; Governance -> dao-governance; Crays -> nostr-and-crays; Library -> archive-library,,,0,,,Research Source: NIP-15: Nostr Marketplace,0,,1,Research Source: NIP-15: Nostr Marketplace,21,0,0,P3,gezielte redaktionelle Politur und Quellenabgleich
https://www.crays.org/nostr/source-inventory/deep-research/nips/nips-nostr-com-nip-15-nostr-marketplace-b84e8baf/,source-inventory/deep-research/nips/nips-nostr-com-nip-15-nostr-marketplace-b84e8baf,Research Source: NIP-15: Nostr Marketplace,Commerce,Source inventory,NIP-Seite,brauchbar,1502,12,5,4,5,16,44,,Start -> what-is-nostr; People -> people; Apps -> apps/catalog; Relays -> relay-market-directory; NIPs -> nips/complete-index; Privacy -> privacy-security; Wallets -> nip-47-wallet-connect; Media -> music-video-media; Commerce -> content-sale; Governance -> dao-governance; Crays -> nostr-and-crays; Library -> archive-library,,,0,,,Research Source: NIP-15: Nostr Marketplace,0,,1,Research Source: NIP-15: Nostr Marketplace,21,0,0,P3,gezielte redaktionelle Politur und Quellenabgleich
https://www.crays.org/nostr/crays-super-node/,crays-super-node,Crays Super Node and Nostr,Crays,Crays product layer,Crays-Kontextseite,brauchbar,1535,16,5,4,4,88,44,signer -> nip-07-signers,Start -> what-is-nostr; People -> people; Apps -> apps/catalog; Relays -> relay-market-directory; NIPs -> nips/complete-index; Privacy -> privacy-security; Wallets -> nip-47-wallet-connect; Media -> music-video-media; Commerce -> content-sale; Governance -> dao-governance; Crays -> nostr-and-crays; Library -> archive-library,,,0,,,Crays Super Node and Nostr,0,,1,Crays Super Node and Nostr,19,0,0,P3,gezielte redaktionelle Politur und Quellenabgleich
https://www.crays.org/nostr/deep-dives/crays-net-as-nostr-client/,deep-dives/crays-net-as-nostr-client,Crays as a Nostr Client,Crays,Deep dives,Tiefenartikel,brauchbar,1732,15,5,4,5,12,50,,Start -> what-is-nostr; People -> people; Apps -> apps/catalog; Relays -> relay-market-directory; NIPs -> nips/complete-index; Privacy -> privacy-security; Wallets -> nip-47-wallet-connect; Media -> music-video-media; Commerce -> content-sale; Governance -> dao-governance; Crays -> nostr-and-crays; Library -> archive-library,,,0,,,Crays as a Nostr Client,0,,1,Crays as a Nostr Client,20,0,0,P3,gezielte redaktionelle Politur und Quellenabgleich
https://www.crays.org/nostr/deep-dives/crays-world-local-graph/,deep-dives/crays-world-local-graph,Crays World Local Graph,Crays,Deep dives,Tiefenartikel,brauchbar,1701,15,5,4,5,57,50,,Start -> what-is-nostr; People -> people; Apps -> apps/catalog; Relays -> relay-market-directory; NIPs -> nips/complete-index; Privacy -> privacy-security; Wallets -> nip-47-wallet-connect; Media -> music-video-media; Commerce -> content-sale; Governance -> dao-governance; Crays -> nostr-and-crays; Library -> archive-library,,,0,,,Crays World Local Graph,0,,1,Crays World Local Graph,20,0,0,P3,gezielte redaktionelle Politur und Quellenabgleich
https://www.crays.org/nostr/deep-dives/nip-05-for-brands/,deep-dives/nip-05-for-brands,NIP-05 for Brands,Crays,Deep dives,NIP-Seite,brauchbar,1672,15,5,4,5,7,50,,Start -> what-is-nostr; People -> people; Apps -> apps/catalog; Relays -> relay-market-directory; NIPs -> nips/complete-index; Privacy -> privacy-security; Wallets -> nip-47-wallet-connect; Media -> music-video-media; Commerce -> content-sale; Governance -> dao-governance; Crays -> nostr-and-crays; Library -> archive-library,,,0,,,NIP-05 for Brands,0,,1,NIP-05 for Brands,20,0,0,P3,gezielte redaktionelle Politur und Quellenabgleich
https://www.crays.org/nostr/deep-dives/nostr-seo-and-public-web/,deep-dives/nostr-seo-and-public-web,Nostr SEO and the Public Web,Crays,Deep dives,Tiefenartikel,brauchbar,1744,15,5,4,5,22,50,,Start -> what-is-nostr; People -> people; Apps -> apps/catalog; Relays -> relay-market-directory; NIPs -> nips/complete-index; Privacy -> privacy-security; Wallets -> nip-47-wallet-connect; Media -> music-video-media; Commerce -> content-sale; Governance -> dao-governance; Crays -> nostr-and-crays; Library -> archive-library,,,0,,,Nostr SEO and the Public Web,0,,1,Nostr SEO and the Public Web,20,0,0,P3,gezielte redaktionelle Politur und Quellenabgleich
https://www.crays.org/nostr/nostr-and-crays/,nostr-and-crays,Nostr and Crays,Crays,Crays product layer,Crays-Kontextseite,brauchbar,1480,15,5,4,4,1419,44,signer -> nip-07-signers,Start -> what-is-nostr; People -> people; Apps -> apps/catalog; Relays -> relay-market-directory; NIPs -> nips/complete-index; Privacy -> privacy-security; Wallets -> nip-47-wallet-connect; Media -> music-video-media; Commerce -> content-sale; Governance -> dao-governance; Library -> archive-library; Crays -> deep-dives/crays-net-as-nostr-client,,,0,,,Nostr and Crays,0,,1,Nostr and Crays,19,0,0,P3,gezielte redaktionelle Politur und Quellenabgleich
https://www.crays.org/nostr/operators-venues/,operators-venues,Nostr for Operators and Venues,Crays,Crays product layer,Crays-Kontextseite,brauchbar,1479,16,5,4,4,216,45,signer -> nip-07-signers,Start -> what-is-nostr; People -> people; Apps -> apps/catalog; Relays -> relay-market-directory; NIPs -> nips/complete-index; Privacy -> privacy-security; Wallets -> nip-47-wallet-connect; Media -> music-video-media; Commerce -> content-sale; Governance -> dao-governance; Crays -> nostr-and-crays; Library -> archive-library,,,0,,,Nostr for Operators and Venues,0,,1,Nostr for Operators and Venues,19,0,0,P3,gezielte redaktionelle Politur und Quellenabgleich
https://www.crays.org/nostr/apps/catalog/badges/,apps/catalog/badges,Badges Page,Governance,App catalog entries,Tool- / Client- / App-Seite,brauchbar,1437,14,5,4,5,23,59,,Start -> what-is-nostr; People -> people; Apps -> apps/catalog; Relays -> relay-market-directory; NIPs -> nips/complete-index; Privacy -> privacy-security; Wallets -> nip-47-wallet-connect; Media -> music-video-media; Commerce -> content-sale; Governance -> dao-governance; Crays -> nostr-and-crays; Library -> archive-library,,,0,,,Badges Page,0,,1,Badges Page,20,0,0,P3,gezielte redaktionelle Politur und Quellenabgleich
https://www.crays.org/nostr/apps/research/badges-page/,apps/research/badges-page,Badges Page,Governance,App profiles,Tool- / Client- / App-Seite,brauchbar,1425,12,5,4,4,19,54,signer -> nip-07-signers,Start -> what-is-nostr; People -> people; Apps -> apps/catalog; Relays -> relay-market-directory; NIPs -> nips/complete-index; Privacy -> privacy-security; Wallets -> nip-47-wallet-connect; Media -> music-video-media; Commerce -> content-sale; Governance -> dao-governance; Crays -> nostr-and-crays; Library -> archive-library,,,0,,,Badges Page,0,,1,Badges Page,22,0,0,P3,gezielte redaktionelle Politur und Quellenabgleich
https://www.crays.org/nostr/dao-governance/,dao-governance,Nostr and Crays DAO Governance,Governance,Governance and reputation,Oekosystem-Seite,brauchbar,1498,16,5,4,4,1419,53,signer -> nip-07-signers,Start -> what-is-nostr; People -> people; Apps -> apps/catalog; Relays -> relay-market-directory; NIPs -> nips/complete-index; Privacy -> privacy-security; Wallets -> nip-47-wallet-connect; Media -> music-video-media; Commerce -> content-sale; Crays -> nostr-and-crays; Library -> archive-library; Badges -> nip-58-badges,,,0,,,Nostr and Crays DAO Governance,0,,1,Nostr and Crays DAO Governance,19,0,0,P3,gezielte redaktionelle Politur und Quellenabgleich
https://www.crays.org/nostr/deep-dives/badges-status-and-reputation/,deep-dives/badges-status-and-reputation,"Badges, Status and Reputation",Governance,Deep dives,Tiefenartikel,brauchbar,1668,15,5,4,5,18,60,,Start -> what-is-nostr; People -> people; Apps -> apps/catalog; Relays -> relay-market-directory; NIPs -> nips/complete-index; Privacy -> privacy-security; Wallets -> nip-47-wallet-connect; Media -> music-video-media; Commerce -> content-sale; Governance -> dao-governance; Crays -> nostr-and-crays; Library -> archive-library,,,0,,,"Badges, Status and Reputation",0,,1,"Badges, Status and Reputation",20,0,0,P3,gezielte redaktionelle Politur und Quellenabgleich
https://www.crays.org/nostr/deep-dives/crays-award-voting/,deep-dives/crays-award-voting,Crays Award Voting,Governance,Deep dives,Tiefenartikel,brauchbar,1645,15,5,4,5,25,61,,Start -> what-is-nostr; People -> people; Apps -> apps/catalog; Relays -> relay-market-directory; NIPs -> nips/complete-index; Privacy -> privacy-security; Wallets -> nip-47-wallet-connect; Media -> music-video-media; Commerce -> content-sale; Governance -> dao-governance; Crays -> nostr-and-crays; Library -> archive-library,,,0,,,Crays Award Voting,0,,1,Crays Award Voting,20,0,0,P3,gezielte redaktionelle Politur und Quellenabgleich
https://www.crays.org/nostr/deep-dives/crays-dao-readiness/,deep-dives/crays-dao-readiness,Crays DAO Readiness,Governance,Deep dives,Tiefenartikel,brauchbar,1643,15,5,4,5,26,61,,Start -> what-is-nostr; People -> people; Apps -> apps/catalog; Relays -> relay-market-directory; NIPs -> nips/complete-index; Privacy -> privacy-security; Wallets -> nip-47-wallet-connect; Media -> music-video-media; Commerce -> content-sale; Governance -> dao-governance; Crays -> nostr-and-crays; Library -> archive-library,,,0,,,Crays DAO Readiness,0,,1,Crays DAO Readiness,20,0,0,P3,gezielte redaktionelle Politur und Quellenabgleich
https://www.crays.org/nostr/field-guide/badge-status-games/,field-guide/badge-status-games,Badge Status Games: Nostr Field Guide,Governance,Field guides,Oekosystem-Seite,brauchbar,1878,19,5,4,5,18,51,,Start -> what-is-nostr; People -> people; Apps -> apps/catalog; Relays -> relay-market-directory; NIPs -> nips/complete-index; Privacy -> privacy-security; Wallets -> nip-47-wallet-connect; Media -> music-video-media; Commerce -> content-sale; Governance -> dao-governance; Crays -> nostr-and-crays; Library -> archive-library,,,0,,,Badge Status Games: Nostr Field Guide,0,,1,Badge Status Games: Nostr Field Guide,19,0,0,P3,gezielte redaktionelle Politur und Quellenabgleich
https://www.crays.org/nostr/field-guide/badges/,field-guide/badges,Badges: Nostr Field Guide,Governance,Field guides,Oekosystem-Seite,brauchbar,2667,27,5,4,5,18,50,,Start -> what-is-nostr; People -> people; Apps -> apps/catalog; Relays -> relay-market-directory; NIPs -> nips/complete-index; Privacy -> privacy-security; Wallets -> nip-47-wallet-connect; Media -> music-video-media; Commerce -> content-sale; Governance -> dao-governance; Crays -> nostr-and-crays; Library -> archive-library,,,0,,,Badges: Nostr Field Guide,0,,1,Badges: Nostr Field Guide,19,0,0,P3,gezielte redaktionelle Politur und Quellenabgleich
https://www.crays.org/nostr/field-guide/governance/,field-guide/governance,Governance: Nostr Field Guide,Governance,Field guides,Oekosystem-Seite,brauchbar,2663,27,5,4,5,1397,51,,Start -> what-is-nostr; People -> people; Apps -> apps/catalog; Relays -> relay-market-directory; NIPs -> nips/complete-index; Privacy -> privacy-security; Wallets -> nip-47-wallet-connect; Media -> music-video-media; Commerce -> content-sale; Governance -> dao-governance; Crays -> nostr-and-crays; Library -> archive-library,,,0,,,Governance: Nostr Field Guide,0,,1,Governance: Nostr Field Guide,19,0,0,P3,gezielte redaktionelle Politur und Quellenabgleich
https://www.crays.org/nostr/field-guide/npub-reputation/,field-guide/npub-reputation,npub Reputation: Nostr Field Guide,Governance,Field guides,Oekosystem-Seite,brauchbar,1848,19,5,4,5,18,52,,Start -> what-is-nostr; People -> people; Apps -> apps/catalog; Relays -> relay-market-directory; NIPs -> nips/complete-index; Privacy -> privacy-security; Wallets -> nip-47-wallet-connect; Media -> music-video-media; Commerce -> content-sale; Governance -> dao-governance; Crays -> nostr-and-crays; Library -> archive-library,,,0,,,npub Reputation: Nostr Field Guide,0,,1,npub Reputation: Nostr Field Guide,19,0,0,P3,gezielte redaktionelle Politur und Quellenabgleich
https://www.crays.org/nostr/field-guide/software-reputation/,field-guide/software-reputation,Software Reputation: Nostr Field Guide,Governance,Field guides,Oekosystem-Seite,brauchbar,2715,27,5,4,5,18,52,,Start -> what-is-nostr; People -> people; Apps -> apps/catalog; Relays -> relay-market-directory; NIPs -> nips/complete-index; Privacy -> privacy-security; Wallets -> nip-47-wallet-connect; Media -> music-video-media; Commerce -> content-sale; Governance -> dao-governance; Crays -> nostr-and-crays; Library -> archive-library,,,0,,,Software Reputation: Nostr Field Guide,0,,1,Software Reputation: Nostr Field Guide,19,0,0,P3,gezielte redaktionelle Politur und Quellenabgleich
https://www.crays.org/nostr/nip-58-badges/,nip-58-badges,NIP-58: Badges,Governance,NIP explainer pages,NIP-Seite,brauchbar,1194,10,4,4,4,335,44,event -> events-and-kinds; zap -> nip-57-zaps-lightning,Start -> what-is-nostr; People -> people; Apps -> apps/catalog; Relays -> relay-market-directory; NIPs -> nips/complete-index; Privacy -> privacy-security; Wallets -> nip-47-wallet-connect; Media -> music-video-media; Commerce -> content-sale; Governance -> dao-governance; Crays -> nostr-and-crays; Library -> archive-library,,,0,,,NIP-58: Badges,0,,1,NIP-58: Badges,18,0,0,P3,gezielte redaktionelle Politur und Quellenabgleich
https://www.crays.org/nostr/nips/research/badges/,nips/research/badges,Badges,Governance,NIP reference pages,NIP-Seite,brauchbar,1400,12,5,4,4,19,54,signer -> nip-07-signers,Start -> what-is-nostr; People -> people; Apps -> apps/catalog; Relays -> relay-market-directory; NIPs -> nips/complete-index; Privacy -> privacy-security; Wallets -> nip-47-wallet-connect; Media -> music-video-media; Commerce -> content-sale; Governance -> dao-governance; Crays -> nostr-and-crays; Library -> archive-library,,,0,,,Badges,0,,1,Badges,21,0,0,P3,gezielte redaktionelle Politur und Quellenabgleich
https://www.crays.org/nostr/nips/research/nip-58-badges/,nips/research/nip-58-badges,NIP-58: Badges,Governance,NIP reference pages,NIP-Seite,brauchbar,1429,12,5,4,4,19,54,signer -> nip-07-signers,Start -> what-is-nostr; People -> people; Apps -> apps/catalog; Relays -> relay-market-directory; NIPs -> nips/complete-index; Privacy -> privacy-security; Wallets -> nip-47-wallet-connect; Media -> music-video-media; Commerce -> content-sale; Governance -> dao-governance; Crays -> nostr-and-crays; Library -> archive-library,,,0,,,NIP-58: Badges,0,,1,NIP-58: Badges,21,0,0,P3,gezielte redaktionelle Politur und Quellenabgleich
https://www.crays.org/nostr/source-inventory/deep-research/apps/badges-page-badges-page-828f4ce8/,source-inventory/deep-research/apps/badges-page-badges-page-828f4ce8,Research Source: Badges Page,Governance,Source inventory,Oekosystem-Seite,brauchbar,1503,12,5,4,5,19,57,,Start -> what-is-nostr; People -> people; Apps -> apps/catalog; Relays -> relay-market-directory; NIPs -> nips/complete-index; Privacy -> privacy-security; Wallets -> nip-47-wallet-connect; Media -> music-video-media; Commerce -> content-sale; Governance -> dao-governance; Crays -> nostr-and-crays; Library -> archive-library,,,0,,,Research Source: Badges Page,0,,1,Research Source: Badges Page,23,0,0,P3,gezielte redaktionelle Politur und Quellenabgleich
https://www.crays.org/nostr/source-inventory/deep-research/apps/nostrapps-com-badges-page-nostrapps-page-b098cac1/,source-inventory/deep-research/apps/nostrapps-com-badges-page-nostrapps-page-b098cac1,Research Source: Badges Page — NostrApps page,Governance,Source inventory,Oekosystem-Seite,brauchbar,1551,12,5,4,5,19,57,,Start -> what-is-nostr; People -> people; Apps -> apps/catalog; Relays -> relay-market-directory; NIPs -> nips/complete-index; Privacy -> privacy-security; Wallets -> nip-47-wallet-connect; Media -> music-video-media; Commerce -> content-sale; Governance -> dao-governance; Crays -> nostr-and-crays; Library -> archive-library,,,0,,,Research Source: Badges Page — NostrApps page,0,,1,Research Source: Badges Page — NostrApps page,23,0,0,P3,gezielte redaktionelle Politur und Quellenabgleich
https://www.crays.org/nostr/source-inventory/deep-research/nips/github-com-badges-31ee693d/,source-inventory/deep-research/nips/github-com-badges-31ee693d,Research Source: Badges,Governance,Source inventory,Oekosystem-Seite,brauchbar,1466,12,5,4,5,19,56,,Start -> what-is-nostr; People -> people; Apps -> apps/catalog; Relays -> relay-market-directory; NIPs -> nips/complete-index; Privacy -> privacy-security; Wallets -> nip-47-wallet-connect; Media -> music-video-media; Commerce -> content-sale; Governance -> dao-governance; Crays -> nostr-and-crays; Library -> archive-library,,,0,,,Research Source: Badges,0,,1,Research Source: Badges,21,0,0,P3,gezielte redaktionelle Politur und Quellenabgleich
https://www.crays.org/nostr/source-inventory/deep-research/nips/nips-nostr-com-badges-71508890/,source-inventory/deep-research/nips/nips-nostr-com-badges-71508890,Research Source: Badges,Governance,Source inventory,Oekosystem-Seite,brauchbar,1445,12,5,4,5,19,56,,Start -> what-is-nostr; People -> people; Apps -> apps/catalog; Relays -> relay-market-directory; NIPs -> nips/complete-index; Privacy -> privacy-security; Wallets -> nip-47-wallet-connect; Media -> music-video-media; Commerce -> content-sale; Governance -> dao-governance; Crays -> nostr-and-crays; Library -> archive-library,,,0,,,Research Source: Badges,0,,1,Research Source: Badges,21,0,0,P3,gezielte redaktionelle Politur und Quellenabgleich
https://www.crays.org/nostr/app-profiles/,app-profiles,Nostr App and Tool Profiles,Library,Research and library,Grundlagenartikel,brauchbar,1147,7,4,4,5,950,701,,Start -> what-is-nostr; People -> people; Apps -> apps/catalog; Relays -> relay-market-directory; NIPs -> nips/complete-index; Privacy -> privacy-security; Wallets -> nip-47-wallet-connect; Media -> music-video-media; Commerce -> content-sale; Governance -> dao-governance; Crays -> nostr-and-crays; Library -> archive-library,,,0,,,Nostr App and Tool Profiles,0,,1,Nostr App and Tool Profiles,33,0,0,P3,gezielte redaktionelle Politur und Quellenabgleich
https://www.crays.org/nostr/archive-library/,archive-library,Crays Nostr Archive Library,Library,Research and library,Library- / Ressourcen-Seite,brauchbar,1693,14,5,2,5,1419,1419,,Start -> what-is-nostr; People -> people; Apps -> apps/catalog; Relays -> relay-market-directory; NIPs -> nips/complete-index; Privacy -> privacy-security; Wallets -> nip-47-wallet-connect; Media -> music-video-media; Commerce -> content-sale; Governance -> dao-governance; Crays -> nostr-and-crays; Research -> source-inventory,,,0,,,Crays Nostr Archive Library; Awesome Nostr branches; Deep dives; Field guides; Research and library; Source inventory; Reading paths; Governance and reputation; App catalog entries; App categories; App profiles; NIP explainer pages; NIP reference pages,0,,1,Crays Nostr Archive Library,33,0,5,P3,"Bildlogik, Alt-Texte und Duplikate pruefen"
https://www.crays.org/nostr/archive-library/reads-research/,archive-library/reads-research,Reads and research atlas,Library,Research and library,Grundlagenartikel,brauchbar,1442,9,5,4,4,645,680,signer -> nip-07-signers,Start -> what-is-nostr; People -> people; Apps -> apps/catalog; Relays -> relay-market-directory; NIPs -> nips/complete-index; Privacy -> privacy-security; Wallets -> nip-47-wallet-connect; Media -> music-video-media; Commerce -> content-sale; Governance -> dao-governance; Crays -> nostr-and-crays; Library -> archive-library,,,0,,,Reads and research atlas,0,,1,Reads and research atlas,18,0,0,P3,gezielte redaktionelle Politur und Quellenabgleich
https://www.crays.org/nostr/archive-library/reads-research/an-empirical-analysis-of-the-nostr-social-network/,archive-library/reads-research/an-empirical-analysis-of-the-nostr-social-network,An Empirical Analysis of the Nostr Social Network,Library,Research and library,Grundlagenartikel,brauchbar,1613,12,5,4,4,644,679,signer -> nip-07-signers,Start -> what-is-nostr; People -> people; Apps -> apps/catalog; Relays -> relay-market-directory; NIPs -> nips/complete-index; Privacy -> privacy-security; Wallets -> nip-47-wallet-connect; Media -> music-video-media; Commerce -> content-sale; Governance -> dao-governance; Crays -> nostr-and-crays; Library -> archive-library,,,0,,,An Empirical Analysis of the Nostr Social Network,0,,1,An Empirical Analysis of the Nostr Social Network,19,0,0,P3,gezielte redaktionelle Politur und Quellenabgleich
https://www.crays.org/nostr/archive-library/reads-research/boris/,archive-library/reads-research/boris,Boris,Library,Research and library,Grundlagenartikel,brauchbar,1405,12,5,4,4,644,680,signer -> nip-07-signers,Start -> what-is-nostr; People -> people; Apps -> apps/catalog; Relays -> relay-market-directory; NIPs -> nips/complete-index; Privacy -> privacy-security; Wallets -> nip-47-wallet-connect; Media -> music-video-media; Commerce -> content-sale; Governance -> dao-governance; Crays -> nostr-and-crays; Library -> archive-library,,,0,,,Boris,0,,1,Boris,20,0,0,P3,gezielte redaktionelle Politur und Quellenabgleich
https://www.crays.org/nostr/archive-library/reads-research/forbes-guide-to-nostr/,archive-library/reads-research/forbes-guide-to-nostr,Forbes — Guide to Nostr,Library,Research and library,Grundlagenartikel,brauchbar,1476,12,5,4,4,644,679,signer -> nip-07-signers,Start -> what-is-nostr; People -> people; Apps -> apps/catalog; Relays -> relay-market-directory; NIPs -> nips/complete-index; Privacy -> privacy-security; Wallets -> nip-47-wallet-connect; Media -> music-video-media; Commerce -> content-sale; Governance -> dao-governance; Crays -> nostr-and-crays; Library -> archive-library,,,0,,,Forbes — Guide to Nostr,0,,1,Forbes — Guide to Nostr,19,0,0,P3,gezielte redaktionelle Politur und Quellenabgleich
https://www.crays.org/nostr/archive-library/reads-research/habla-news/,archive-library/reads-research/habla-news,Habla News,Library,Research and library,Grundlagenartikel,brauchbar,1443,12,5,4,4,644,681,signer -> nip-07-signers,Start -> what-is-nostr; People -> people; Apps -> apps/catalog; Relays -> relay-market-directory; NIPs -> nips/complete-index; Privacy -> privacy-security; Wallets -> nip-47-wallet-connect; Media -> music-video-media; Commerce -> content-sale; Governance -> dao-governance; Crays -> nostr-and-crays; Library -> archive-library,,,0,,,Habla News,0,,1,Habla News,20,0,0,P3,gezielte redaktionelle Politur und Quellenabgleich
https://www.crays.org/nostr/archive-library/reads-research/hacker-news-nostr-discussions/,archive-library/reads-research/hacker-news-nostr-discussions,Hacker News — Nostr discussions,Library,Research and library,Grundlagenartikel,brauchbar,1479,12,5,4,4,644,679,signer -> nip-07-signers,Start -> what-is-nostr; People -> people; Apps -> apps/catalog; Relays -> relay-market-directory; NIPs -> nips/complete-index; Privacy -> privacy-security; Wallets -> nip-47-wallet-connect; Media -> music-video-media; Commerce -> content-sale; Governance -> dao-governance; Crays -> nostr-and-crays; Library -> archive-library,,,0,,,Hacker News — Nostr discussions,0,,1,Hacker News — Nostr discussions,19,0,0,P3,gezielte redaktionelle Politur und Quellenabgleich
https://www.crays.org/nostr/archive-library/reads-research/highlights/,archive-library/reads-research/highlights,Highlights,Library,Research and library,Grundlagenartikel,brauchbar,1411,12,5,4,4,644,678,signer -> nip-07-signers,Start -> what-is-nostr; People -> people; Apps -> apps/catalog; Relays -> relay-market-directory; NIPs -> nips/complete-index; Privacy -> privacy-security; Wallets -> nip-47-wallet-connect; Media -> music-video-media; Commerce -> content-sale; Governance -> dao-governance; Crays -> nostr-and-crays; Library -> archive-library,,,0,,,Highlights,0,,1,Highlights,19,0,0,P3,gezielte redaktionelle Politur und Quellenabgleich
https://www.crays.org/nostr/archive-library/reads-research/lyn-alden-the-power-of-nostr/,archive-library/reads-research/lyn-alden-the-power-of-nostr,Lyn Alden — The Power of Nostr,Library,Research and library,Grundlagenartikel,brauchbar,1540,12,5,4,4,644,680,signer -> nip-07-signers,Start -> what-is-nostr; People -> people; Apps -> apps/catalog; Relays -> relay-market-directory; NIPs -> nips/complete-index; Privacy -> privacy-security; Wallets -> nip-47-wallet-connect; Media -> music-video-media; Commerce -> content-sale; Governance -> dao-governance; Crays -> nostr-and-crays; Library -> archive-library,,,0,,,Lyn Alden — The Power of Nostr,0,,1,Lyn Alden — The Power of Nostr,19,0,0,P3,gezielte redaktionelle Politur und Quellenabgleich
https://www.crays.org/nostr/archive-library/reads-research/no-bullshit-bitcoin-primal-v2-0/,archive-library/reads-research/no-bullshit-bitcoin-primal-v2-0,No Bullshit Bitcoin — Primal v2.0,Library,Research and library,Grundlagenartikel,brauchbar,1548,12,5,4,4,644,680,signer -> nip-07-signers,Start -> what-is-nostr; People -> people; Apps -> apps/catalog; Relays -> relay-market-directory; NIPs -> nips/complete-index; Privacy -> privacy-security; Wallets -> nip-47-wallet-connect; Media -> music-video-media; Commerce -> content-sale; Governance -> dao-governance; Crays -> nostr-and-crays; Library -> archive-library,,,0,,,No Bullshit Bitcoin — Primal v2.0,0,,1,No Bullshit Bitcoin — Primal v2.0,19,0,0,P3,gezielte redaktionelle Politur und Quellenabgleich
https://www.crays.org/nostr/archive-library/reads-research/nostr-com/,archive-library/reads-research/nostr-com,Nostr.com,Library,Research and library,Grundlagenartikel,brauchbar,1446,12,5,4,4,644,679,signer -> nip-07-signers,Start -> what-is-nostr; People -> people; Apps -> apps/catalog; Relays -> relay-market-directory; NIPs -> nips/complete-index; Privacy -> privacy-security; Wallets -> nip-47-wallet-connect; Media -> music-video-media; Commerce -> content-sale; Governance -> dao-governance; Crays -> nostr-and-crays; Library -> archive-library,,,0,,,Nostr.com,0,,1,Nostr.com,19,0,0,P3,gezielte redaktionelle Politur und Quellenabgleich
https://www.crays.org/nostr/archive-library/reads-research/nostr-com-explore/,archive-library/reads-research/nostr-com-explore,Nostr.com Explore,Library,Research and library,Grundlagenartikel,brauchbar,1454,12,5,4,4,644,679,signer -> nip-07-signers,Start -> what-is-nostr; People -> people; Apps -> apps/catalog; Relays -> relay-market-directory; NIPs -> nips/complete-index; Privacy -> privacy-security; Wallets -> nip-47-wallet-connect; Media -> music-video-media; Commerce -> content-sale; Governance -> dao-governance; Crays -> nostr-and-crays; Library -> archive-library,,,0,,,Nostr.com Explore,0,,1,Nostr.com Explore,19,0,0,P3,gezielte redaktionelle Politur und Quellenabgleich
https://www.crays.org/nostr/archive-library/reads-research/nostr-com-indexed-primal-reads-note/,archive-library/reads-research/nostr-com-indexed-primal-reads-note,Nostr.com indexed Primal Reads note,Library,Research and library,Grundlagenartikel,brauchbar,1553,12,5,4,4,644,679,signer -> nip-07-signers,Start -> what-is-nostr; People -> people; Apps -> apps/catalog; Relays -> relay-market-directory; NIPs -> nips/complete-index; Privacy -> privacy-security; Wallets -> nip-47-wallet-connect; Media -> music-video-media; Commerce -> content-sale; Governance -> dao-governance; Crays -> nostr-and-crays; Library -> archive-library,,,0,,,Nostr.com indexed Primal Reads note,0,,1,Nostr.com indexed Primal Reads note,19,0,0,P3,gezielte redaktionelle Politur und Quellenabgleich
https://www.crays.org/nostr/archive-library/reads-research/nostr-com-topics-articles/,archive-library/reads-research/nostr-com-topics-articles,Nostr.com Topics / Articles,Library,Research and library,Grundlagenartikel,brauchbar,1504,12,5,4,4,644,679,signer -> nip-07-signers,Start -> what-is-nostr; People -> people; Apps -> apps/catalog; Relays -> relay-market-directory; NIPs -> nips/complete-index; Privacy -> privacy-security; Wallets -> nip-47-wallet-connect; Media -> music-video-media; Commerce -> content-sale; Governance -> dao-governance; Crays -> nostr-and-crays; Library -> archive-library,,,0,,,Nostr.com Topics / Articles,0,,1,Nostr.com Topics / Articles,19,0,0,P3,gezielte redaktionelle Politur und Quellenabgleich
https://www.crays.org/nostr/archive-library/reads-research/nostr-compass/,archive-library/reads-research/nostr-compass,Nostr Compass,Library,Research and library,Grundlagenartikel,brauchbar,1421,12,5,4,4,644,679,signer -> nip-07-signers,Start -> what-is-nostr; People -> people; Apps -> apps/catalog; Relays -> relay-market-directory; NIPs -> nips/complete-index; Privacy -> privacy-security; Wallets -> nip-47-wallet-connect; Media -> music-video-media; Commerce -> content-sale; Governance -> dao-governance; Crays -> nostr-and-crays; Library -> archive-library,,,0,,,Nostr Compass,0,,1,Nostr Compass,19,0,0,P3,gezielte redaktionelle Politur und Quellenabgleich
https://www.crays.org/nostr/archive-library/reads-research/nostr-compass-newsletters/,archive-library/reads-research/nostr-compass-newsletters,Nostr Compass Newsletters,Library,Research and library,Grundlagenartikel,brauchbar,1448,12,5,4,4,644,679,signer -> nip-07-signers,Start -> what-is-nostr; People -> people; Apps -> apps/catalog; Relays -> relay-market-directory; NIPs -> nips/complete-index; Privacy -> privacy-security; Wallets -> nip-47-wallet-connect; Media -> music-video-media; Commerce -> content-sale; Governance -> dao-governance; Crays -> nostr-and-crays; Library -> archive-library,,,0,,,Nostr Compass Newsletters,0,,1,Nostr Compass Newsletters,19,0,0,P3,gezielte redaktionelle Politur und Quellenabgleich
https://www.crays.org/nostr/archive-library/reads-research/nostr-compass-podcast/,archive-library/reads-research/nostr-compass-podcast,Nostr Compass Podcast,Library,Research and library,Grundlagenartikel,brauchbar,1448,12,5,4,4,644,679,signer -> nip-07-signers,Start -> what-is-nostr; People -> people; Apps -> apps/catalog; Relays -> relay-market-directory; NIPs -> nips/complete-index; Privacy -> privacy-security; Wallets -> nip-47-wallet-connect; Media -> music-video-media; Commerce -> content-sale; Governance -> dao-governance; Crays -> nostr-and-crays; Library -> archive-library,,,0,,,Nostr Compass Podcast,0,,1,Nostr Compass Podcast,19,0,0,P3,gezielte redaktionelle Politur und Quellenabgleich
https://www.crays.org/nostr/archive-library/reads-research/nostr-design-docs/,archive-library/reads-research/nostr-design-docs,Nostr Design docs,Library,Research and library,Grundlagenartikel,brauchbar,1452,12,5,4,4,644,679,signer -> nip-07-signers,Start -> what-is-nostr; People -> people; Apps -> apps/catalog; Relays -> relay-market-directory; NIPs -> nips/complete-index; Privacy -> privacy-security; Wallets -> nip-47-wallet-connect; Media -> music-video-media; Commerce -> content-sale; Governance -> dao-governance; Crays -> nostr-and-crays; Library -> archive-library,,,0,,,Nostr Design docs,0,,1,Nostr Design docs,19,0,0,P3,gezielte redaktionelle Politur und Quellenabgleich
https://www.crays.org/nostr/archive-library/reads-research/nostrium-read-nostr-com/,archive-library/reads-research/nostrium-read-nostr-com,Nostrium / read.nostr.com,Library,Research and library,Grundlagenartikel,brauchbar,1498,12,5,4,4,644,680,signer -> nip-07-signers,Start -> what-is-nostr; People -> people; Apps -> apps/catalog; Relays -> relay-market-directory; NIPs -> nips/complete-index; Privacy -> privacy-security; Wallets -> nip-47-wallet-connect; Media -> music-video-media; Commerce -> content-sale; Governance -> dao-governance; Crays -> nostr-and-crays; Library -> archive-library,,,0,,,Nostrium / read.nostr.com,0,,1,Nostrium / read.nostr.com,19,0,0,P3,gezielte redaktionelle Politur und Quellenabgleich
https://www.crays.org/nostr/archive-library/reads-research/postr-write-nostr-com/,archive-library/reads-research/postr-write-nostr-com,Postr / write.nostr.com,Library,Research and library,Grundlagenartikel,brauchbar,1500,12,5,4,4,644,680,signer -> nip-07-signers,Start -> what-is-nostr; People -> people; Apps -> apps/catalog; Relays -> relay-market-directory; NIPs -> nips/complete-index; Privacy -> privacy-security; Wallets -> nip-47-wallet-connect; Media -> music-video-media; Commerce -> content-sale; Governance -> dao-governance; Crays -> nostr-and-crays; Library -> archive-library,,,0,,,Postr / write.nostr.com,0,,1,Postr / write.nostr.com,19,0,0,P3,gezielte redaktionelle Politur und Quellenabgleich
https://www.crays.org/nostr/archive-library/reads-research/reddit-r-nostr/,archive-library/reads-research/reddit-r-nostr,Reddit r/nostr,Library,Research and library,Grundlagenartikel,brauchbar,1448,12,5,4,4,644,680,signer -> nip-07-signers,Start -> what-is-nostr; People -> people; Apps -> apps/catalog; Relays -> relay-market-directory; NIPs -> nips/complete-index; Privacy -> privacy-security; Wallets -> nip-47-wallet-connect; Media -> music-video-media; Commerce -> content-sale; Governance -> dao-governance; Crays -> nostr-and-crays; Library -> archive-library,,,0,,,Reddit r/nostr,0,,1,Reddit r/nostr,19,0,0,P3,gezielte redaktionelle Politur und Quellenabgleich
https://www.crays.org/nostr/archive-library/reads-research/soapbox-nostr-101/,archive-library/reads-research/soapbox-nostr-101,Soapbox — Nostr 101,Library,Research and library,Grundlagenartikel,brauchbar,1457,12,5,4,4,644,679,signer -> nip-07-signers,Start -> what-is-nostr; People -> people; Apps -> apps/catalog; Relays -> relay-market-directory; NIPs -> nips/complete-index; Privacy -> privacy-security; Wallets -> nip-47-wallet-connect; Media -> music-video-media; Commerce -> content-sale; Governance -> dao-governance; Crays -> nostr-and-crays; Library -> archive-library,,,0,,,Soapbox — Nostr 101,0,,1,Soapbox — Nostr 101,19,0,0,P3,gezielte redaktionelle Politur und Quellenabgleich
https://www.crays.org/nostr/archive-library/reads-research/the-nostr-book/,archive-library/reads-research/the-nostr-book,The Nostr Book,Library,Research and library,Grundlagenartikel,brauchbar,1450,12,5,4,4,644,679,signer -> nip-07-signers,Start -> what-is-nostr; People -> people; Apps -> apps/catalog; Relays -> relay-market-directory; NIPs -> nips/complete-index; Privacy -> privacy-security; Wallets -> nip-47-wallet-connect; Media -> music-video-media; Commerce -> content-sale; Governance -> dao-governance; Crays -> nostr-and-crays; Library -> archive-library,,,0,,,The Nostr Book,0,,1,The Nostr Book,19,0,0,P3,gezielte redaktionelle Politur und Quellenabgleich
https://www.crays.org/nostr/archive-library/reads-research/wikipedia-nostr/,archive-library/reads-research/wikipedia-nostr,Wikipedia — Nostr,Library,Research and library,Grundlagenartikel,brauchbar,1423,12,5,4,4,644,679,signer -> nip-07-signers,Start -> what-is-nostr; People -> people; Apps -> apps/catalog; Relays -> relay-market-directory; NIPs -> nips/complete-index; Privacy -> privacy-security; Wallets -> nip-47-wallet-connect; Media -> music-video-media; Commerce -> content-sale; Governance -> dao-governance; Crays -> nostr-and-crays; Library -> archive-library,,,0,,,Wikipedia — Nostr,0,,1,Wikipedia — Nostr,19,0,0,P3,gezielte redaktionelle Politur und Quellenabgleich
https://www.crays.org/nostr/archive-library/source-map-research/,archive-library/source-map-research,Core directory and map research,Library,Research and library,Grundlagenartikel,brauchbar,1284,9,4,4,4,644,677,signer -> nip-07-signers,Start -> what-is-nostr; People -> people; Apps -> apps/catalog; Relays -> relay-market-directory; NIPs -> nips/complete-index; Privacy -> privacy-security; Wallets -> nip-47-wallet-connect; Media -> music-video-media; Commerce -> content-sale; Governance -> dao-governance; Crays -> nostr-and-crays; Library -> archive-library,,,0,,,Core directory and map research,0,,1,Core directory and map research,17,0,0,P3,gezielte redaktionelle Politur und Quellenabgleich
https://www.crays.org/nostr/archive-library/source-map-research/awesome-nostr-resources/,archive-library/source-map-research/awesome-nostr-resources,Awesome Nostr Resources,Library,Research and library,Grundlagenartikel,brauchbar,1455,12,5,4,4,644,677,signer -> nip-07-signers,Start -> what-is-nostr; People -> people; Apps -> apps/catalog; Relays -> relay-market-directory; NIPs -> nips/complete-index; Privacy -> privacy-security; Wallets -> nip-47-wallet-connect; Media -> music-video-media; Commerce -> content-sale; Governance -> dao-governance; Crays -> nostr-and-crays; Library -> archive-library,,,0,,,Awesome Nostr Resources,0,,1,Awesome Nostr Resources,19,0,0,P3,gezielte redaktionelle Politur und Quellenabgleich
https://www.crays.org/nostr/archive-library/source-map-research/my-nostr-com/,archive-library/source-map-research/my-nostr-com,my.nostr.com,Library,Research and library,Grundlagenartikel,brauchbar,1457,12,5,4,4,644,678,signer -> nip-07-signers,Start -> what-is-nostr; People -> people; Apps -> apps/catalog; Relays -> relay-market-directory; NIPs -> nips/complete-index; Privacy -> privacy-security; Wallets -> nip-47-wallet-connect; Media -> music-video-media; Commerce -> content-sale; Governance -> dao-governance; Crays -> nostr-and-crays; Library -> archive-library,,,0,,,my.nostr.com,0,,1,my.nostr.com,19,0,0,P3,gezielte redaktionelle Politur und Quellenabgleich
https://www.crays.org/nostr/archive-library/source-map-research/nostr-band/,archive-library/source-map-research/nostr-band,Nostr.Band,Library,Research and library,Grundlagenartikel,brauchbar,1434,12,5,4,4,644,678,signer -> nip-07-signers,Start -> what-is-nostr; People -> people; Apps -> apps/catalog; Relays -> relay-market-directory; NIPs -> nips/complete-index; Privacy -> privacy-security; Wallets -> nip-47-wallet-connect; Media -> music-video-media; Commerce -> content-sale; Governance -> dao-governance; Crays -> nostr-and-crays; Library -> archive-library,,,0,,,Nostr.Band,0,,1,Nostr.Band,19,0,0,P3,gezielte redaktionelle Politur und Quellenabgleich
https://www.crays.org/nostr/archive-library/source-map-research/nostr-book-kinds/,archive-library/source-map-research/nostr-book-kinds,Nostr Book — Kinds,Library,Research and library,Grundlagenartikel,brauchbar,1454,12,5,4,4,644,677,signer -> nip-07-signers,Start -> what-is-nostr; People -> people; Apps -> apps/catalog; Relays -> relay-market-directory; NIPs -> nips/complete-index; Privacy -> privacy-security; Wallets -> nip-47-wallet-connect; Media -> music-video-media; Commerce -> content-sale; Governance -> dao-governance; Crays -> nostr-and-crays; Library -> archive-library,,,0,,,Nostr Book — Kinds,0,,1,Nostr Book — Kinds,19,0,0,P3,gezielte redaktionelle Politur und Quellenabgleich
https://www.crays.org/nostr/archive-library/source-map-research/nostr-design/,archive-library/source-map-research/nostr-design,Nostr Design,Library,Research and library,Grundlagenartikel,brauchbar,1426,12,5,4,4,644,677,signer -> nip-07-signers,Start -> what-is-nostr; People -> people; Apps -> apps/catalog; Relays -> relay-market-directory; NIPs -> nips/complete-index; Privacy -> privacy-security; Wallets -> nip-47-wallet-connect; Media -> music-video-media; Commerce -> content-sale; Governance -> dao-governance; Crays -> nostr-and-crays; Library -> archive-library,,,0,,,Nostr Design,0,,1,Nostr Design,19,0,0,P3,gezielte redaktionelle Politur und Quellenabgleich
https://www.crays.org/nostr/archive-library/source-map-research/nostr-how/,archive-library/source-map-research/nostr-how,Nostr.how,Library,Research and library,Grundlagenartikel,brauchbar,1424,12,5,4,4,644,677,signer -> nip-07-signers,Start -> what-is-nostr; People -> people; Apps -> apps/catalog; Relays -> relay-market-directory; NIPs -> nips/complete-index; Privacy -> privacy-security; Wallets -> nip-47-wallet-connect; Media -> music-video-media; Commerce -> content-sale; Governance -> dao-governance; Crays -> nostr-and-crays; Library -> archive-library,,,0,,,Nostr.how,0,,1,Nostr.how,19,0,0,P3,gezielte redaktionelle Politur und Quellenabgleich
https://www.crays.org/nostr/archive-library/source-map-research/nostr-how-protocol/,archive-library/source-map-research/nostr-how-protocol,Nostr.how — Protocol,Library,Research and library,Grundlagenartikel,brauchbar,1458,12,5,4,4,644,677,signer -> nip-07-signers,Start -> what-is-nostr; People -> people; Apps -> apps/catalog; Relays -> relay-market-directory; NIPs -> nips/complete-index; Privacy -> privacy-security; Wallets -> nip-47-wallet-connect; Media -> music-video-media; Commerce -> content-sale; Governance -> dao-governance; Crays -> nostr-and-crays; Library -> archive-library,,,0,,,Nostr.how — Protocol,0,,1,Nostr.how — Protocol,19,0,0,P3,gezielte redaktionelle Politur und Quellenabgleich
https://www.crays.org/nostr/archive-library/source-map-research/nostr-how-what-is-nostr/,archive-library/source-map-research/nostr-how-what-is-nostr,Nostr.how — What is Nostr?,Library,Research and library,Grundlagenartikel,brauchbar,1519,12,5,4,4,644,677,signer -> nip-07-signers,Start -> what-is-nostr; People -> people; Apps -> apps/catalog; Relays -> relay-market-directory; NIPs -> nips/complete-index; Privacy -> privacy-security; Wallets -> nip-47-wallet-connect; Media -> music-video-media; Commerce -> content-sale; Governance -> dao-governance; Crays -> nostr-and-crays; Library -> archive-library,,,0,,,Nostr.how — What is Nostr?,0,,1,Nostr.how — What is Nostr?,19,0,0,P3,gezielte redaktionelle Politur und Quellenabgleich
https://www.crays.org/nostr/archive-library/source-map-research/nostr-org/,archive-library/source-map-research/nostr-org,Nostr.org,Library,Research and library,Grundlagenartikel,brauchbar,1428,12,5,4,4,644,677,signer -> nip-07-signers,Start -> what-is-nostr; People -> people; Apps -> apps/catalog; Relays -> relay-market-directory; NIPs -> nips/complete-index; Privacy -> privacy-security; Wallets -> nip-47-wallet-connect; Media -> music-video-media; Commerce -> content-sale; Governance -> dao-governance; Crays -> nostr-and-crays; Library -> archive-library,,,0,,,Nostr.org,0,,1,Nostr.org,19,0,0,P3,gezielte redaktionelle Politur und Quellenabgleich
https://www.crays.org/nostr/archive-library/source-map-research/registry-of-kinds/,archive-library/source-map-research/registry-of-kinds,Registry of Kinds,Library,Research and library,Grundlagenartikel,brauchbar,1455,12,5,4,4,644,677,signer -> nip-07-signers,Start -> what-is-nostr; People -> people; Apps -> apps/catalog; Relays -> relay-market-directory; NIPs -> nips/complete-index; Privacy -> privacy-security; Wallets -> nip-47-wallet-connect; Media -> music-video-media; Commerce -> content-sale; Governance -> dao-governance; Crays -> nostr-and-crays; Library -> archive-library,,,0,,,Registry of Kinds,0,,1,Registry of Kinds,19,0,0,P3,gezielte redaktionelle Politur und Quellenabgleich
https://www.crays.org/nostr/archive-library/source-map-research/start-nostr-net/,archive-library/source-map-research/start-nostr-net,start.nostr.net,Library,Research and library,Grundlagenartikel,brauchbar,1455,12,5,4,4,644,678,signer -> nip-07-signers,Start -> what-is-nostr; People -> people; Apps -> apps/catalog; Relays -> relay-market-directory; NIPs -> nips/complete-index; Privacy -> privacy-security; Wallets -> nip-47-wallet-connect; Media -> music-video-media; Commerce -> content-sale; Governance -> dao-governance; Crays -> nostr-and-crays; Library -> archive-library,,,0,,,start.nostr.net,0,,1,start.nostr.net,19,0,0,P3,gezielte redaktionelle Politur und Quellenabgleich
https://www.crays.org/nostr/awesome-nostr/,awesome-nostr,Awesome Nostr Archive,Library,Research and library,Grundlagenartikel,brauchbar,1588,13,5,4,5,761,684,,Start -> what-is-nostr; People -> people; Apps -> apps/catalog; Relays -> relay-market-directory; NIPs -> nips/complete-index; Privacy -> privacy-security; Wallets -> nip-47-wallet-connect; Media -> music-video-media; Commerce -> content-sale; Governance -> dao-governance; Crays -> nostr-and-crays; Library -> archive-library,,,0,,,Awesome Nostr Archive,0,,1,Awesome Nostr Archive,21,0,0,P3,gezielte redaktionelle Politur und Quellenabgleich
https://www.crays.org/nostr/awesome-nostr/blossom/,awesome-nostr/blossom,Awesome Nostr: Blossom,Library,Awesome Nostr branches,Grundlagenartikel,brauchbar,1551,14,5,4,4,644,679,signer -> nip-07-signers,Start -> what-is-nostr; People -> people; Apps -> apps/catalog; Relays -> relay-market-directory; NIPs -> nips/complete-index; Privacy -> privacy-security; Wallets -> nip-47-wallet-connect; Media -> music-video-media; Commerce -> content-sale; Governance -> dao-governance; Crays -> nostr-and-crays; Library -> archive-library,,,0,,,Awesome Nostr: Blossom,0,,1,Awesome Nostr: Blossom,26,0,0,P3,gezielte redaktionelle Politur und Quellenabgleich
https://www.crays.org/nostr/awesome-nostr/bridges-and-gateways/,awesome-nostr/bridges-and-gateways,Awesome Nostr: Bridges and Gateways,Library,Awesome Nostr branches,Grundlagenartikel,brauchbar,1633,13,5,4,5,644,679,,Start -> what-is-nostr; People -> people; Apps -> apps/catalog; Relays -> relay-market-directory; NIPs -> nips/complete-index; Privacy -> privacy-security; Wallets -> nip-47-wallet-connect; Media -> music-video-media; Commerce -> content-sale; Governance -> dao-governance; Crays -> nostr-and-crays; Library -> archive-library,,,0,,,Awesome Nostr: Bridges and Gateways,0,,1,Awesome Nostr: Bridges and Gateways,45,0,0,P3,gezielte redaktionelle Politur und Quellenabgleich
https://www.crays.org/nostr/awesome-nostr/cache-services/,awesome-nostr/cache-services,Awesome Nostr: Cache services,Library,Awesome Nostr branches,Grundlagenartikel,brauchbar,1470,14,5,4,4,644,679,signer -> nip-07-signers,Start -> what-is-nostr; People -> people; Apps -> apps/catalog; Relays -> relay-market-directory; NIPs -> nips/complete-index; Privacy -> privacy-security; Wallets -> nip-47-wallet-connect; Media -> music-video-media; Commerce -> content-sale; Governance -> dao-governance; Crays -> nostr-and-crays; Library -> archive-library,,,0,,,Awesome Nostr: Cache services,0,,1,Awesome Nostr: Cache services,21,0,0,P3,gezielte redaktionelle Politur und Quellenabgleich
https://www.crays.org/nostr/awesome-nostr/clients/,awesome-nostr/clients,Awesome Nostr: Clients,Library,Awesome Nostr branches,Grundlagenartikel,brauchbar,2731,9,5,4,4,644,675,event -> events-and-kinds,Start -> what-is-nostr; People -> people; Apps -> apps/catalog; Relays -> relay-market-directory; NIPs -> nips/complete-index; Privacy -> privacy-security; Wallets -> nip-47-wallet-connect; Media -> music-video-media; Commerce -> content-sale; Governance -> dao-governance; Crays -> nostr-and-crays; Library -> archive-library,,,0,,,Awesome Nostr: Clients,0,,1,Awesome Nostr: Clients,179,0,0,P3,gezielte redaktionelle Politur und Quellenabgleich
https://www.crays.org/nostr/awesome-nostr/communities/,awesome-nostr/communities,Awesome Nostr: Communities,Library,Awesome Nostr branches,Grundlagenartikel,brauchbar,1515,14,5,4,4,644,679,signer -> nip-07-signers,Start -> what-is-nostr; People -> people; Apps -> apps/catalog; Relays -> relay-market-directory; NIPs -> nips/complete-index; Privacy -> privacy-security; Wallets -> nip-47-wallet-connect; Media -> music-video-media; Commerce -> content-sale; Governance -> dao-governance; Crays -> nostr-and-crays; Library -> archive-library,,,0,,,Awesome Nostr: Communities,0,,1,Awesome Nostr: Communities,31,0,0,P3,gezielte redaktionelle Politur und Quellenabgleich
https://www.crays.org/nostr/awesome-nostr/contributing/,awesome-nostr/contributing,Awesome Nostr: Contributing,Library,Awesome Nostr branches,Grundlagenartikel,brauchbar,1536,15,5,4,4,644,679,signer -> nip-07-signers,Start -> what-is-nostr; People -> people; Apps -> apps/catalog; Relays -> relay-market-directory; NIPs -> nips/complete-index; Privacy -> privacy-security; Wallets -> nip-47-wallet-connect; Media -> music-video-media; Commerce -> content-sale; Governance -> dao-governance; Crays -> nostr-and-crays; Library -> archive-library,,,0,,,Awesome Nostr: Contributing,0,,1,Awesome Nostr: Contributing,22,0,0,P3,gezielte redaktionelle Politur und Quellenabgleich
https://www.crays.org/nostr/awesome-nostr/databases/,awesome-nostr/databases,Awesome Nostr: Databases,Library,Awesome Nostr branches,Grundlagenartikel,brauchbar,1507,14,5,4,4,644,679,signer -> nip-07-signers,Start -> what-is-nostr; People -> people; Apps -> apps/catalog; Relays -> relay-market-directory; NIPs -> nips/complete-index; Privacy -> privacy-security; Wallets -> nip-47-wallet-connect; Media -> music-video-media; Commerce -> content-sale; Governance -> dao-governance; Crays -> nostr-and-crays; Library -> archive-library,,,0,,,Awesome Nostr: Databases,0,,1,Awesome Nostr: Databases,27,0,0,P3,gezielte redaktionelle Politur und Quellenabgleich
https://www.crays.org/nostr/awesome-nostr/deprecated-defunct/,awesome-nostr/deprecated-defunct,Awesome Nostr: Deprecated/Defunct,Library,Awesome Nostr branches,Grundlagenartikel,brauchbar,1737,13,5,4,5,644,681,,Start -> what-is-nostr; People -> people; Apps -> apps/catalog; Relays -> relay-market-directory; NIPs -> nips/complete-index; Privacy -> privacy-security; Wallets -> nip-47-wallet-connect; Media -> music-video-media; Commerce -> content-sale; Governance -> dao-governance; Crays -> nostr-and-crays; Library -> archive-library,,,0,,,Awesome Nostr: Deprecated/Defunct,0,,1,Awesome Nostr: Deprecated/Defunct,58,0,0,P3,gezielte redaktionelle Politur und Quellenabgleich
https://www.crays.org/nostr/awesome-nostr/funding/,awesome-nostr/funding,Awesome Nostr: Funding,Library,Awesome Nostr branches,Grundlagenartikel,brauchbar,1526,15,5,4,4,644,679,signer -> nip-07-signers,Start -> what-is-nostr; People -> people; Apps -> apps/catalog; Relays -> relay-market-directory; NIPs -> nips/complete-index; Privacy -> privacy-security; Wallets -> nip-47-wallet-connect; Media -> music-video-media; Commerce -> content-sale; Governance -> dao-governance; Crays -> nostr-and-crays; Library -> archive-library,,,0,,,Awesome Nostr: Funding,0,,1,Awesome Nostr: Funding,23,0,0,P3,gezielte redaktionelle Politur und Quellenabgleich
https://www.crays.org/nostr/awesome-nostr/games-on-nostr/,awesome-nostr/games-on-nostr,Awesome Nostr: Games on Nostr,Library,Awesome Nostr branches,Grundlagenartikel,brauchbar,1537,14,5,4,4,644,679,signer -> nip-07-signers,Start -> what-is-nostr; People -> people; Apps -> apps/catalog; Relays -> relay-market-directory; NIPs -> nips/complete-index; Privacy -> privacy-security; Wallets -> nip-47-wallet-connect; Media -> music-video-media; Commerce -> content-sale; Governance -> dao-governance; Crays -> nostr-and-crays; Library -> archive-library,,,0,,,Awesome Nostr: Games on Nostr,0,,1,Awesome Nostr: Games on Nostr,25,0,0,P3,gezielte redaktionelle Politur und Quellenabgleich
https://www.crays.org/nostr/awesome-nostr/libraries/,awesome-nostr/libraries,Awesome Nostr: Libraries,Library,Awesome Nostr branches,Grundlagenartikel,brauchbar,2231,9,5,4,5,644,677,,Start -> what-is-nostr; People -> people; Apps -> apps/catalog; Relays -> relay-market-directory; NIPs -> nips/complete-index; Privacy -> privacy-security; Wallets -> nip-47-wallet-connect; Media -> music-video-media; Commerce -> content-sale; Governance -> dao-governance; Crays -> nostr-and-crays; Library -> archive-library,,,0,,,Awesome Nostr: Libraries,0,,1,Awesome Nostr: Libraries,154,0,0,P3,gezielte redaktionelle Politur und Quellenabgleich
https://www.crays.org/nostr/awesome-nostr/most-popular/,awesome-nostr/most-popular,Awesome Nostr: Most popular,Library,Awesome Nostr branches,Grundlagenartikel,brauchbar,1531,14,5,4,4,644,679,signer -> nip-07-signers,Start -> what-is-nostr; People -> people; Apps -> apps/catalog; Relays -> relay-market-directory; NIPs -> nips/complete-index; Privacy -> privacy-security; Wallets -> nip-47-wallet-connect; Media -> music-video-media; Commerce -> content-sale; Governance -> dao-governance; Crays -> nostr-and-crays; Library -> archive-library,,,0,,,Awesome Nostr: Most popular,0,,1,Awesome Nostr: Most popular,34,0,0,P3,gezielte redaktionelle Politur und Quellenabgleich
https://www.crays.org/nostr/awesome-nostr/nip-05-identity-services/,awesome-nostr/nip-05-identity-services,Awesome Nostr: NIP-05 identity services,Library,Awesome Nostr branches,NIP-Seite,brauchbar,1657,13,5,4,5,644,681,,Start -> what-is-nostr; People -> people; Apps -> apps/catalog; Relays -> relay-market-directory; NIPs -> nips/complete-index; Privacy -> privacy-security; Wallets -> nip-47-wallet-connect; Media -> music-video-media; Commerce -> content-sale; Governance -> dao-governance; Crays -> nostr-and-crays; Library -> archive-library,,,0,,,Awesome Nostr: NIP-05 identity services,0,,1,Awesome Nostr: NIP-05 identity services,49,0,0,P3,gezielte redaktionelle Politur und Quellenabgleich
https://www.crays.org/nostr/awesome-nostr/nip-07-browser-extensions/,awesome-nostr/nip-07-browser-extensions,Awesome Nostr: NIP-07 Browser extensions,Library,Awesome Nostr branches,NIP-Seite,brauchbar,1214,9,4,4,5,644,678,,Start -> what-is-nostr; People -> people; Apps -> apps/catalog; Relays -> relay-market-directory; NIPs -> nips/complete-index; Privacy -> privacy-security; Wallets -> nip-47-wallet-connect; Media -> music-video-media; Commerce -> content-sale; Governance -> dao-governance; Crays -> nostr-and-crays; Library -> archive-library,,,0,,,Awesome Nostr: NIP-07 Browser extensions,0,,1,Awesome Nostr: NIP-07 Browser extensions,62,0,0,P3,gezielte redaktionelle Politur und Quellenabgleich
https://www.crays.org/nostr/awesome-nostr/nip-90-data-vending-machines/,awesome-nostr/nip-90-data-vending-machines,Awesome Nostr: NIP-90 Data vending machines,Library,Awesome Nostr branches,NIP-Seite,brauchbar,1173,9,4,4,4,644,677,event -> events-and-kinds,Start -> what-is-nostr; People -> people; Apps -> apps/catalog; Relays -> relay-market-directory; NIPs -> nips/complete-index; Privacy -> privacy-security; Wallets -> nip-47-wallet-connect; Media -> music-video-media; Commerce -> content-sale; Governance -> dao-governance; Crays -> nostr-and-crays; Library -> archive-library,,,0,,,Awesome Nostr: NIP-90 Data vending machines,0,,1,Awesome Nostr: NIP-90 Data vending machines,50,0,0,P3,gezielte redaktionelle Politur und Quellenabgleich
https://www.crays.org/nostr/awesome-nostr/nip-96-file-storage-servers/,awesome-nostr/nip-96-file-storage-servers,Awesome Nostr: NIP-96 File Storage Servers,Library,Awesome Nostr branches,NIP-Seite,brauchbar,1572,14,5,4,5,644,681,,Start -> what-is-nostr; People -> people; Apps -> apps/catalog; Relays -> relay-market-directory; NIPs -> nips/complete-index; Privacy -> privacy-security; Wallets -> nip-47-wallet-connect; Media -> music-video-media; Commerce -> content-sale; Governance -> dao-governance; Crays -> nostr-and-crays; Library -> archive-library,,,0,,,Awesome Nostr: NIP-96 File Storage Servers,0,,1,Awesome Nostr: NIP-96 File Storage Servers,30,0,0,P3,gezielte redaktionelle Politur und Quellenabgleich
https://www.crays.org/nostr/awesome-nostr/nostr-web-services-nws/,awesome-nostr/nostr-web-services-nws,Awesome Nostr: Nostr Web Services (NWS),Library,Awesome Nostr branches,Grundlagenartikel,brauchbar,1501,14,5,4,4,644,679,signer -> nip-07-signers,Start -> what-is-nostr; People -> people; Apps -> apps/catalog; Relays -> relay-market-directory; NIPs -> nips/complete-index; Privacy -> privacy-security; Wallets -> nip-47-wallet-connect; Media -> music-video-media; Commerce -> content-sale; Governance -> dao-governance; Crays -> nostr-and-crays; Library -> archive-library,,,0,,,Awesome Nostr: Nostr Web Services (NWS),0,,1,Awesome Nostr: Nostr Web Services (NWS),22,0,0,P3,gezielte redaktionelle Politur und Quellenabgleich
https://www.crays.org/nostr/awesome-nostr/offline-signers/,awesome-nostr/offline-signers,Awesome Nostr: Offline signers,Library,Awesome Nostr branches,Grundlagenartikel,brauchbar,1698,13,5,4,5,644,681,,Start -> what-is-nostr; People -> people; Apps -> apps/catalog; Relays -> relay-market-directory; NIPs -> nips/complete-index; Privacy -> privacy-security; Wallets -> nip-47-wallet-connect; Media -> music-video-media; Commerce -> content-sale; Governance -> dao-governance; Crays -> nostr-and-crays; Library -> archive-library,,,0,,,Awesome Nostr: Offline signers,0,,1,Awesome Nostr: Offline signers,41,0,0,P3,gezielte redaktionelle Politur und Quellenabgleich
https://www.crays.org/nostr/awesome-nostr/other-links/,awesome-nostr/other-links,Awesome Nostr: Other links,Library,Awesome Nostr branches,Grundlagenartikel,brauchbar,1679,13,5,4,5,644,679,,Start -> what-is-nostr; People -> people; Apps -> apps/catalog; Relays -> relay-market-directory; NIPs -> nips/complete-index; Privacy -> privacy-security; Wallets -> nip-47-wallet-connect; Media -> music-video-media; Commerce -> content-sale; Governance -> dao-governance; Crays -> nostr-and-crays; Library -> archive-library,,,0,,,Awesome Nostr: Other links,0,,1,Awesome Nostr: Other links,57,0,0,P3,gezielte redaktionelle Politur und Quellenabgleich
https://www.crays.org/nostr/awesome-nostr/peer-to-peer-markets/,awesome-nostr/peer-to-peer-markets,Awesome Nostr: Peer-to-peer markets,Library,Awesome Nostr branches,Grundlagenartikel,brauchbar,1596,14,5,4,4,644,679,signer -> nip-07-signers,Start -> what-is-nostr; People -> people; Apps -> apps/catalog; Relays -> relay-market-directory; NIPs -> nips/complete-index; Privacy -> privacy-security; Wallets -> nip-47-wallet-connect; Media -> music-video-media; Commerce -> content-sale; Governance -> dao-governance; Crays -> nostr-and-crays; Library -> archive-library,,,0,,,Awesome Nostr: Peer-to-peer markets,0,,1,Awesome Nostr: Peer-to-peer markets,32,0,0,P3,gezielte redaktionelle Politur und Quellenabgleich
https://www.crays.org/nostr/awesome-nostr/podcasts/,awesome-nostr/podcasts,Awesome Nostr: Podcasts,Library,Awesome Nostr branches,Grundlagenartikel,brauchbar,1500,14,5,4,4,644,679,signer -> nip-07-signers,Start -> what-is-nostr; People -> people; Apps -> apps/catalog; Relays -> relay-market-directory; NIPs -> nips/complete-index; Privacy -> privacy-security; Wallets -> nip-47-wallet-connect; Media -> music-video-media; Commerce -> content-sale; Governance -> dao-governance; Crays -> nostr-and-crays; Library -> archive-library,,,0,,,Awesome Nostr: Podcasts,0,,1,Awesome Nostr: Podcasts,26,0,0,P3,gezielte redaktionelle Politur und Quellenabgleich
https://www.crays.org/nostr/awesome-nostr/protocol/,awesome-nostr/protocol,Awesome Nostr: Protocol,Library,Awesome Nostr branches,Grundlagenartikel,brauchbar,1699,13,5,4,5,644,679,,Start -> what-is-nostr; People -> people; Apps -> apps/catalog; Relays -> relay-market-directory; NIPs -> nips/complete-index; Privacy -> privacy-security; Wallets -> nip-47-wallet-connect; Media -> music-video-media; Commerce -> content-sale; Governance -> dao-governance; Crays -> nostr-and-crays; Library -> archive-library,,,0,,,Awesome Nostr: Protocol,0,,1,Awesome Nostr: Protocol,48,0,0,P3,gezielte redaktionelle Politur und Quellenabgleich
https://www.crays.org/nostr/awesome-nostr/recommended-reading-watching/,awesome-nostr/recommended-reading-watching,Awesome Nostr: Recommended reading/watching,Library,Awesome Nostr branches,Grundlagenartikel,brauchbar,1571,14,5,4,4,644,679,signer -> nip-07-signers,Start -> what-is-nostr; People -> people; Apps -> apps/catalog; Relays -> relay-market-directory; NIPs -> nips/complete-index; Privacy -> privacy-security; Wallets -> nip-47-wallet-connect; Media -> music-video-media; Commerce -> content-sale; Governance -> dao-governance; Crays -> nostr-and-crays; Library -> archive-library,,,0,,,Awesome Nostr: Recommended reading/watching,0,,1,Awesome Nostr: Recommended reading/watching,29,0,0,P3,gezielte redaktionelle Politur und Quellenabgleich
https://www.crays.org/nostr/awesome-nostr/related-resources/,awesome-nostr/related-resources,Awesome Nostr: Related Resources,Library,Awesome Nostr branches,Grundlagenartikel,brauchbar,1531,14,5,4,4,644,679,signer -> nip-07-signers,Start -> what-is-nostr; People -> people; Apps -> apps/catalog; Relays -> relay-market-directory; NIPs -> nips/complete-index; Privacy -> privacy-security; Wallets -> nip-47-wallet-connect; Media -> music-video-media; Commerce -> content-sale; Governance -> dao-governance; Crays -> nostr-and-crays; Library -> archive-library,,,0,,,Awesome Nostr: Related Resources,0,,1,Awesome Nostr: Related Resources,26,0,0,P3,gezielte redaktionelle Politur und Quellenabgleich
https://www.crays.org/nostr/awesome-nostr/relays/,awesome-nostr/relays,Awesome Nostr: Relays,Library,Awesome Nostr branches,Grundlagenartikel,brauchbar,2554,9,5,4,5,644,677,,Start -> what-is-nostr; People -> people; Apps -> apps/catalog; Relays -> relay-market-directory; NIPs -> nips/complete-index; Privacy -> privacy-security; Wallets -> nip-47-wallet-connect; Media -> music-video-media; Commerce -> content-sale; Governance -> dao-governance; Crays -> nostr-and-crays; Library -> archive-library,,,0,,,Awesome Nostr: Relays,0,,1,Awesome Nostr: Relays,179,0,0,P3,gezielte redaktionelle Politur und Quellenabgleich
https://www.crays.org/nostr/awesome-nostr/stats/,awesome-nostr/stats,Awesome Nostr: Stats,Library,Awesome Nostr branches,Grundlagenartikel,brauchbar,1527,15,5,4,4,644,679,signer -> nip-07-signers,Start -> what-is-nostr; People -> people; Apps -> apps/catalog; Relays -> relay-market-directory; NIPs -> nips/complete-index; Privacy -> privacy-security; Wallets -> nip-47-wallet-connect; Media -> music-video-media; Commerce -> content-sale; Governance -> dao-governance; Crays -> nostr-and-crays; Library -> archive-library,,,0,,,Awesome Nostr: Stats,0,,1,Awesome Nostr: Stats,22,0,0,P3,gezielte redaktionelle Politur und Quellenabgleich
https://www.crays.org/nostr/awesome-nostr/tools/,awesome-nostr/tools,Awesome Nostr: Tools,Library,Awesome Nostr branches,Grundlagenartikel,brauchbar,2950,9,5,4,5,644,681,,Start -> what-is-nostr; People -> people; Apps -> apps/catalog; Relays -> relay-market-directory; NIPs -> nips/complete-index; Privacy -> privacy-security; Wallets -> nip-47-wallet-connect; Media -> music-video-media; Commerce -> content-sale; Governance -> dao-governance; Crays -> nostr-and-crays; Library -> archive-library,,,0,,,Awesome Nostr: Tools,0,,1,Awesome Nostr: Tools,179,0,0,P3,gezielte redaktionelle Politur und Quellenabgleich
https://www.crays.org/nostr/awesome-nostr/tutorials/,awesome-nostr/tutorials,Awesome Nostr: Tutorials,Library,Awesome Nostr branches,Grundlagenartikel,brauchbar,1490,13,5,4,5,644,680,,Start -> what-is-nostr; People -> people; Apps -> apps/catalog; Relays -> relay-market-directory; NIPs -> nips/complete-index; Privacy -> privacy-security; Wallets -> nip-47-wallet-connect; Media -> music-video-media; Commerce -> content-sale; Governance -> dao-governance; Crays -> nostr-and-crays; Library -> archive-library,,,0,,,Awesome Nostr: Tutorials,0,,1,Awesome Nostr: Tutorials,34,0,0,P3,gezielte redaktionelle Politur und Quellenabgleich
https://www.crays.org/nostr/awesome-nostr/vanity-pubkey-mining/,awesome-nostr/vanity-pubkey-mining,Awesome Nostr: Vanity pubkey mining,Library,Awesome Nostr branches,Grundlagenartikel,brauchbar,1529,13,5,4,5,644,680,,Start -> what-is-nostr; People -> people; Apps -> apps/catalog; Relays -> relay-market-directory; NIPs -> nips/complete-index; Privacy -> privacy-security; Wallets -> nip-47-wallet-connect; Media -> music-video-media; Commerce -> content-sale; Governance -> dao-governance; Crays -> nostr-and-crays; Library -> archive-library,,,0,,,Awesome Nostr: Vanity pubkey mining,0,,1,Awesome Nostr: Vanity pubkey mining,39,0,0,P3,gezielte redaktionelle Politur und Quellenabgleich
https://www.crays.org/nostr/awesome-nostr/web-of-trust-wot/,awesome-nostr/web-of-trust-wot,Awesome Nostr: Web of Trust (WOT),Library,Awesome Nostr branches,Grundlagenartikel,brauchbar,1579,13,5,4,5,644,681,,Start -> what-is-nostr; People -> people; Apps -> apps/catalog; Relays -> relay-market-directory; NIPs -> nips/complete-index; Privacy -> privacy-security; Wallets -> nip-47-wallet-connect; Media -> music-video-media; Commerce -> content-sale; Governance -> dao-governance; Crays -> nostr-and-crays; Library -> archive-library,,,0,,,Awesome Nostr: Web of Trust (WOT),0,,1,Awesome Nostr: Web of Trust (WOT),36,0,0,P3,gezielte redaktionelle Politur und Quellenabgleich
https://www.crays.org/nostr/deep-dives/auth-http-and-services/,deep-dives/auth-http-and-services,HTTP Auth and Nostr Services,Library,Deep dives,Tiefenartikel,brauchbar,1714,15,5,4,5,644,682,,Start -> what-is-nostr; People -> people; Apps -> apps/catalog; Relays -> relay-market-directory; NIPs -> nips/complete-index; Privacy -> privacy-security; Wallets -> nip-47-wallet-connect; Media -> music-video-media; Commerce -> content-sale; Governance -> dao-governance; Crays -> nostr-and-crays; Library -> archive-library,,,0,,,HTTP Auth and Nostr Services,0,,1,HTTP Auth and Nostr Services,20,0,0,P3,gezielte redaktionelle Politur und Quellenabgleich
https://www.crays.org/nostr/deep-dives/blossom-servers-and-relays/,deep-dives/blossom-servers-and-relays,"Blossom Servers, Relays and Nostr Media Storage",Library,Deep dives,Tiefenartikel,brauchbar,1662,8,5,4,5,1310,689,,Start -> what-is-nostr; People -> people; Apps -> apps/catalog; Relays -> relay-market-directory; NIPs -> nips/complete-index; Privacy -> privacy-security; Wallets -> nip-47-wallet-connect; Media -> music-video-media; Commerce -> content-sale; Governance -> dao-governance; Crays -> nostr-and-crays; Library -> archive-library,,,0,,,"Blossom Servers, Relays and Nostr Media Storage",0,,1,"Blossom Servers, Relays and Nostr Media Storage",18,0,0,P3,gezielte redaktionelle Politur und Quellenabgleich
https://www.crays.org/nostr/deep-dives/classified-listings/,deep-dives/classified-listings,Classified Listings,Library,Deep dives,Tiefenartikel,brauchbar,1642,15,5,4,5,647,683,,Start -> what-is-nostr; People -> people; Apps -> apps/catalog; Relays -> relay-market-directory; NIPs -> nips/complete-index; Privacy -> privacy-security; Wallets -> nip-47-wallet-connect; Media -> music-video-media; Commerce -> content-sale; Governance -> dao-governance; Crays -> nostr-and-crays; Library -> archive-library,,,0,,,Classified Listings,0,,1,Classified Listings,20,0,0,P3,gezielte redaktionelle Politur und Quellenabgleich
https://www.crays.org/nostr/deep-dives/data-vending-machines/,deep-dives/data-vending-machines,Data Vending Machines,Library,Deep dives,Tiefenartikel,brauchbar,1668,15,5,4,5,648,682,,Start -> what-is-nostr; People -> people; Apps -> apps/catalog; Relays -> relay-market-directory; NIPs -> nips/complete-index; Privacy -> privacy-security; Wallets -> nip-47-wallet-connect; Media -> music-video-media; Commerce -> content-sale; Governance -> dao-governance; Crays -> nostr-and-crays; Library -> archive-library,,,0,,,Data Vending Machines,0,,1,Data Vending Machines,20,0,0,P3,gezielte redaktionelle Politur und Quellenabgleich
https://www.crays.org/nostr/deep-dives/decentralized-git/,deep-dives/decentralized-git,Decentralized Git on Nostr,Library,Deep dives,Tiefenartikel,brauchbar,1690,15,5,4,5,644,681,,Start -> what-is-nostr; People -> people; Apps -> apps/catalog; Relays -> relay-market-directory; NIPs -> nips/complete-index; Privacy -> privacy-security; Wallets -> nip-47-wallet-connect; Media -> music-video-media; Commerce -> content-sale; Governance -> dao-governance; Crays -> nostr-and-crays; Library -> archive-library,,,0,,,Decentralized Git on Nostr,0,,1,Decentralized Git on Nostr,20,0,0,P3,gezielte redaktionelle Politur und Quellenabgleich
https://www.crays.org/nostr/deep-dives/direct-messages/,deep-dives/direct-messages,Direct Messages,Library,Deep dives,Tiefenartikel,brauchbar,1644,15,5,4,5,648,682,,Start -> what-is-nostr; People -> people; Apps -> apps/catalog; Relays -> relay-market-directory; NIPs -> nips/complete-index; Privacy -> privacy-security; Wallets -> nip-47-wallet-connect; Media -> music-video-media; Commerce -> content-sale; Governance -> dao-governance; Crays -> nostr-and-crays; Library -> archive-library,,,0,,,Direct Messages,0,,1,Direct Messages,20,0,0,P3,gezielte redaktionelle Politur und Quellenabgleich
https://www.crays.org/nostr/deep-dives/lists-mutes-and-curation/,deep-dives/lists-mutes-and-curation,"Lists, Mutes and Curation",Library,Deep dives,Tiefenartikel,brauchbar,1688,15,5,4,5,644,682,,Start -> what-is-nostr; People -> people; Apps -> apps/catalog; Relays -> relay-market-directory; NIPs -> nips/complete-index; Privacy -> privacy-security; Wallets -> nip-47-wallet-connect; Media -> music-video-media; Commerce -> content-sale; Governance -> dao-governance; Crays -> nostr-and-crays; Library -> archive-library,,,0,,,"Lists, Mutes and Curation",0,,1,"Lists, Mutes and Curation",20,0,0,P3,gezielte redaktionelle Politur und Quellenabgleich
https://www.crays.org/nostr/deep-dives/nostr-and-jack-dorsey-context/,deep-dives/nostr-and-jack-dorsey-context,Nostr and Jack Dorsey Context,Library,Deep dives,Tiefenartikel,brauchbar,1722,15,5,4,5,644,682,,Start -> what-is-nostr; People -> people; Apps -> apps/catalog; Relays -> relay-market-directory; NIPs -> nips/complete-index; Privacy -> privacy-security; Wallets -> nip-47-wallet-connect; Media -> music-video-media; Commerce -> content-sale; Governance -> dao-governance; Crays -> nostr-and-crays; Library -> archive-library,,,0,,,Nostr and Jack Dorsey Context,0,,1,Nostr and Jack Dorsey Context,20,0,0,P3,gezielte redaktionelle Politur und Quellenabgleich
https://www.crays.org/nostr/deep-dives/nostr-and-open-source-funding/,deep-dives/nostr-and-open-source-funding,Nostr and Open-Source Funding,Library,Deep dives,Tiefenartikel,brauchbar,1690,15,5,4,5,644,681,,Start -> what-is-nostr; People -> people; Apps -> apps/catalog; Relays -> relay-market-directory; NIPs -> nips/complete-index; Privacy -> privacy-security; Wallets -> nip-47-wallet-connect; Media -> music-video-media; Commerce -> content-sale; Governance -> dao-governance; Crays -> nostr-and-crays; Library -> archive-library,,,0,,,Nostr and Open-Source Funding,0,,1,Nostr and Open-Source Funding,20,0,0,P3,gezielte redaktionelle Politur und Quellenabgleich
https://www.crays.org/nostr/deep-dives/nostr-communities/,deep-dives/nostr-communities,Nostr Communities,Library,Deep dives,Tiefenartikel,brauchbar,1644,15,5,4,5,645,682,,Start -> what-is-nostr; People -> people; Apps -> apps/catalog; Relays -> relay-market-directory; NIPs -> nips/complete-index; Privacy -> privacy-security; Wallets -> nip-47-wallet-connect; Media -> music-video-media; Commerce -> content-sale; Governance -> dao-governance; Crays -> nostr-and-crays; Library -> archive-library,,,0,,,Nostr Communities,0,,1,Nostr Communities,20,0,0,P3,gezielte redaktionelle Politur und Quellenabgleich
https://www.crays.org/nostr/deep-dives/nostr-events-history/,deep-dives/nostr-events-history,Nostr Events History,Library,Deep dives,Tiefenartikel,brauchbar,1668,15,5,4,5,675,683,,Start -> what-is-nostr; People -> people; Apps -> apps/catalog; Relays -> relay-market-directory; NIPs -> nips/complete-index; Privacy -> privacy-security; Wallets -> nip-47-wallet-connect; Media -> music-video-media; Commerce -> content-sale; Governance -> dao-governance; Crays -> nostr-and-crays; Library -> archive-library,,,0,,,Nostr Events History,0,,1,Nostr Events History,20,0,0,P3,gezielte redaktionelle Politur und Quellenabgleich
https://www.crays.org/nostr/deep-dives/nostr-for-ai-tools/,deep-dives/nostr-for-ai-tools,Nostr for AI Tools,Library,Deep dives,Tiefenartikel,brauchbar,1690,15,5,4,5,646,682,,Start -> what-is-nostr; People -> people; Apps -> apps/catalog; Relays -> relay-market-directory; NIPs -> nips/complete-index; Privacy -> privacy-security; Wallets -> nip-47-wallet-connect; Media -> music-video-media; Commerce -> content-sale; Governance -> dao-governance; Crays -> nostr-and-crays; Library -> archive-library,,,0,,,Nostr for AI Tools,0,,1,Nostr for AI Tools,20,0,0,P3,gezielte redaktionelle Politur und Quellenabgleich
https://www.crays.org/nostr/deep-dives/nostr-for-annotations/,deep-dives/nostr-for-annotations,Nostr for Annotations,Library,Deep dives,Tiefenartikel,brauchbar,1666,15,5,4,5,644,683,,Start -> what-is-nostr; People -> people; Apps -> apps/catalog; Relays -> relay-market-directory; NIPs -> nips/complete-index; Privacy -> privacy-security; Wallets -> nip-47-wallet-connect; Media -> music-video-media; Commerce -> content-sale; Governance -> dao-governance; Crays -> nostr-and-crays; Library -> archive-library,,,0,,,Nostr for Annotations,0,,1,Nostr for Annotations,20,0,0,P3,gezielte redaktionelle Politur und Quellenabgleich
https://www.crays.org/nostr/deep-dives/nostr-for-designers/,deep-dives/nostr-for-designers,Nostr for Designers,Library,Deep dives,Tiefenartikel,brauchbar,1662,15,5,4,5,644,681,,Start -> what-is-nostr; People -> people; Apps -> apps/catalog; Relays -> relay-market-directory; NIPs -> nips/complete-index; Privacy -> privacy-security; Wallets -> nip-47-wallet-connect; Media -> music-video-media; Commerce -> content-sale; Governance -> dao-governance; Crays -> nostr-and-crays; Library -> archive-library,,,0,,,Nostr for Designers,0,,1,Nostr for Designers,20,0,0,P3,gezielte redaktionelle Politur und Quellenabgleich
https://www.crays.org/nostr/deep-dives/nostr-for-developers/,deep-dives/nostr-for-developers,Nostr for Developers,Library,Deep dives,Tiefenartikel,brauchbar,1668,15,5,4,5,644,681,,Start -> what-is-nostr; People -> people; Apps -> apps/catalog; Relays -> relay-market-directory; NIPs -> nips/complete-index; Privacy -> privacy-security; Wallets -> nip-47-wallet-connect; Media -> music-video-media; Commerce -> content-sale; Governance -> dao-governance; Crays -> nostr-and-crays; Library -> archive-library,,,0,,,Nostr for Developers,0,,1,Nostr for Developers,20,0,0,P3,gezielte redaktionelle Politur und Quellenabgleich
https://www.crays.org/nostr/deep-dives/nostr-for-fans/,deep-dives/nostr-for-fans,Nostr for Fans,Library,Deep dives,Tiefenartikel,brauchbar,1666,15,5,4,5,644,682,,Start -> what-is-nostr; People -> people; Apps -> apps/catalog; Relays -> relay-market-directory; NIPs -> nips/complete-index; Privacy -> privacy-security; Wallets -> nip-47-wallet-connect; Media -> music-video-media; Commerce -> content-sale; Governance -> dao-governance; Crays -> nostr-and-crays; Library -> archive-library,,,0,,,Nostr for Fans,0,,1,Nostr for Fans,20,0,0,P3,gezielte redaktionelle Politur und Quellenabgleich
https://www.crays.org/nostr/deep-dives/nostr-for-forms/,deep-dives/nostr-for-forms,Nostr for Forms,Library,Deep dives,Tiefenartikel,brauchbar,1666,15,5,4,5,644,682,,Start -> what-is-nostr; People -> people; Apps -> apps/catalog; Relays -> relay-market-directory; NIPs -> nips/complete-index; Privacy -> privacy-security; Wallets -> nip-47-wallet-connect; Media -> music-video-media; Commerce -> content-sale; Governance -> dao-governance; Crays -> nostr-and-crays; Library -> archive-library,,,0,,,Nostr for Forms,0,,1,Nostr for Forms,20,0,0,P3,gezielte redaktionelle Politur und Quellenabgleich
https://www.crays.org/nostr/deep-dives/nostr-for-maps/,deep-dives/nostr-for-maps,Nostr for Maps and Real Places,Library,Deep dives,Tiefenartikel,brauchbar,1742,15,5,4,5,644,683,,Start -> what-is-nostr; People -> people; Apps -> apps/catalog; Relays -> relay-market-directory; NIPs -> nips/complete-index; Privacy -> privacy-security; Wallets -> nip-47-wallet-connect; Media -> music-video-media; Commerce -> content-sale; Governance -> dao-governance; Crays -> nostr-and-crays; Library -> archive-library,,,0,,,Nostr for Maps and Real Places,0,,1,Nostr for Maps and Real Places,20,0,0,P3,gezielte redaktionelle Politur und Quellenabgleich
https://www.crays.org/nostr/deep-dives/nostr-for-podcasts-and-audio/,deep-dives/nostr-for-podcasts-and-audio,Nostr for Podcasts and Audio,Library,Deep dives,Tiefenartikel,brauchbar,1714,15,5,4,5,644,682,,Start -> what-is-nostr; People -> people; Apps -> apps/catalog; Relays -> relay-market-directory; NIPs -> nips/complete-index; Privacy -> privacy-security; Wallets -> nip-47-wallet-connect; Media -> music-video-media; Commerce -> content-sale; Governance -> dao-governance; Crays -> nostr-and-crays; Library -> archive-library,,,0,,,Nostr for Podcasts and Audio,0,,1,Nostr for Podcasts and Audio,20,0,0,P3,gezielte redaktionelle Politur und Quellenabgleich
https://www.crays.org/nostr/deep-dives/nostr-for-venues/,deep-dives/nostr-for-venues,Nostr for Venues,Library,Deep dives,Tiefenartikel,brauchbar,1674,15,5,4,5,694,681,,Start -> what-is-nostr; People -> people; Apps -> apps/catalog; Relays -> relay-market-directory; NIPs -> nips/complete-index; Privacy -> privacy-security; Wallets -> nip-47-wallet-connect; Media -> music-video-media; Commerce -> content-sale; Governance -> dao-governance; Crays -> nostr-and-crays; Library -> archive-library,,,0,,,Nostr for Venues,0,,1,Nostr for Venues,20,0,0,P3,gezielte redaktionelle Politur und Quellenabgleich
https://www.crays.org/nostr/deep-dives/nostr-lifestyle-layer/,deep-dives/nostr-lifestyle-layer,Nostr Lifestyle Layer,Library,Deep dives,Tiefenartikel,brauchbar,1668,15,5,4,5,645,682,,Start -> what-is-nostr; People -> people; Apps -> apps/catalog; Relays -> relay-market-directory; NIPs -> nips/complete-index; Privacy -> privacy-security; Wallets -> nip-47-wallet-connect; Media -> music-video-media; Commerce -> content-sale; Governance -> dao-governance; Crays -> nostr-and-crays; Library -> archive-library,,,0,,,Nostr Lifestyle Layer,0,,1,Nostr Lifestyle Layer,20,0,0,P3,gezielte redaktionelle Politur und Quellenabgleich
https://www.crays.org/nostr/deep-dives/nostr-vs-activitypub/,deep-dives/nostr-vs-activitypub,Nostr vs ActivityPub,Library,Deep dives,Tiefenartikel,brauchbar,1660,15,5,4,5,644,681,,Start -> what-is-nostr; People -> people; Apps -> apps/catalog; Relays -> relay-market-directory; NIPs -> nips/complete-index; Privacy -> privacy-security; Wallets -> nip-47-wallet-connect; Media -> music-video-media; Commerce -> content-sale; Governance -> dao-governance; Crays -> nostr-and-crays; Library -> archive-library,,,0,,,Nostr vs ActivityPub,0,,1,Nostr vs ActivityPub,20,0,0,P3,gezielte redaktionelle Politur und Quellenabgleich
https://www.crays.org/nostr/deep-dives/nostr-vs-bluesky/,deep-dives/nostr-vs-bluesky,Nostr vs Bluesky,Library,Deep dives,Tiefenartikel,brauchbar,1670,15,5,4,5,644,681,,Start -> what-is-nostr; People -> people; Apps -> apps/catalog; Relays -> relay-market-directory; NIPs -> nips/complete-index; Privacy -> privacy-security; Wallets -> nip-47-wallet-connect; Media -> music-video-media; Commerce -> content-sale; Governance -> dao-governance; Crays -> nostr-and-crays; Library -> archive-library,,,0,,,Nostr vs Bluesky,0,,1,Nostr vs Bluesky,20,0,0,P3,gezielte redaktionelle Politur und Quellenabgleich
https://www.crays.org/nostr/deep-dives/npub-and-nsec/,deep-dives/npub-and-nsec,npub and nsec,Library,Deep dives,Tiefenartikel,brauchbar,1670,15,5,4,5,645,681,,Start -> what-is-nostr; People -> people; Apps -> apps/catalog; Relays -> relay-market-directory; NIPs -> nips/complete-index; Privacy -> privacy-security; Wallets -> nip-47-wallet-connect; Media -> music-video-media; Commerce -> content-sale; Governance -> dao-governance; Crays -> nostr-and-crays; Library -> archive-library,,,0,,,npub and nsec,0,,1,npub and nsec,20,0,0,P3,gezielte redaktionelle Politur und Quellenabgleich
https://www.crays.org/nostr/deep-dives/portable-social-graph/,deep-dives/portable-social-graph,Portable Social Graph,Library,Deep dives,Tiefenartikel,brauchbar,1652,15,5,4,5,644,681,,Start -> what-is-nostr; People -> people; Apps -> apps/catalog; Relays -> relay-market-directory; NIPs -> nips/complete-index; Privacy -> privacy-security; Wallets -> nip-47-wallet-connect; Media -> music-video-media; Commerce -> content-sale; Governance -> dao-governance; Crays -> nostr-and-crays; Library -> archive-library,,,0,,,Portable Social Graph,0,,1,Portable Social Graph,20,0,0,P3,gezielte redaktionelle Politur und Quellenabgleich
https://www.crays.org/nostr/deep-dives/private-key-custody/,deep-dives/private-key-custody,Private-Key Custody,Library,Deep dives,Tiefenartikel,brauchbar,1642,15,5,4,5,645,681,,Start -> what-is-nostr; People -> people; Apps -> apps/catalog; Relays -> relay-market-directory; NIPs -> nips/complete-index; Privacy -> privacy-security; Wallets -> nip-47-wallet-connect; Media -> music-video-media; Commerce -> content-sale; Governance -> dao-governance; Crays -> nostr-and-crays; Library -> archive-library,,,0,,,Private-Key Custody,0,,1,Private-Key Custody,20,0,0,P3,gezielte redaktionelle Politur und Quellenabgleich
https://www.crays.org/nostr/deep-dives/remote-signing-and-bunkers/,deep-dives/remote-signing-and-bunkers,Remote Signing and Bunkers,Library,Deep dives,Tiefenartikel,brauchbar,1690,15,5,4,5,644,683,,Start -> what-is-nostr; People -> people; Apps -> apps/catalog; Relays -> relay-market-directory; NIPs -> nips/complete-index; Privacy -> privacy-security; Wallets -> nip-47-wallet-connect; Media -> music-video-media; Commerce -> content-sale; Governance -> dao-governance; Crays -> nostr-and-crays; Library -> archive-library,,,0,,,Remote Signing and Bunkers,0,,1,Remote Signing and Bunkers,20,0,0,P3,gezielte redaktionelle Politur und Quellenabgleich
https://www.crays.org/nostr/deep-dives/search-indexing/,deep-dives/search-indexing,Search and Indexing,Library,Deep dives,Tiefenartikel,brauchbar,1674,15,5,4,5,644,681,,Start -> what-is-nostr; People -> people; Apps -> apps/catalog; Relays -> relay-market-directory; NIPs -> nips/complete-index; Privacy -> privacy-security; Wallets -> nip-47-wallet-connect; Media -> music-video-media; Commerce -> content-sale; Governance -> dao-governance; Crays -> nostr-and-crays; Library -> archive-library,,,0,,,Search and Indexing,0,,1,Search and Indexing,20,0,0,P3,gezielte redaktionelle Politur und Quellenabgleich
https://www.crays.org/nostr/field-guide/ai-agents/,field-guide/ai-agents,AI Agents on Nostr: Nostr Field Guide,Library,Field guides,Grundlagenartikel,brauchbar,2845,27,5,4,5,644,676,,Start -> what-is-nostr; People -> people; Apps -> apps/catalog; Relays -> relay-market-directory; NIPs -> nips/complete-index; Privacy -> privacy-security; Wallets -> nip-47-wallet-connect; Media -> music-video-media; Commerce -> content-sale; Governance -> dao-governance; Crays -> nostr-and-crays; Library -> archive-library,,,0,,,AI Agents on Nostr: Nostr Field Guide,0,,1,AI Agents on Nostr: Nostr Field Guide,19,0,0,P3,gezielte redaktionelle Politur und Quellenabgleich
https://www.crays.org/nostr/field-guide/analytics/,field-guide/analytics,Analytics: Nostr Field Guide,Library,Field guides,Grundlagenartikel,brauchbar,2678,27,5,4,5,647,675,,Start -> what-is-nostr; People -> people; Apps -> apps/catalog; Relays -> relay-market-directory; NIPs -> nips/complete-index; Privacy -> privacy-security; Wallets -> nip-47-wallet-connect; Media -> music-video-media; Commerce -> content-sale; Governance -> dao-governance; Crays -> nostr-and-crays; Library -> archive-library,,,0,,,Analytics: Nostr Field Guide,0,,1,Analytics: Nostr Field Guide,19,0,0,P3,gezielte redaktionelle Politur und Quellenabgleich
https://www.crays.org/nostr/field-guide/anti-algorithm-culture/,field-guide/anti-algorithm-culture,Anti-Algorithm Culture: Nostr Field Guide,Library,Field guides,Grundlagenartikel,brauchbar,1832,19,5,4,5,644,677,,Start -> what-is-nostr; People -> people; Apps -> apps/catalog; Relays -> relay-market-directory; NIPs -> nips/complete-index; Privacy -> privacy-security; Wallets -> nip-47-wallet-connect; Media -> music-video-media; Commerce -> content-sale; Governance -> dao-governance; Crays -> nostr-and-crays; Library -> archive-library,,,0,,,Anti-Algorithm Culture: Nostr Field Guide,0,,1,Anti-Algorithm Culture: Nostr Field Guide,19,0,0,P3,gezielte redaktionelle Politur und Quellenabgleich
https://www.crays.org/nostr/field-guide/app-handlers/,field-guide/app-handlers,App Handlers: Nostr Field Guide,Library,Field guides,Grundlagenartikel,brauchbar,2732,27,5,4,5,644,675,,Start -> what-is-nostr; People -> people; Apps -> apps/catalog; Relays -> relay-market-directory; NIPs -> nips/complete-index; Privacy -> privacy-security; Wallets -> nip-47-wallet-connect; Media -> music-video-media; Commerce -> content-sale; Governance -> dao-governance; Crays -> nostr-and-crays; Library -> archive-library,,,0,,,App Handlers: Nostr Field Guide,0,,1,App Handlers: Nostr Field Guide,19,0,0,P3,gezielte redaktionelle Politur und Quellenabgleich
https://www.crays.org/nostr/field-guide/app-rivalries/,field-guide/app-rivalries,App Rivalries: Nostr Field Guide,Library,Field guides,Grundlagenartikel,brauchbar,1849,19,5,4,5,644,676,,Start -> what-is-nostr; People -> people; Apps -> apps/catalog; Relays -> relay-market-directory; NIPs -> nips/complete-index; Privacy -> privacy-security; Wallets -> nip-47-wallet-connect; Media -> music-video-media; Commerce -> content-sale; Governance -> dao-governance; Crays -> nostr-and-crays; Library -> archive-library,,,0,,,App Rivalries: Nostr Field Guide,0,,1,App Rivalries: Nostr Field Guide,19,0,0,P3,gezielte redaktionelle Politur und Quellenabgleich
https://www.crays.org/nostr/field-guide/app-specific-data/,field-guide/app-specific-data,App-Specific Data: Nostr Field Guide,Library,Field guides,Grundlagenartikel,brauchbar,2744,27,5,4,5,644,675,,Start -> what-is-nostr; People -> people; Apps -> apps/catalog; Relays -> relay-market-directory; NIPs -> nips/complete-index; Privacy -> privacy-security; Wallets -> nip-47-wallet-connect; Media -> music-video-media; Commerce -> content-sale; Governance -> dao-governance; Crays -> nostr-and-crays; Library -> archive-library,,,0,,,App-Specific Data: Nostr Field Guide,0,,1,App-Specific Data: Nostr Field Guide,19,0,0,P3,gezielte redaktionelle Politur und Quellenabgleich
https://www.crays.org/nostr/field-guide/archival-relays/,field-guide/archival-relays,Archival Relays: Nostr Field Guide,Library,Field guides,Grundlagenartikel,brauchbar,2713,27,5,4,5,644,675,,Start -> what-is-nostr; People -> people; Apps -> apps/catalog; Relays -> relay-market-directory; NIPs -> nips/complete-index; Privacy -> privacy-security; Wallets -> nip-47-wallet-connect; Media -> music-video-media; Commerce -> content-sale; Governance -> dao-governance; Crays -> nostr-and-crays; Library -> archive-library,,,0,,,Archival Relays: Nostr Field Guide,0,,1,Archival Relays: Nostr Field Guide,19,0,0,P3,gezielte redaktionelle Politur und Quellenabgleich
https://www.crays.org/nostr/field-guide/artist-communities/,field-guide/artist-communities,Artist Communities: Nostr Field Guide,Library,Field guides,Grundlagenartikel,brauchbar,1858,19,5,4,5,644,677,,Start -> what-is-nostr; People -> people; Apps -> apps/catalog; Relays -> relay-market-directory; NIPs -> nips/complete-index; Privacy -> privacy-security; Wallets -> nip-47-wallet-connect; Media -> music-video-media; Commerce -> content-sale; Governance -> dao-governance; Crays -> nostr-and-crays; Library -> archive-library,,,0,,,Artist Communities: Nostr Field Guide,0,,1,Artist Communities: Nostr Field Guide,19,0,0,P3,gezielte redaktionelle Politur und Quellenabgleich
https://www.crays.org/nostr/field-guide/audio-voice/,field-guide/audio-voice,Audio and Voice: Nostr Field Guide,Library,Field guides,Grundlagenartikel,brauchbar,2783,27,5,4,5,644,676,,Start -> what-is-nostr; People -> people; Apps -> apps/catalog; Relays -> relay-market-directory; NIPs -> nips/complete-index; Privacy -> privacy-security; Wallets -> nip-47-wallet-connect; Media -> music-video-media; Commerce -> content-sale; Governance -> dao-governance; Crays -> nostr-and-crays; Library -> archive-library,,,0,,,Audio and Voice: Nostr Field Guide,0,,1,Audio and Voice: Nostr Field Guide,19,0,0,P3,gezielte redaktionelle Politur und Quellenabgleich
https://www.crays.org/nostr/field-guide/bitcoin-crossover/,field-guide/bitcoin-crossover,Bitcoin Crossover: Nostr Field Guide,Library,Field guides,Grundlagenartikel,brauchbar,1861,19,5,4,5,644,676,,Start -> what-is-nostr; People -> people; Apps -> apps/catalog; Relays -> relay-market-directory; NIPs -> nips/complete-index; Privacy -> privacy-security; Wallets -> nip-47-wallet-connect; Media -> music-video-media; Commerce -> content-sale; Governance -> dao-governance; Crays -> nostr-and-crays; Library -> archive-library,,,0,,,Bitcoin Crossover: Nostr Field Guide,0,,1,Bitcoin Crossover: Nostr Field Guide,19,0,0,P3,gezielte redaktionelle Politur und Quellenabgleich
https://www.crays.org/nostr/field-guide/bitcoin-relationship/,field-guide/bitcoin-relationship,Bitcoin Relationship: Nostr Field Guide,Library,Field guides,Grundlagenartikel,brauchbar,2718,27,5,4,5,644,675,,Start -> what-is-nostr; People -> people; Apps -> apps/catalog; Relays -> relay-market-directory; NIPs -> nips/complete-index; Privacy -> privacy-security; Wallets -> nip-47-wallet-connect; Media -> music-video-media; Commerce -> content-sale; Governance -> dao-governance; Crays -> nostr-and-crays; Library -> archive-library,,,0,,,Bitcoin Relationship: Nostr Field Guide,0,,1,Bitcoin Relationship: Nostr Field Guide,19,0,0,P3,gezielte redaktionelle Politur und Quellenabgleich
https://www.crays.org/nostr/field-guide/blossom-storage/,field-guide/blossom-storage,Blossom Storage: Nostr Field Guide,Library,Field guides,Grundlagenartikel,brauchbar,2737,27,5,4,5,645,675,,Start -> what-is-nostr; People -> people; Apps -> apps/catalog; Relays -> relay-market-directory; NIPs -> nips/complete-index; Privacy -> privacy-security; Wallets -> nip-47-wallet-connect; Media -> music-video-media; Commerce -> content-sale; Governance -> dao-governance; Crays -> nostr-and-crays; Library -> archive-library,,,0,,,Blossom Storage: Nostr Field Guide,0,,1,Blossom Storage: Nostr Field Guide,19,0,0,P3,gezielte redaktionelle Politur und Quellenabgleich
https://www.crays.org/nostr/field-guide/bookmarks/,field-guide/bookmarks,Bookmarks: Nostr Field Guide,Library,Field guides,Grundlagenartikel,brauchbar,2668,27,5,4,5,650,675,,Start -> what-is-nostr; People -> people; Apps -> apps/catalog; Relays -> relay-market-directory; NIPs -> nips/complete-index; Privacy -> privacy-security; Wallets -> nip-47-wallet-connect; Media -> music-video-media; Commerce -> content-sale; Governance -> dao-governance; Crays -> nostr-and-crays; Library -> archive-library,,,0,,,Bookmarks: Nostr Field Guide,0,,1,Bookmarks: Nostr Field Guide,19,0,0,P3,gezielte redaktionelle Politur und Quellenabgleich
https://www.crays.org/nostr/field-guide/calendar-events/,field-guide/calendar-events,Calendar Events: Nostr Field Guide,Library,Field guides,Grundlagenartikel,brauchbar,2712,27,5,4,5,648,676,,Start -> what-is-nostr; People -> people; Apps -> apps/catalog; Relays -> relay-market-directory; NIPs -> nips/complete-index; Privacy -> privacy-security; Wallets -> nip-47-wallet-connect; Media -> music-video-media; Commerce -> content-sale; Governance -> dao-governance; Crays -> nostr-and-crays; Library -> archive-library,,,0,,,Calendar Events: Nostr Field Guide,0,,1,Calendar Events: Nostr Field Guide,19,0,0,P3,gezielte redaktionelle Politur und Quellenabgleich
https://www.crays.org/nostr/field-guide/censorship-drama/,field-guide/censorship-drama,Censorship Drama: Nostr Field Guide,Library,Field guides,Grundlagenartikel,brauchbar,1853,19,5,4,5,644,677,,Start -> what-is-nostr; People -> people; Apps -> apps/catalog; Relays -> relay-market-directory; NIPs -> nips/complete-index; Privacy -> privacy-security; Wallets -> nip-47-wallet-connect; Media -> music-video-media; Commerce -> content-sale; Governance -> dao-governance; Crays -> nostr-and-crays; Library -> archive-library,,,0,,,Censorship Drama: Nostr Field Guide,0,,1,Censorship Drama: Nostr Field Guide,19,0,0,P3,gezielte redaktionelle Politur und Quellenabgleich
https://www.crays.org/nostr/field-guide/classified-listings/,field-guide/classified-listings,Classified Listings: Nostr Field Guide,Library,Field guides,Grundlagenartikel,brauchbar,2719,27,5,4,5,644,675,,Start -> what-is-nostr; People -> people; Apps -> apps/catalog; Relays -> relay-market-directory; NIPs -> nips/complete-index; Privacy -> privacy-security; Wallets -> nip-47-wallet-connect; Media -> music-video-media; Commerce -> content-sale; Governance -> dao-governance; Crays -> nostr-and-crays; Library -> archive-library,,,0,,,Classified Listings: Nostr Field Guide,0,,1,Classified Listings: Nostr Field Guide,19,0,0,P3,gezielte redaktionelle Politur und Quellenabgleich
https://www.crays.org/nostr/field-guide/client-design-taste/,field-guide/client-design-taste,Client Design Taste: Nostr Field Guide,Library,Field guides,Grundlagenartikel,brauchbar,1892,19,5,4,5,644,677,,Start -> what-is-nostr; People -> people; Apps -> apps/catalog; Relays -> relay-market-directory; NIPs -> nips/complete-index; Privacy -> privacy-security; Wallets -> nip-47-wallet-connect; Media -> music-video-media; Commerce -> content-sale; Governance -> dao-governance; Crays -> nostr-and-crays; Library -> archive-library,,,0,,,Client Design Taste: Nostr Field Guide,0,,1,Client Design Taste: Nostr Field Guide,19,0,0,P3,gezielte redaktionelle Politur und Quellenabgleich
https://www.crays.org/nostr/field-guide/client-switching/,field-guide/client-switching,Client Switching: Nostr Field Guide,Library,Field guides,Grundlagenartikel,brauchbar,2716,27,5,4,5,644,675,,Start -> what-is-nostr; People -> people; Apps -> apps/catalog; Relays -> relay-market-directory; NIPs -> nips/complete-index; Privacy -> privacy-security; Wallets -> nip-47-wallet-connect; Media -> music-video-media; Commerce -> content-sale; Governance -> dao-governance; Crays -> nostr-and-crays; Library -> archive-library,,,0,,,Client Switching: Nostr Field Guide,0,,1,Client Switching: Nostr Field Guide,19,0,0,P3,gezielte redaktionelle Politur und Quellenabgleich
https://www.crays.org/nostr/field-guide/client-tribes/,field-guide/client-tribes,Client Tribes: Nostr Field Guide,Library,Field guides,Grundlagenartikel,brauchbar,1863,19,5,4,5,651,680,,Start -> what-is-nostr; People -> people; Apps -> apps/catalog; Relays -> relay-market-directory; NIPs -> nips/complete-index; Privacy -> privacy-security; Wallets -> nip-47-wallet-connect; Media -> music-video-media; Commerce -> content-sale; Governance -> dao-governance; Crays -> nostr-and-crays; Library -> archive-library,,,0,,,Client Tribes: Nostr Field Guide,0,,1,Client Tribes: Nostr Field Guide,19,0,0,P3,gezielte redaktionelle Politur und Quellenabgleich
https://www.crays.org/nostr/field-guide/comments-on-articles/,field-guide/comments-on-articles,Comments on Articles: Nostr Field Guide,Library,Field guides,Grundlagenartikel,brauchbar,2788,27,5,4,5,644,676,,Start -> what-is-nostr; People -> people; Apps -> apps/catalog; Relays -> relay-market-directory; NIPs -> nips/complete-index; Privacy -> privacy-security; Wallets -> nip-47-wallet-connect; Media -> music-video-media; Commerce -> content-sale; Governance -> dao-governance; Crays -> nostr-and-crays; Library -> archive-library,,,0,,,Comments on Articles: Nostr Field Guide,0,,1,Comments on Articles: Nostr Field Guide,19,0,0,P3,gezielte redaktionelle Politur und Quellenabgleich
https://www.crays.org/nostr/field-guide/communities/,field-guide/communities,Communities: Nostr Field Guide,Library,Field guides,Grundlagenartikel,brauchbar,2668,27,5,4,5,698,675,,Start -> what-is-nostr; People -> people; Apps -> apps/catalog; Relays -> relay-market-directory; NIPs -> nips/complete-index; Privacy -> privacy-security; Wallets -> nip-47-wallet-connect; Media -> music-video-media; Commerce -> content-sale; Governance -> dao-governance; Crays -> nostr-and-crays; Library -> archive-library,,,0,,,Communities: Nostr Field Guide,0,,1,Communities: Nostr Field Guide,19,0,0,P3,gezielte redaktionelle Politur und Quellenabgleich
https://www.crays.org/nostr/field-guide/community-moderators/,field-guide/community-moderators,Community Moderators: Nostr Field Guide,Library,Field guides,Grundlagenartikel,brauchbar,1849,19,5,4,5,644,676,,Start -> what-is-nostr; People -> people; Apps -> apps/catalog; Relays -> relay-market-directory; NIPs -> nips/complete-index; Privacy -> privacy-security; Wallets -> nip-47-wallet-connect; Media -> music-video-media; Commerce -> content-sale; Governance -> dao-governance; Crays -> nostr-and-crays; Library -> archive-library,,,0,,,Community Moderators: Nostr Field Guide,0,,1,Community Moderators: Nostr Field Guide,19,0,0,P3,gezielte redaktionelle Politur und Quellenabgleich
https://www.crays.org/nostr/field-guide/conference-hallway-nostr/,field-guide/conference-hallway-nostr,Conference Hallway Nostr: Nostr Field Guide,Library,Field guides,Grundlagenartikel,brauchbar,1877,19,5,4,5,644,677,,Start -> what-is-nostr; People -> people; Apps -> apps/catalog; Relays -> relay-market-directory; NIPs -> nips/complete-index; Privacy -> privacy-security; Wallets -> nip-47-wallet-connect; Media -> music-video-media; Commerce -> content-sale; Governance -> dao-governance; Crays -> nostr-and-crays; Library -> archive-library,,,0,,,Conference Hallway Nostr: Nostr Field Guide,0,,1,Conference Hallway Nostr: Nostr Field Guide,19,0,0,P3,gezielte redaktionelle Politur und Quellenabgleich
https://www.crays.org/nostr/field-guide/contact-lists/,field-guide/contact-lists,Contact Lists: Nostr Field Guide,Library,Field guides,Grundlagenartikel,brauchbar,2726,27,5,4,5,644,676,,Start -> what-is-nostr; People -> people; Apps -> apps/catalog; Relays -> relay-market-directory; NIPs -> nips/complete-index; Privacy -> privacy-security; Wallets -> nip-47-wallet-connect; Media -> music-video-media; Commerce -> content-sale; Governance -> dao-governance; Crays -> nostr-and-crays; Library -> archive-library,,,0,,,Contact Lists: Nostr Field Guide,0,,1,Contact Lists: Nostr Field Guide,19,0,0,P3,gezielte redaktionelle Politur und Quellenabgleich
https://www.crays.org/nostr/field-guide/data-portability/,field-guide/data-portability,Data Portability: Nostr Field Guide,Library,Field guides,Grundlagenartikel,brauchbar,2721,27,5,4,5,644,675,,Start -> what-is-nostr; People -> people; Apps -> apps/catalog; Relays -> relay-market-directory; NIPs -> nips/complete-index; Privacy -> privacy-security; Wallets -> nip-47-wallet-connect; Media -> music-video-media; Commerce -> content-sale; Governance -> dao-governance; Crays -> nostr-and-crays; Library -> archive-library,,,0,,,Data Portability: Nostr Field Guide,0,,1,Data Portability: Nostr Field Guide,19,0,0,P3,gezielte redaktionelle Politur und Quellenabgleich
https://www.crays.org/nostr/field-guide/data-vending/,field-guide/data-vending,Data Vending Machines: Nostr Field Guide,Library,Field guides,Grundlagenartikel,brauchbar,2773,27,5,4,5,644,675,,Start -> what-is-nostr; People -> people; Apps -> apps/catalog; Relays -> relay-market-directory; NIPs -> nips/complete-index; Privacy -> privacy-security; Wallets -> nip-47-wallet-connect; Media -> music-video-media; Commerce -> content-sale; Governance -> dao-governance; Crays -> nostr-and-crays; Library -> archive-library,,,0,,,Data Vending Machines: Nostr Field Guide,0,,1,Data Vending Machines: Nostr Field Guide,19,0,0,P3,gezielte redaktionelle Politur und Quellenabgleich
https://www.crays.org/nostr/field-guide/dating-and-social-discovery/,field-guide/dating-and-social-discovery,Dating and Social Discovery: Nostr Field Guide,Library,Field guides,Grundlagenartikel,brauchbar,1899,19,5,4,5,644,677,,Start -> what-is-nostr; People -> people; Apps -> apps/catalog; Relays -> relay-market-directory; NIPs -> nips/complete-index; Privacy -> privacy-security; Wallets -> nip-47-wallet-connect; Media -> music-video-media; Commerce -> content-sale; Governance -> dao-governance; Crays -> nostr-and-crays; Library -> archive-library,,,0,,,Dating and Social Discovery: Nostr Field Guide,0,,1,Dating and Social Discovery: Nostr Field Guide,19,0,0,P3,gezielte redaktionelle Politur und Quellenabgleich
https://www.crays.org/nostr/field-guide/deletion/,field-guide/deletion,Deletion Requests: Nostr Field Guide,Library,Field guides,Grundlagenartikel,brauchbar,2737,27,5,4,5,645,675,,Start -> what-is-nostr; People -> people; Apps -> apps/catalog; Relays -> relay-market-directory; NIPs -> nips/complete-index; Privacy -> privacy-security; Wallets -> nip-47-wallet-connect; Media -> music-video-media; Commerce -> content-sale; Governance -> dao-governance; Crays -> nostr-and-crays; Library -> archive-library,,,0,,,Deletion Requests: Nostr Field Guide,0,,1,Deletion Requests: Nostr Field Guide,19,0,0,P3,gezielte redaktionelle Politur und Quellenabgleich
https://www.crays.org/nostr/field-guide/deplatforming-stories/,field-guide/deplatforming-stories,Deplatforming Stories: Nostr Field Guide,Library,Field guides,Grundlagenartikel,brauchbar,1850,19,5,4,5,644,677,,Start -> what-is-nostr; People -> people; Apps -> apps/catalog; Relays -> relay-market-directory; NIPs -> nips/complete-index; Privacy -> privacy-security; Wallets -> nip-47-wallet-connect; Media -> music-video-media; Commerce -> content-sale; Governance -> dao-governance; Crays -> nostr-and-crays; Library -> archive-library,,,0,,,Deplatforming Stories: Nostr Field Guide,0,,1,Deplatforming Stories: Nostr Field Guide,19,0,0,P3,gezielte redaktionelle Politur und Quellenabgleich
https://www.crays.org/nostr/field-guide/desktop-clients/,field-guide/desktop-clients,Desktop Clients: Nostr Field Guide,Library,Field guides,Grundlagenartikel,brauchbar,2728,27,5,4,5,645,675,,Start -> what-is-nostr; People -> people; Apps -> apps/catalog; Relays -> relay-market-directory; NIPs -> nips/complete-index; Privacy -> privacy-security; Wallets -> nip-47-wallet-connect; Media -> music-video-media; Commerce -> content-sale; Governance -> dao-governance; Crays -> nostr-and-crays; Library -> archive-library,,,0,,,Desktop Clients: Nostr Field Guide,0,,1,Desktop Clients: Nostr Field Guide,19,0,0,P3,gezielte redaktionelle Politur und Quellenabgleich
https://www.crays.org/nostr/field-guide/direct-messages/,field-guide/direct-messages,Direct Messages: Nostr Field Guide,Library,Field guides,Grundlagenartikel,brauchbar,2711,27,5,4,5,644,676,,Start -> what-is-nostr; People -> people; Apps -> apps/catalog; Relays -> relay-market-directory; NIPs -> nips/complete-index; Privacy -> privacy-security; Wallets -> nip-47-wallet-connect; Media -> music-video-media; Commerce -> content-sale; Governance -> dao-governance; Crays -> nostr-and-crays; Library -> archive-library,,,0,,,Direct Messages: Nostr Field Guide,0,,1,Direct Messages: Nostr Field Guide,19,0,0,P3,gezielte redaktionelle Politur und Quellenabgleich
https://www.crays.org/nostr/field-guide/education/,field-guide/education,Nostr Education: Nostr Field Guide,Library,Field guides,Grundlagenartikel,brauchbar,2725,27,5,4,5,646,675,,Start -> what-is-nostr; People -> people; Apps -> apps/catalog; Relays -> relay-market-directory; NIPs -> nips/complete-index; Privacy -> privacy-security; Wallets -> nip-47-wallet-connect; Media -> music-video-media; Commerce -> content-sale; Governance -> dao-governance; Crays -> nostr-and-crays; Library -> archive-library,,,0,,,Nostr Education: Nostr Field Guide,0,,1,Nostr Education: Nostr Field Guide,19,0,0,P3,gezielte redaktionelle Politur und Quellenabgleich
https://www.crays.org/nostr/field-guide/education-workshops/,field-guide/education-workshops,Education Workshops: Nostr Field Guide,Library,Field guides,Grundlagenartikel,brauchbar,1844,19,5,4,5,644,678,,Start -> what-is-nostr; People -> people; Apps -> apps/catalog; Relays -> relay-market-directory; NIPs -> nips/complete-index; Privacy -> privacy-security; Wallets -> nip-47-wallet-connect; Media -> music-video-media; Commerce -> content-sale; Governance -> dao-governance; Crays -> nostr-and-crays; Library -> archive-library,,,0,,,Education Workshops: Nostr Field Guide,0,,1,Education Workshops: Nostr Field Guide,19,0,0,P3,gezielte redaktionelle Politur und Quellenabgleich
https://www.crays.org/nostr/field-guide/encryption/,field-guide/encryption,Encryption: Nostr Field Guide,Library,Field guides,Grundlagenartikel,brauchbar,2667,27,5,4,5,817,676,,Start -> what-is-nostr; People -> people; Apps -> apps/catalog; Relays -> relay-market-directory; NIPs -> nips/complete-index; Privacy -> privacy-security; Wallets -> nip-47-wallet-connect; Media -> music-video-media; Commerce -> content-sale; Governance -> dao-governance; Crays -> nostr-and-crays; Library -> archive-library,,,0,,,Encryption: Nostr Field Guide,0,,1,Encryption: Nostr Field Guide,19,0,0,P3,gezielte redaktionelle Politur und Quellenabgleich
https://www.crays.org/nostr/field-guide/event-access/,field-guide/event-access,Event Access: Nostr Field Guide,Library,Field guides,Grundlagenartikel,brauchbar,2711,27,5,4,5,646,676,,Start -> what-is-nostr; People -> people; Apps -> apps/catalog; Relays -> relay-market-directory; NIPs -> nips/complete-index; Privacy -> privacy-security; Wallets -> nip-47-wallet-connect; Media -> music-video-media; Commerce -> content-sale; Governance -> dao-governance; Crays -> nostr-and-crays; Library -> archive-library,,,0,,,Event Access: Nostr Field Guide,0,,1,Event Access: Nostr Field Guide,19,0,0,P3,gezielte redaktionelle Politur und Quellenabgleich
https://www.crays.org/nostr/field-guide/expiration/,field-guide/expiration,Expiration: Nostr Field Guide,Library,Field guides,Grundlagenartikel,brauchbar,2652,27,5,4,5,647,675,,Start -> what-is-nostr; People -> people; Apps -> apps/catalog; Relays -> relay-market-directory; NIPs -> nips/complete-index; Privacy -> privacy-security; Wallets -> nip-47-wallet-connect; Media -> music-video-media; Commerce -> content-sale; Governance -> dao-governance; Crays -> nostr-and-crays; Library -> archive-library,,,0,,,Expiration: Nostr Field Guide,0,,1,Expiration: Nostr Field Guide,19,0,0,P3,gezielte redaktionelle Politur und Quellenabgleich
https://www.crays.org/nostr/field-guide/family-and-private-circles/,field-guide/family-and-private-circles,Family and Private Circles: Nostr Field Guide,Library,Field guides,Grundlagenartikel,brauchbar,1899,19,5,4,5,644,676,,Start -> what-is-nostr; People -> people; Apps -> apps/catalog; Relays -> relay-market-directory; NIPs -> nips/complete-index; Privacy -> privacy-security; Wallets -> nip-47-wallet-connect; Media -> music-video-media; Commerce -> content-sale; Governance -> dao-governance; Crays -> nostr-and-crays; Library -> archive-library,,,0,,,Family and Private Circles: Nostr Field Guide,0,,1,Family and Private Circles: Nostr Field Guide,19,0,0,P3,gezielte redaktionelle Politur und Quellenabgleich
https://www.crays.org/nostr/field-guide/feed-design/,field-guide/feed-design,Feed Design: Nostr Field Guide,Library,Field guides,Grundlagenartikel,brauchbar,2740,27,5,4,5,645,675,,Start -> what-is-nostr; People -> people; Apps -> apps/catalog; Relays -> relay-market-directory; NIPs -> nips/complete-index; Privacy -> privacy-security; Wallets -> nip-47-wallet-connect; Media -> music-video-media; Commerce -> content-sale; Governance -> dao-governance; Crays -> nostr-and-crays; Library -> archive-library,,,0,,,Feed Design: Nostr Field Guide,0,,1,Feed Design: Nostr Field Guide,19,0,0,P3,gezielte redaktionelle Politur und Quellenabgleich
https://www.crays.org/nostr/field-guide/file-metadata/,field-guide/file-metadata,File Metadata: Nostr Field Guide,Library,Field guides,Grundlagenartikel,brauchbar,2714,27,5,4,5,645,676,,Start -> what-is-nostr; People -> people; Apps -> apps/catalog; Relays -> relay-market-directory; NIPs -> nips/complete-index; Privacy -> privacy-security; Wallets -> nip-47-wallet-connect; Media -> music-video-media; Commerce -> content-sale; Governance -> dao-governance; Crays -> nostr-and-crays; Library -> archive-library,,,0,,,File Metadata: Nostr Field Guide,0,,1,File Metadata: Nostr Field Guide,19,0,0,P3,gezielte redaktionelle Politur und Quellenabgleich
https://www.crays.org/nostr/field-guide/forks-and-schisms/,field-guide/forks-and-schisms,Forks and Schisms: Nostr Field Guide,Library,Field guides,Grundlagenartikel,brauchbar,1877,19,5,4,5,644,676,,Start -> what-is-nostr; People -> people; Apps -> apps/catalog; Relays -> relay-market-directory; NIPs -> nips/complete-index; Privacy -> privacy-security; Wallets -> nip-47-wallet-connect; Media -> music-video-media; Commerce -> content-sale; Governance -> dao-governance; Crays -> nostr-and-crays; Library -> archive-library,,,0,,,Forks and Schisms: Nostr Field Guide,0,,1,Forks and Schisms: Nostr Field Guide,19,0,0,P3,gezielte redaktionelle Politur und Quellenabgleich
https://www.crays.org/nostr/field-guide/founder-mythology/,field-guide/founder-mythology,Founder Mythology: Nostr Field Guide,Library,Field guides,Grundlagenartikel,brauchbar,1871,19,5,4,5,644,676,,Start -> what-is-nostr; People -> people; Apps -> apps/catalog; Relays -> relay-market-directory; NIPs -> nips/complete-index; Privacy -> privacy-security; Wallets -> nip-47-wallet-connect; Media -> music-video-media; Commerce -> content-sale; Governance -> dao-governance; Crays -> nostr-and-crays; Library -> archive-library,,,0,,,Founder Mythology: Nostr Field Guide,0,,1,Founder Mythology: Nostr Field Guide,19,0,0,P3,gezielte redaktionelle Politur und Quellenabgleich
https://www.crays.org/nostr/field-guide/funding-rumors/,field-guide/funding-rumors,Funding Rumors: Nostr Field Guide,Library,Field guides,Grundlagenartikel,brauchbar,1846,19,5,4,5,644,676,,Start -> what-is-nostr; People -> people; Apps -> apps/catalog; Relays -> relay-market-directory; NIPs -> nips/complete-index; Privacy -> privacy-security; Wallets -> nip-47-wallet-connect; Media -> music-video-media; Commerce -> content-sale; Governance -> dao-governance; Crays -> nostr-and-crays; Library -> archive-library,,,0,,,Funding Rumors: Nostr Field Guide,0,,1,Funding Rumors: Nostr Field Guide,19,0,0,P3,gezielte redaktionelle Politur und Quellenabgleich
https://www.crays.org/nostr/field-guide/gift-wraps/,field-guide/gift-wraps,Gift Wraps: Nostr Field Guide,Library,Field guides,Grundlagenartikel,brauchbar,2736,27,5,4,5,645,675,,Start -> what-is-nostr; People -> people; Apps -> apps/catalog; Relays -> relay-market-directory; NIPs -> nips/complete-index; Privacy -> privacy-security; Wallets -> nip-47-wallet-connect; Media -> music-video-media; Commerce -> content-sale; Governance -> dao-governance; Crays -> nostr-and-crays; Library -> archive-library,,,0,,,Gift Wraps: Nostr Field Guide,0,,1,Gift Wraps: Nostr Field Guide,19,0,0,P3,gezielte redaktionelle Politur und Quellenabgleich
https://www.crays.org/nostr/field-guide/git-on-nostr/,field-guide/git-on-nostr,Git on Nostr: Nostr Field Guide,Library,Field guides,Grundlagenartikel,brauchbar,2766,27,5,4,5,644,676,,Start -> what-is-nostr; People -> people; Apps -> apps/catalog; Relays -> relay-market-directory; NIPs -> nips/complete-index; Privacy -> privacy-security; Wallets -> nip-47-wallet-connect; Media -> music-video-media; Commerce -> content-sale; Governance -> dao-governance; Crays -> nostr-and-crays; Library -> archive-library,,,0,,,Git on Nostr: Nostr Field Guide,0,,1,Git on Nostr: Nostr Field Guide,19,0,0,P3,gezielte redaktionelle Politur und Quellenabgleich
https://www.crays.org/nostr/field-guide/grant-culture/,field-guide/grant-culture,Grant Culture: Nostr Field Guide,Library,Field guides,Grundlagenartikel,brauchbar,1850,19,5,4,5,644,676,,Start -> what-is-nostr; People -> people; Apps -> apps/catalog; Relays -> relay-market-directory; NIPs -> nips/complete-index; Privacy -> privacy-security; Wallets -> nip-47-wallet-connect; Media -> music-video-media; Commerce -> content-sale; Governance -> dao-governance; Crays -> nostr-and-crays; Library -> archive-library,,,0,,,Grant Culture: Nostr Field Guide,0,,1,Grant Culture: Nostr Field Guide,19,0,0,P3,gezielte redaktionelle Politur und Quellenabgleich
https://www.crays.org/nostr/field-guide/habla-yakihonne/,field-guide/habla-yakihonne,Habla and YakiHonne: Nostr Field Guide,Library,Field guides,Grundlagenartikel,brauchbar,2790,27,5,4,5,647,680,,Start -> what-is-nostr; People -> people; Apps -> apps/catalog; Relays -> relay-market-directory; NIPs -> nips/complete-index; Privacy -> privacy-security; Wallets -> nip-47-wallet-connect; Media -> music-video-media; Commerce -> content-sale; Governance -> dao-governance; Crays -> nostr-and-crays; Library -> archive-library,,,0,,,Habla and YakiHonne: Nostr Field Guide,0,,1,Habla and YakiHonne: Nostr Field Guide,19,0,0,P3,gezielte redaktionelle Politur und Quellenabgleich
https://www.crays.org/nostr/field-guide/highlights/,field-guide/highlights,Highlights: Nostr Field Guide,Library,Field guides,Grundlagenartikel,brauchbar,2679,27,5,4,5,696,675,,Start -> what-is-nostr; People -> people; Apps -> apps/catalog; Relays -> relay-market-directory; NIPs -> nips/complete-index; Privacy -> privacy-security; Wallets -> nip-47-wallet-connect; Media -> music-video-media; Commerce -> content-sale; Governance -> dao-governance; Crays -> nostr-and-crays; Library -> archive-library,,,0,,,Highlights: Nostr Field Guide,0,,1,Highlights: Nostr Field Guide,19,0,0,P3,gezielte redaktionelle Politur und Quellenabgleich
https://www.crays.org/nostr/field-guide/http-auth/,field-guide/http-auth,HTTP Auth: Nostr Field Guide,Library,Field guides,Grundlagenartikel,brauchbar,2726,27,5,4,5,645,676,,Start -> what-is-nostr; People -> people; Apps -> apps/catalog; Relays -> relay-market-directory; NIPs -> nips/complete-index; Privacy -> privacy-security; Wallets -> nip-47-wallet-connect; Media -> music-video-media; Commerce -> content-sale; Governance -> dao-governance; Crays -> nostr-and-crays; Library -> archive-library,,,0,,,HTTP Auth: Nostr Field Guide,0,,1,HTTP Auth: Nostr Field Guide,19,0,0,P3,gezielte redaktionelle Politur und Quellenabgleich
https://www.crays.org/nostr/field-guide/key-backup/,field-guide/key-backup,Key Backup: Nostr Field Guide,Library,Field guides,Grundlagenartikel,brauchbar,2746,27,5,4,5,644,675,,Start -> what-is-nostr; People -> people; Apps -> apps/catalog; Relays -> relay-market-directory; NIPs -> nips/complete-index; Privacy -> privacy-security; Wallets -> nip-47-wallet-connect; Media -> music-video-media; Commerce -> content-sale; Governance -> dao-governance; Crays -> nostr-and-crays; Library -> archive-library,,,0,,,Key Backup: Nostr Field Guide,0,,1,Key Backup: Nostr Field Guide,19,0,0,P3,gezielte redaktionelle Politur und Quellenabgleich
https://www.crays.org/nostr/field-guide/labels/,field-guide/labels,Labels: Nostr Field Guide,Library,Field guides,Grundlagenartikel,brauchbar,2680,27,5,4,5,789,675,,Start -> what-is-nostr; People -> people; Apps -> apps/catalog; Relays -> relay-market-directory; NIPs -> nips/complete-index; Privacy -> privacy-security; Wallets -> nip-47-wallet-connect; Media -> music-video-media; Commerce -> content-sale; Governance -> dao-governance; Crays -> nostr-and-crays; Library -> archive-library,,,0,,,Labels: Nostr Field Guide,0,,1,Labels: Nostr Field Guide,19,0,0,P3,gezielte redaktionelle Politur und Quellenabgleich
https://www.crays.org/nostr/field-guide/legal-risk/,field-guide/legal-risk,Legal Risk: Nostr Field Guide,Library,Field guides,Grundlagenartikel,brauchbar,2724,27,5,4,5,644,675,,Start -> what-is-nostr; People -> people; Apps -> apps/catalog; Relays -> relay-market-directory; NIPs -> nips/complete-index; Privacy -> privacy-security; Wallets -> nip-47-wallet-connect; Media -> music-video-media; Commerce -> content-sale; Governance -> dao-governance; Crays -> nostr-and-crays; Library -> archive-library,,,0,,,Legal Risk: Nostr Field Guide,0,,1,Legal Risk: Nostr Field Guide,19,0,0,P3,gezielte redaktionelle Politur und Quellenabgleich
https://www.crays.org/nostr/field-guide/live-activities/,field-guide/live-activities,Live Activities: Nostr Field Guide,Library,Field guides,Grundlagenartikel,brauchbar,2718,27,5,4,5,648,676,,Start -> what-is-nostr; People -> people; Apps -> apps/catalog; Relays -> relay-market-directory; NIPs -> nips/complete-index; Privacy -> privacy-security; Wallets -> nip-47-wallet-connect; Media -> music-video-media; Commerce -> content-sale; Governance -> dao-governance; Crays -> nostr-and-crays; Library -> archive-library,,,0,,,Live Activities: Nostr Field Guide,0,,1,Live Activities: Nostr Field Guide,19,0,0,P3,gezielte redaktionelle Politur und Quellenabgleich
https://www.crays.org/nostr/field-guide/local-meetups/,field-guide/local-meetups,Local Meetups: Nostr Field Guide,Library,Field guides,Grundlagenartikel,brauchbar,1845,19,5,4,5,644,680,,Start -> what-is-nostr; People -> people; Apps -> apps/catalog; Relays -> relay-market-directory; NIPs -> nips/complete-index; Privacy -> privacy-security; Wallets -> nip-47-wallet-connect; Media -> music-video-media; Commerce -> content-sale; Governance -> dao-governance; Crays -> nostr-and-crays; Library -> archive-library,,,0,,,Local Meetups: Nostr Field Guide,0,,1,Local Meetups: Nostr Field Guide,19,0,0,P3,gezielte redaktionelle Politur und Quellenabgleich
https://www.crays.org/nostr/field-guide/local-relays/,field-guide/local-relays,Local Relays: Nostr Field Guide,Library,Field guides,Grundlagenartikel,brauchbar,2724,27,5,4,5,657,678,,Start -> what-is-nostr; People -> people; Apps -> apps/catalog; Relays -> relay-market-directory; NIPs -> nips/complete-index; Privacy -> privacy-security; Wallets -> nip-47-wallet-connect; Media -> music-video-media; Commerce -> content-sale; Governance -> dao-governance; Crays -> nostr-and-crays; Library -> archive-library,,,0,,,Local Relays: Nostr Field Guide,0,,1,Local Relays: Nostr Field Guide,19,0,0,P3,gezielte redaktionelle Politur und Quellenabgleich
https://www.crays.org/nostr/field-guide/login-with-nostr/,field-guide/login-with-nostr,Login with Nostr: Nostr Field Guide,Library,Field guides,Grundlagenartikel,brauchbar,2772,27,5,4,5,644,678,,Start -> what-is-nostr; People -> people; Apps -> apps/catalog; Relays -> relay-market-directory; NIPs -> nips/complete-index; Privacy -> privacy-security; Wallets -> nip-47-wallet-connect; Media -> music-video-media; Commerce -> content-sale; Governance -> dao-governance; Crays -> nostr-and-crays; Library -> archive-library,,,0,,,Login with Nostr: Nostr Field Guide,0,,1,Login with Nostr: Nostr Field Guide,19,0,0,P3,gezielte redaktionelle Politur und Quellenabgleich
https://www.crays.org/nostr/field-guide/longform-salon/,field-guide/longform-salon,Longform Salon: Nostr Field Guide,Library,Field guides,Grundlagenartikel,brauchbar,1851,19,5,4,5,644,678,,Start -> what-is-nostr; People -> people; Apps -> apps/catalog; Relays -> relay-market-directory; NIPs -> nips/complete-index; Privacy -> privacy-security; Wallets -> nip-47-wallet-connect; Media -> music-video-media; Commerce -> content-sale; Governance -> dao-governance; Crays -> nostr-and-crays; Library -> archive-library,,,0,,,Longform Salon: Nostr Field Guide,0,,1,Longform Salon: Nostr Field Guide,19,0,0,P3,gezielte redaktionelle Politur und Quellenabgleich
https://www.crays.org/nostr/field-guide/lurkers-and-readers/,field-guide/lurkers-and-readers,Lurkers and Readers: Nostr Field Guide,Library,Field guides,Grundlagenartikel,brauchbar,1876,19,5,4,5,644,676,,Start -> what-is-nostr; People -> people; Apps -> apps/catalog; Relays -> relay-market-directory; NIPs -> nips/complete-index; Privacy -> privacy-security; Wallets -> nip-47-wallet-connect; Media -> music-video-media; Commerce -> content-sale; Governance -> dao-governance; Crays -> nostr-and-crays; Library -> archive-library,,,0,,,Lurkers and Readers: Nostr Field Guide,0,,1,Lurkers and Readers: Nostr Field Guide,19,0,0,P3,gezielte redaktionelle Politur und Quellenabgleich
https://www.crays.org/nostr/field-guide/maker-launches/,field-guide/maker-launches,Maker Launches: Nostr Field Guide,Library,Field guides,Grundlagenartikel,brauchbar,1860,19,5,4,5,644,676,,Start -> what-is-nostr; People -> people; Apps -> apps/catalog; Relays -> relay-market-directory; NIPs -> nips/complete-index; Privacy -> privacy-security; Wallets -> nip-47-wallet-connect; Media -> music-video-media; Commerce -> content-sale; Governance -> dao-governance; Crays -> nostr-and-crays; Library -> archive-library,,,0,,,Maker Launches: Nostr Field Guide,0,,1,Maker Launches: Nostr Field Guide,19,0,0,P3,gezielte redaktionelle Politur und Quellenabgleich
https://www.crays.org/nostr/field-guide/meme-culture/,field-guide/meme-culture,Meme Culture: Nostr Field Guide,Library,Field guides,Grundlagenartikel,brauchbar,1842,19,5,4,5,644,676,,Start -> what-is-nostr; People -> people; Apps -> apps/catalog; Relays -> relay-market-directory; NIPs -> nips/complete-index; Privacy -> privacy-security; Wallets -> nip-47-wallet-connect; Media -> music-video-media; Commerce -> content-sale; Governance -> dao-governance; Crays -> nostr-and-crays; Library -> archive-library,,,0,,,Meme Culture: Nostr Field Guide,0,,1,Meme Culture: Nostr Field Guide,19,0,0,P3,gezielte redaktionelle Politur und Quellenabgleich
https://www.crays.org/nostr/field-guide/microfame-and-status/,field-guide/microfame-and-status,Microfame and Status: Nostr Field Guide,Library,Field guides,Grundlagenartikel,brauchbar,1884,19,5,4,5,644,676,,Start -> what-is-nostr; People -> people; Apps -> apps/catalog; Relays -> relay-market-directory; NIPs -> nips/complete-index; Privacy -> privacy-security; Wallets -> nip-47-wallet-connect; Media -> music-video-media; Commerce -> content-sale; Governance -> dao-governance; Crays -> nostr-and-crays; Library -> archive-library,,,0,,,Microfame and Status: Nostr Field Guide,0,,1,Microfame and Status: Nostr Field Guide,19,0,0,P3,gezielte redaktionelle Politur und Quellenabgleich
https://www.crays.org/nostr/field-guide/migration-stories/,field-guide/migration-stories,Migration Stories: Nostr Field Guide,Library,Field guides,Grundlagenartikel,brauchbar,1859,19,5,4,5,644,676,,Start -> what-is-nostr; People -> people; Apps -> apps/catalog; Relays -> relay-market-directory; NIPs -> nips/complete-index; Privacy -> privacy-security; Wallets -> nip-47-wallet-connect; Media -> music-video-media; Commerce -> content-sale; Governance -> dao-governance; Crays -> nostr-and-crays; Library -> archive-library,,,0,,,Migration Stories: Nostr Field Guide,0,,1,Migration Stories: Nostr Field Guide,19,0,0,P3,gezielte redaktionelle Politur und Quellenabgleich
https://www.crays.org/nostr/field-guide/mobile-clients/,field-guide/mobile-clients,Mobile Clients: Nostr Field Guide,Library,Field guides,Grundlagenartikel,brauchbar,2722,27,5,4,5,645,675,,Start -> what-is-nostr; People -> people; Apps -> apps/catalog; Relays -> relay-market-directory; NIPs -> nips/complete-index; Privacy -> privacy-security; Wallets -> nip-47-wallet-connect; Media -> music-video-media; Commerce -> content-sale; Governance -> dao-governance; Crays -> nostr-and-crays; Library -> archive-library,,,0,,,Mobile Clients: Nostr Field Guide,0,,1,Mobile Clients: Nostr Field Guide,19,0,0,P3,gezielte redaktionelle Politur und Quellenabgleich
https://www.crays.org/nostr/field-guide/moderation-drama/,field-guide/moderation-drama,Moderation Drama: Nostr Field Guide,Library,Field guides,Grundlagenartikel,brauchbar,1843,19,5,4,5,644,677,,Start -> what-is-nostr; People -> people; Apps -> apps/catalog; Relays -> relay-market-directory; NIPs -> nips/complete-index; Privacy -> privacy-security; Wallets -> nip-47-wallet-connect; Media -> music-video-media; Commerce -> content-sale; Governance -> dao-governance; Crays -> nostr-and-crays; Library -> archive-library,,,0,,,Moderation Drama: Nostr Field Guide,0,,1,Moderation Drama: Nostr Field Guide,19,0,0,P3,gezielte redaktionelle Politur und Quellenabgleich
https://www.crays.org/nostr/field-guide/mute-lists/,field-guide/mute-lists,Mute Lists: Nostr Field Guide,Library,Field guides,Grundlagenartikel,brauchbar,2734,27,5,4,5,644,676,,Start -> what-is-nostr; People -> people; Apps -> apps/catalog; Relays -> relay-market-directory; NIPs -> nips/complete-index; Privacy -> privacy-security; Wallets -> nip-47-wallet-connect; Media -> music-video-media; Commerce -> content-sale; Governance -> dao-governance; Crays -> nostr-and-crays; Library -> archive-library,,,0,,,Mute Lists: Nostr Field Guide,0,,1,Mute Lists: Nostr Field Guide,19,0,0,P3,gezielte redaktionelle Politur und Quellenabgleich
https://www.crays.org/nostr/field-guide/negentropy/,field-guide/negentropy,Negentropy Sync: Nostr Field Guide,Library,Field guides,Grundlagenartikel,brauchbar,2726,27,5,4,5,644,675,,Start -> what-is-nostr; People -> people; Apps -> apps/catalog; Relays -> relay-market-directory; NIPs -> nips/complete-index; Privacy -> privacy-security; Wallets -> nip-47-wallet-connect; Media -> music-video-media; Commerce -> content-sale; Governance -> dao-governance; Crays -> nostr-and-crays; Library -> archive-library,,,0,,,Negentropy Sync: Nostr Field Guide,0,,1,Negentropy Sync: Nostr Field Guide,19,0,0,P3,gezielte redaktionelle Politur und Quellenabgleich
https://www.crays.org/nostr/field-guide/nip05-names/,field-guide/nip05-names,NIP-05 Names: Nostr Field Guide,Library,Field guides,Grundlagenartikel,brauchbar,2729,27,5,4,5,644,676,,Start -> what-is-nostr; People -> people; Apps -> apps/catalog; Relays -> relay-market-directory; NIPs -> nips/complete-index; Privacy -> privacy-security; Wallets -> nip-47-wallet-connect; Media -> music-video-media; Commerce -> content-sale; Governance -> dao-governance; Crays -> nostr-and-crays; Library -> archive-library,,,0,,,NIP-05 Names: Nostr Field Guide,0,,1,NIP-05 Names: Nostr Field Guide,19,0,0,P3,gezielte redaktionelle Politur und Quellenabgleich
https://www.crays.org/nostr/field-guide/nip96-storage/,field-guide/nip96-storage,NIP-96 Storage: Nostr Field Guide,Library,Field guides,Grundlagenartikel,brauchbar,2728,27,5,4,5,644,677,,Start -> what-is-nostr; People -> people; Apps -> apps/catalog; Relays -> relay-market-directory; NIPs -> nips/complete-index; Privacy -> privacy-security; Wallets -> nip-47-wallet-connect; Media -> music-video-media; Commerce -> content-sale; Governance -> dao-governance; Crays -> nostr-and-crays; Library -> archive-library,,,0,,,NIP-96 Storage: Nostr Field Guide,0,,1,NIP-96 Storage: Nostr Field Guide,19,0,0,P3,gezielte redaktionelle Politur und Quellenabgleich
https://www.crays.org/nostr/field-guide/nostr-as-third-place/,field-guide/nostr-as-third-place,Nostr as a Third Place: Nostr Field Guide,Library,Field guides,Grundlagenartikel,brauchbar,1917,19,5,4,5,644,677,,Start -> what-is-nostr; People -> people; Apps -> apps/catalog; Relays -> relay-market-directory; NIPs -> nips/complete-index; Privacy -> privacy-security; Wallets -> nip-47-wallet-connect; Media -> music-video-media; Commerce -> content-sale; Governance -> dao-governance; Crays -> nostr-and-crays; Library -> archive-library,,,0,,,Nostr as a Third Place: Nostr Field Guide,0,,1,Nostr as a Third Place: Nostr Field Guide,19,0,0,P3,gezielte redaktionelle Politur und Quellenabgleich
https://www.crays.org/nostr/field-guide/nostr-bars-and-venues/,field-guide/nostr-bars-and-venues,Nostr Bars and Venues: Nostr Field Guide,Library,Field guides,Grundlagenartikel,brauchbar,1905,19,5,4,5,644,678,,Start -> what-is-nostr; People -> people; Apps -> apps/catalog; Relays -> relay-market-directory; NIPs -> nips/complete-index; Privacy -> privacy-security; Wallets -> nip-47-wallet-connect; Media -> music-video-media; Commerce -> content-sale; Governance -> dao-governance; Crays -> nostr-and-crays; Library -> archive-library,,,0,,,Nostr Bars and Venues: Nostr Field Guide,0,,1,Nostr Bars and Venues: Nostr Field Guide,19,0,0,P3,gezielte redaktionelle Politur und Quellenabgleich
https://www.crays.org/nostr/field-guide/nostr-fandoms/,field-guide/nostr-fandoms,Nostr Fandoms: Nostr Field Guide,Library,Field guides,Grundlagenartikel,brauchbar,1837,19,5,4,5,644,676,,Start -> what-is-nostr; People -> people; Apps -> apps/catalog; Relays -> relay-market-directory; NIPs -> nips/complete-index; Privacy -> privacy-security; Wallets -> nip-47-wallet-connect; Media -> music-video-media; Commerce -> content-sale; Governance -> dao-governance; Crays -> nostr-and-crays; Library -> archive-library,,,0,,,Nostr Fandoms: Nostr Field Guide,0,,1,Nostr Fandoms: Nostr Field Guide,19,0,0,P3,gezielte redaktionelle Politur und Quellenabgleich
https://www.crays.org/nostr/field-guide/nostr-journalism/,field-guide/nostr-journalism,Nostr Journalism: Nostr Field Guide,Library,Field guides,Grundlagenartikel,brauchbar,1848,19,5,4,5,644,678,,Start -> what-is-nostr; People -> people; Apps -> apps/catalog; Relays -> relay-market-directory; NIPs -> nips/complete-index; Privacy -> privacy-security; Wallets -> nip-47-wallet-connect; Media -> music-video-media; Commerce -> content-sale; Governance -> dao-governance; Crays -> nostr-and-crays; Library -> archive-library,,,0,,,Nostr Journalism: Nostr Field Guide,0,,1,Nostr Journalism: Nostr Field Guide,19,0,0,P3,gezielte redaktionelle Politur und Quellenabgleich
https://www.crays.org/nostr/field-guide/nostr-language/,field-guide/nostr-language,Nostr Language: Nostr Field Guide,Library,Field guides,Grundlagenartikel,brauchbar,1858,19,5,4,5,644,678,,Start -> what-is-nostr; People -> people; Apps -> apps/catalog; Relays -> relay-market-directory; NIPs -> nips/complete-index; Privacy -> privacy-security; Wallets -> nip-47-wallet-connect; Media -> music-video-media; Commerce -> content-sale; Governance -> dao-governance; Crays -> nostr-and-crays; Library -> archive-library,,,0,,,Nostr Language: Nostr Field Guide,0,,1,Nostr Language: Nostr Field Guide,19,0,0,P3,gezielte redaktionelle Politur und Quellenabgleich
https://www.crays.org/nostr/field-guide/nostr-vs-activitypub/,field-guide/nostr-vs-activitypub,Nostr vs ActivityPub: Nostr Field Guide,Library,Field guides,Grundlagenartikel,brauchbar,2759,27,5,4,5,644,675,,Start -> what-is-nostr; People -> people; Apps -> apps/catalog; Relays -> relay-market-directory; NIPs -> nips/complete-index; Privacy -> privacy-security; Wallets -> nip-47-wallet-connect; Media -> music-video-media; Commerce -> content-sale; Governance -> dao-governance; Crays -> nostr-and-crays; Library -> archive-library,,,0,,,Nostr vs ActivityPub: Nostr Field Guide,0,,1,Nostr vs ActivityPub: Nostr Field Guide,19,0,0,P3,gezielte redaktionelle Politur und Quellenabgleich
https://www.crays.org/nostr/field-guide/nostr-vs-bluesky/,field-guide/nostr-vs-bluesky,Nostr vs Bluesky: Nostr Field Guide,Library,Field guides,Grundlagenartikel,brauchbar,2776,27,5,4,5,644,675,,Start -> what-is-nostr; People -> people; Apps -> apps/catalog; Relays -> relay-market-directory; NIPs -> nips/complete-index; Privacy -> privacy-security; Wallets -> nip-47-wallet-connect; Media -> music-video-media; Commerce -> content-sale; Governance -> dao-governance; Crays -> nostr-and-crays; Library -> archive-library,,,0,,,Nostr vs Bluesky: Nostr Field Guide,0,,1,Nostr vs Bluesky: Nostr Field Guide,19,0,0,P3,gezielte redaktionelle Politur und Quellenabgleich
https://www.crays.org/nostr/field-guide/nostr-vs-web3/,field-guide/nostr-vs-web3,Nostr vs Web3: Nostr Field Guide,Library,Field guides,Grundlagenartikel,brauchbar,2776,27,5,4,5,644,675,,Start -> what-is-nostr; People -> people; Apps -> apps/catalog; Relays -> relay-market-directory; NIPs -> nips/complete-index; Privacy -> privacy-security; Wallets -> nip-47-wallet-connect; Media -> music-video-media; Commerce -> content-sale; Governance -> dao-governance; Crays -> nostr-and-crays; Library -> archive-library,,,0,,,Nostr vs Web3: Nostr Field Guide,0,,1,Nostr vs Web3: Nostr Field Guide,19,0,0,P3,gezielte redaktionelle Politur und Quellenabgleich
https://www.crays.org/nostr/field-guide/nostrich-culture/,field-guide/nostrich-culture,Nostrich Culture: Nostr Field Guide,Library,Field guides,Grundlagenartikel,brauchbar,1841,19,5,4,5,644,676,,Start -> what-is-nostr; People -> people; Apps -> apps/catalog; Relays -> relay-market-directory; NIPs -> nips/complete-index; Privacy -> privacy-security; Wallets -> nip-47-wallet-connect; Media -> music-video-media; Commerce -> content-sale; Governance -> dao-governance; Crays -> nostr-and-crays; Library -> archive-library,,,0,,,Nostrich Culture: Nostr Field Guide,0,,1,Nostrich Culture: Nostr Field Guide,19,0,0,P3,gezielte redaktionelle Politur und Quellenabgleich
https://www.crays.org/nostr/field-guide/notifications/,field-guide/notifications,Notifications: Nostr Field Guide,Library,Field guides,Grundlagenartikel,brauchbar,2677,27,5,4,5,647,675,,Start -> what-is-nostr; People -> people; Apps -> apps/catalog; Relays -> relay-market-directory; NIPs -> nips/complete-index; Privacy -> privacy-security; Wallets -> nip-47-wallet-connect; Media -> music-video-media; Commerce -> content-sale; Governance -> dao-governance; Crays -> nostr-and-crays; Library -> archive-library,,,0,,,Notifications: Nostr Field Guide,0,,1,Notifications: Nostr Field Guide,19,0,0,P3,gezielte redaktionelle Politur und Quellenabgleich
https://www.crays.org/nostr/field-guide/npub-identity/,field-guide/npub-identity,npub Identity: Nostr Field Guide,Library,Field guides,Grundlagenartikel,brauchbar,2729,27,5,4,5,644,676,,Start -> what-is-nostr; People -> people; Apps -> apps/catalog; Relays -> relay-market-directory; NIPs -> nips/complete-index; Privacy -> privacy-security; Wallets -> nip-47-wallet-connect; Media -> music-video-media; Commerce -> content-sale; Governance -> dao-governance; Crays -> nostr-and-crays; Library -> archive-library,,,0,,,npub Identity: Nostr Field Guide,0,,1,npub Identity: Nostr Field Guide,19,0,0,P3,gezielte redaktionelle Politur und Quellenabgleich
https://www.crays.org/nostr/field-guide/nsec-safety/,field-guide/nsec-safety,nsec Safety: Nostr Field Guide,Library,Field guides,Grundlagenartikel,brauchbar,2725,27,5,4,5,644,675,,Start -> what-is-nostr; People -> people; Apps -> apps/catalog; Relays -> relay-market-directory; NIPs -> nips/complete-index; Privacy -> privacy-security; Wallets -> nip-47-wallet-connect; Media -> music-video-media; Commerce -> content-sale; Governance -> dao-governance; Crays -> nostr-and-crays; Library -> archive-library,,,0,,,nsec Safety: Nostr Field Guide,0,,1,nsec Safety: Nostr Field Guide,19,0,0,P3,gezielte redaktionelle Politur und Quellenabgleich
https://www.crays.org/nostr/field-guide/old-web-nostalgia/,field-guide/old-web-nostalgia,Old Web Nostalgia: Nostr Field Guide,Library,Field guides,Grundlagenartikel,brauchbar,1898,19,5,4,5,644,677,,Start -> what-is-nostr; People -> people; Apps -> apps/catalog; Relays -> relay-market-directory; NIPs -> nips/complete-index; Privacy -> privacy-security; Wallets -> nip-47-wallet-connect; Media -> music-video-media; Commerce -> content-sale; Governance -> dao-governance; Crays -> nostr-and-crays; Library -> archive-library,,,0,,,Old Web Nostalgia: Nostr Field Guide,0,,1,Old Web Nostalgia: Nostr Field Guide,19,0,0,P3,gezielte redaktionelle Politur und Quellenabgleich
https://www.crays.org/nostr/field-guide/onboarding/,field-guide/onboarding,Onboarding: Nostr Field Guide,Library,Field guides,Grundlagenartikel,brauchbar,2681,27,5,4,5,645,675,,Start -> what-is-nostr; People -> people; Apps -> apps/catalog; Relays -> relay-market-directory; NIPs -> nips/complete-index; Privacy -> privacy-security; Wallets -> nip-47-wallet-connect; Media -> music-video-media; Commerce -> content-sale; Governance -> dao-governance; Crays -> nostr-and-crays; Library -> archive-library,,,0,,,Onboarding: Nostr Field Guide,0,,1,Onboarding: Nostr Field Guide,19,0,0,P3,gezielte redaktionelle Politur und Quellenabgleich
https://www.crays.org/nostr/field-guide/open-source-celebrities/,field-guide/open-source-celebrities,Open-Source Celebrities: Nostr Field Guide,Library,Field guides,Grundlagenartikel,brauchbar,1849,19,5,4,5,644,676,,Start -> what-is-nostr; People -> people; Apps -> apps/catalog; Relays -> relay-market-directory; NIPs -> nips/complete-index; Privacy -> privacy-security; Wallets -> nip-47-wallet-connect; Media -> music-video-media; Commerce -> content-sale; Governance -> dao-governance; Crays -> nostr-and-crays; Library -> archive-library,,,0,,,Open-Source Celebrities: Nostr Field Guide,0,,1,Open-Source Celebrities: Nostr Field Guide,19,0,0,P3,gezielte redaktionelle Politur und Quellenabgleich
https://www.crays.org/nostr/field-guide/open-source-funding/,field-guide/open-source-funding,Open-Source Funding: Nostr Field Guide,Library,Field guides,Grundlagenartikel,brauchbar,2731,27,5,4,5,645,675,,Start -> what-is-nostr; People -> people; Apps -> apps/catalog; Relays -> relay-market-directory; NIPs -> nips/complete-index; Privacy -> privacy-security; Wallets -> nip-47-wallet-connect; Media -> music-video-media; Commerce -> content-sale; Governance -> dao-governance; Crays -> nostr-and-crays; Library -> archive-library,,,0,,,Open-Source Funding: Nostr Field Guide,0,,1,Open-Source Funding: Nostr Field Guide,19,0,0,P3,gezielte redaktionelle Politur und Quellenabgleich
https://www.crays.org/nostr/field-guide/operator-personalities/,field-guide/operator-personalities,Operator Personalities: Nostr Field Guide,Library,Field guides,Grundlagenartikel,brauchbar,1848,19,5,4,5,644,678,,Start -> what-is-nostr; People -> people; Apps -> apps/catalog; Relays -> relay-market-directory; NIPs -> nips/complete-index; Privacy -> privacy-security; Wallets -> nip-47-wallet-connect; Media -> music-video-media; Commerce -> content-sale; Governance -> dao-governance; Crays -> nostr-and-crays; Library -> archive-library,,,0,,,Operator Personalities: Nostr Field Guide,0,,1,Operator Personalities: Nostr Field Guide,19,0,0,P3,gezielte redaktionelle Politur und Quellenabgleich
https://www.crays.org/nostr/field-guide/outbox-discovery/,field-guide/outbox-discovery,Outbox Discovery: Nostr Field Guide,Library,Field guides,Grundlagenartikel,brauchbar,2738,27,5,4,5,645,677,,Start -> what-is-nostr; People -> people; Apps -> apps/catalog; Relays -> relay-market-directory; NIPs -> nips/complete-index; Privacy -> privacy-security; Wallets -> nip-47-wallet-connect; Media -> music-video-media; Commerce -> content-sale; Governance -> dao-governance; Crays -> nostr-and-crays; Library -> archive-library,,,0,,,Outbox Discovery: Nostr Field Guide,0,,1,Outbox Discovery: Nostr Field Guide,19,0,0,P3,gezielte redaktionelle Politur und Quellenabgleich
https://www.crays.org/nostr/field-guide/paid-relays/,field-guide/paid-relays,Paid Relays: Nostr Field Guide,Library,Field guides,Grundlagenartikel,brauchbar,2724,27,5,4,5,644,675,,Start -> what-is-nostr; People -> people; Apps -> apps/catalog; Relays -> relay-market-directory; NIPs -> nips/complete-index; Privacy -> privacy-security; Wallets -> nip-47-wallet-connect; Media -> music-video-media; Commerce -> content-sale; Governance -> dao-governance; Crays -> nostr-and-crays; Library -> archive-library,,,0,,,Paid Relays: Nostr Field Guide,0,,1,Paid Relays: Nostr Field Guide,19,0,0,P3,gezielte redaktionelle Politur und Quellenabgleich
https://www.crays.org/nostr/field-guide/photography-scenes/,field-guide/photography-scenes,Photography Scenes: Nostr Field Guide,Library,Field guides,Grundlagenartikel,brauchbar,1844,19,5,4,5,644,678,,Start -> what-is-nostr; People -> people; Apps -> apps/catalog; Relays -> relay-market-directory; NIPs -> nips/complete-index; Privacy -> privacy-security; Wallets -> nip-47-wallet-connect; Media -> music-video-media; Commerce -> content-sale; Governance -> dao-governance; Crays -> nostr-and-crays; Library -> archive-library,,,0,,,Photography Scenes: Nostr Field Guide,0,,1,Photography Scenes: Nostr Field Guide,19,0,0,P3,gezielte redaktionelle Politur und Quellenabgleich
https://www.crays.org/nostr/field-guide/polls/,field-guide/polls,Polls: Nostr Field Guide,Library,Field guides,Grundlagenartikel,brauchbar,2679,27,5,4,5,660,675,,Start -> what-is-nostr; People -> people; Apps -> apps/catalog; Relays -> relay-market-directory; NIPs -> nips/complete-index; Privacy -> privacy-security; Wallets -> nip-47-wallet-connect; Media -> music-video-media; Commerce -> content-sale; Governance -> dao-governance; Crays -> nostr-and-crays; Library -> archive-library,,,0,,,Polls: Nostr Field Guide,0,,1,Polls: Nostr Field Guide,19,0,0,P3,gezielte redaktionelle Politur und Quellenabgleich
https://www.crays.org/nostr/field-guide/practical-sovereignty/,field-guide/practical-sovereignty,Practical Sovereignty: Nostr Field Guide,Library,Field guides,Grundlagenartikel,brauchbar,1858,19,5,4,5,644,677,,Start -> what-is-nostr; People -> people; Apps -> apps/catalog; Relays -> relay-market-directory; NIPs -> nips/complete-index; Privacy -> privacy-security; Wallets -> nip-47-wallet-connect; Media -> music-video-media; Commerce -> content-sale; Governance -> dao-governance; Crays -> nostr-and-crays; Library -> archive-library,,,0,,,Practical Sovereignty: Nostr Field Guide,0,,1,Practical Sovereignty: Nostr Field Guide,19,0,0,P3,gezielte redaktionelle Politur und Quellenabgleich
https://www.crays.org/nostr/field-guide/primal-reads/,field-guide/primal-reads,Primal Reads: Nostr Field Guide,Library,Field guides,Grundlagenartikel,brauchbar,2726,27,5,4,5,644,678,,Start -> what-is-nostr; People -> people; Apps -> apps/catalog; Relays -> relay-market-directory; NIPs -> nips/complete-index; Privacy -> privacy-security; Wallets -> nip-47-wallet-connect; Media -> music-video-media; Commerce -> content-sale; Governance -> dao-governance; Crays -> nostr-and-crays; Library -> archive-library,,,0,,,Primal Reads: Nostr Field Guide,0,,1,Primal Reads: Nostr Field Guide,19,0,0,P3,gezielte redaktionelle Politur und Quellenabgleich
https://www.crays.org/nostr/field-guide/privacy-model/,field-guide/privacy-model,Privacy Model: Nostr Field Guide,Library,Field guides,Grundlagenartikel,brauchbar,2716,27,5,4,5,644,675,,Start -> what-is-nostr; People -> people; Apps -> apps/catalog; Relays -> relay-market-directory; NIPs -> nips/complete-index; Privacy -> privacy-security; Wallets -> nip-47-wallet-connect; Media -> music-video-media; Commerce -> content-sale; Governance -> dao-governance; Crays -> nostr-and-crays; Library -> archive-library,,,0,,,Privacy Model: Nostr Field Guide,0,,1,Privacy Model: Nostr Field Guide,19,0,0,P3,gezielte redaktionelle Politur und Quellenabgleich
https://www.crays.org/nostr/field-guide/product-shipping-culture/,field-guide/product-shipping-culture,Product Shipping Culture: Nostr Field Guide,Library,Field guides,Grundlagenartikel,brauchbar,1872,19,5,4,5,644,676,,Start -> what-is-nostr; People -> people; Apps -> apps/catalog; Relays -> relay-market-directory; NIPs -> nips/complete-index; Privacy -> privacy-security; Wallets -> nip-47-wallet-connect; Media -> music-video-media; Commerce -> content-sale; Governance -> dao-governance; Crays -> nostr-and-crays; Library -> archive-library,,,0,,,Product Shipping Culture: Nostr Field Guide,0,,1,Product Shipping Culture: Nostr Field Guide,19,0,0,P3,gezielte redaktionelle Politur und Quellenabgleich
https://www.crays.org/nostr/field-guide/profile-metadata/,field-guide/profile-metadata,Profile Metadata: Nostr Field Guide,Library,Field guides,Grundlagenartikel,brauchbar,2747,27,5,4,5,649,676,,Start -> what-is-nostr; People -> people; Apps -> apps/catalog; Relays -> relay-market-directory; NIPs -> nips/complete-index; Privacy -> privacy-security; Wallets -> nip-47-wallet-connect; Media -> music-video-media; Commerce -> content-sale; Governance -> dao-governance; Crays -> nostr-and-crays; Library -> archive-library,,,0,,,Profile Metadata: Nostr Field Guide,0,,1,Profile Metadata: Nostr Field Guide,19,0,0,P3,gezielte redaktionelle Politur und Quellenabgleich
https://www.crays.org/nostr/field-guide/proof-of-work/,field-guide/proof-of-work,Proof of Work: Nostr Field Guide,Library,Field guides,Grundlagenartikel,brauchbar,2778,27,5,4,5,647,675,,Start -> what-is-nostr; People -> people; Apps -> apps/catalog; Relays -> relay-market-directory; NIPs -> nips/complete-index; Privacy -> privacy-security; Wallets -> nip-47-wallet-connect; Media -> music-video-media; Commerce -> content-sale; Governance -> dao-governance; Crays -> nostr-and-crays; Library -> archive-library,,,0,,,Proof of Work: Nostr Field Guide,0,,1,Proof of Work: Nostr Field Guide,19,0,0,P3,gezielte redaktionelle Politur und Quellenabgleich
https://www.crays.org/nostr/field-guide/protected-events/,field-guide/protected-events,Protected Events: Nostr Field Guide,Library,Field guides,Grundlagenartikel,brauchbar,2742,27,5,4,5,647,675,,Start -> what-is-nostr; People -> people; Apps -> apps/catalog; Relays -> relay-market-directory; NIPs -> nips/complete-index; Privacy -> privacy-security; Wallets -> nip-47-wallet-connect; Media -> music-video-media; Commerce -> content-sale; Governance -> dao-governance; Crays -> nostr-and-crays; Library -> archive-library,,,0,,,Protected Events: Nostr Field Guide,0,,1,Protected Events: Nostr Field Guide,19,0,0,P3,gezielte redaktionelle Politur und Quellenabgleich
https://www.crays.org/nostr/field-guide/protocol-maximalism/,field-guide/protocol-maximalism,Protocol Maximalism: Nostr Field Guide,Library,Field guides,Grundlagenartikel,brauchbar,1851,19,5,4,5,644,676,,Start -> what-is-nostr; People -> people; Apps -> apps/catalog; Relays -> relay-market-directory; NIPs -> nips/complete-index; Privacy -> privacy-security; Wallets -> nip-47-wallet-connect; Media -> music-video-media; Commerce -> content-sale; Governance -> dao-governance; Crays -> nostr-and-crays; Library -> archive-library,,,0,,,Protocol Maximalism: Nostr Field Guide,0,,1,Protocol Maximalism: Nostr Field Guide,19,0,0,P3,gezielte redaktionelle Politur und Quellenabgleich
https://www.crays.org/nostr/field-guide/pseudonymous-fame/,field-guide/pseudonymous-fame,Pseudonymous Fame: Nostr Field Guide,Library,Field guides,Grundlagenartikel,brauchbar,1864,19,5,4,5,644,677,,Start -> what-is-nostr; People -> people; Apps -> apps/catalog; Relays -> relay-market-directory; NIPs -> nips/complete-index; Privacy -> privacy-security; Wallets -> nip-47-wallet-connect; Media -> music-video-media; Commerce -> content-sale; Governance -> dao-governance; Crays -> nostr-and-crays; Library -> archive-library,,,0,,,Pseudonymous Fame: Nostr Field Guide,0,,1,Pseudonymous Fame: Nostr Field Guide,19,0,0,P3,gezielte redaktionelle Politur und Quellenabgleich
https://www.crays.org/nostr/field-guide/public-brain/,field-guide/public-brain,Public Brain: Nostr Field Guide,Library,Field guides,Grundlagenartikel,brauchbar,1854,19,5,4,5,644,677,,Start -> what-is-nostr; People -> people; Apps -> apps/catalog; Relays -> relay-market-directory; NIPs -> nips/complete-index; Privacy -> privacy-security; Wallets -> nip-47-wallet-connect; Media -> music-video-media; Commerce -> content-sale; Governance -> dao-governance; Crays -> nostr-and-crays; Library -> archive-library,,,0,,,Public Brain: Nostr Field Guide,0,,1,Public Brain: Nostr Field Guide,19,0,0,P3,gezielte redaktionelle Politur und Quellenabgleich
https://www.crays.org/nostr/field-guide/public-feuds/,field-guide/public-feuds,Public Feuds: Nostr Field Guide,Library,Field guides,Grundlagenartikel,brauchbar,1843,19,5,4,5,644,676,,Start -> what-is-nostr; People -> people; Apps -> apps/catalog; Relays -> relay-market-directory; NIPs -> nips/complete-index; Privacy -> privacy-security; Wallets -> nip-47-wallet-connect; Media -> music-video-media; Commerce -> content-sale; Governance -> dao-governance; Crays -> nostr-and-crays; Library -> archive-library,,,0,,,Public Feuds: Nostr Field Guide,0,,1,Public Feuds: Nostr Field Guide,19,0,0,P3,gezielte redaktionelle Politur und Quellenabgleich
https://www.crays.org/nostr/field-guide/purple-pilling/,field-guide/purple-pilling,Purple Pilling: Nostr Field Guide,Library,Field guides,Grundlagenartikel,brauchbar,1865,19,5,4,5,644,677,,Start -> what-is-nostr; People -> people; Apps -> apps/catalog; Relays -> relay-market-directory; NIPs -> nips/complete-index; Privacy -> privacy-security; Wallets -> nip-47-wallet-connect; Media -> music-video-media; Commerce -> content-sale; Governance -> dao-governance; Crays -> nostr-and-crays; Library -> archive-library,,,0,,,Purple Pilling: Nostr Field Guide,0,,1,Purple Pilling: Nostr Field Guide,19,0,0,P3,gezielte redaktionelle Politur und Quellenabgleich
https://www.crays.org/nostr/field-guide/relay-authentication/,field-guide/relay-authentication,Relay Authentication: Nostr Field Guide,Library,Field guides,Grundlagenartikel,brauchbar,2740,27,5,4,5,645,676,,Start -> what-is-nostr; People -> people; Apps -> apps/catalog; Relays -> relay-market-directory; NIPs -> nips/complete-index; Privacy -> privacy-security; Wallets -> nip-47-wallet-connect; Media -> music-video-media; Commerce -> content-sale; Governance -> dao-governance; Crays -> nostr-and-crays; Library -> archive-library,,,0,,,Relay Authentication: Nostr Field Guide,0,,1,Relay Authentication: Nostr Field Guide,19,0,0,P3,gezielte redaktionelle Politur und Quellenabgleich
https://www.crays.org/nostr/field-guide/relay-counts/,field-guide/relay-counts,Relay Counts: Nostr Field Guide,Library,Field guides,Grundlagenartikel,brauchbar,2705,27,5,4,5,644,675,,Start -> what-is-nostr; People -> people; Apps -> apps/catalog; Relays -> relay-market-directory; NIPs -> nips/complete-index; Privacy -> privacy-security; Wallets -> nip-47-wallet-connect; Media -> music-video-media; Commerce -> content-sale; Governance -> dao-governance; Crays -> nostr-and-crays; Library -> archive-library,,,0,,,Relay Counts: Nostr Field Guide,0,,1,Relay Counts: Nostr Field Guide,19,0,0,P3,gezielte redaktionelle Politur und Quellenabgleich
https://www.crays.org/nostr/field-guide/relay-groups/,field-guide/relay-groups,Relay Groups: Nostr Field Guide,Library,Field guides,Grundlagenartikel,brauchbar,2700,27,5,4,5,644,675,,Start -> what-is-nostr; People -> people; Apps -> apps/catalog; Relays -> relay-market-directory; NIPs -> nips/complete-index; Privacy -> privacy-security; Wallets -> nip-47-wallet-connect; Media -> music-video-media; Commerce -> content-sale; Governance -> dao-governance; Crays -> nostr-and-crays; Library -> archive-library,,,0,,,Relay Groups: Nostr Field Guide,0,,1,Relay Groups: Nostr Field Guide,19,0,0,P3,gezielte redaktionelle Politur und Quellenabgleich
https://www.crays.org/nostr/field-guide/relay-management/,field-guide/relay-management,Relay Management: Nostr Field Guide,Library,Field guides,Grundlagenartikel,brauchbar,2692,27,5,4,5,649,675,,Start -> what-is-nostr; People -> people; Apps -> apps/catalog; Relays -> relay-market-directory; NIPs -> nips/complete-index; Privacy -> privacy-security; Wallets -> nip-47-wallet-connect; Media -> music-video-media; Commerce -> content-sale; Governance -> dao-governance; Crays -> nostr-and-crays; Library -> archive-library,,,0,,,Relay Management: Nostr Field Guide,0,,1,Relay Management: Nostr Field Guide,19,0,0,P3,gezielte redaktionelle Politur und Quellenabgleich
https://www.crays.org/nostr/field-guide/relay-moderation/,field-guide/relay-moderation,Relay Moderation: Nostr Field Guide,Library,Field guides,Grundlagenartikel,brauchbar,2733,27,5,4,5,644,675,,Start -> what-is-nostr; People -> people; Apps -> apps/catalog; Relays -> relay-market-directory; NIPs -> nips/complete-index; Privacy -> privacy-security; Wallets -> nip-47-wallet-connect; Media -> music-video-media; Commerce -> content-sale; Governance -> dao-governance; Crays -> nostr-and-crays; Library -> archive-library,,,0,,,Relay Moderation: Nostr Field Guide,0,,1,Relay Moderation: Nostr Field Guide,19,0,0,P3,gezielte redaktionelle Politur und Quellenabgleich
https://www.crays.org/nostr/field-guide/relay-politics/,field-guide/relay-politics,Relay Politics: Nostr Field Guide,Library,Field guides,Grundlagenartikel,brauchbar,1861,19,5,4,5,644,676,,Start -> what-is-nostr; People -> people; Apps -> apps/catalog; Relays -> relay-market-directory; NIPs -> nips/complete-index; Privacy -> privacy-security; Wallets -> nip-47-wallet-connect; Media -> music-video-media; Commerce -> content-sale; Governance -> dao-governance; Crays -> nostr-and-crays; Library -> archive-library,,,0,,,Relay Politics: Nostr Field Guide,0,,1,Relay Politics: Nostr Field Guide,19,0,0,P3,gezielte redaktionelle Politur und Quellenabgleich
https://www.crays.org/nostr/field-guide/remote-signers/,field-guide/remote-signers,Remote Signers: Nostr Field Guide,Library,Field guides,Grundlagenartikel,brauchbar,2727,27,5,4,5,645,676,,Start -> what-is-nostr; People -> people; Apps -> apps/catalog; Relays -> relay-market-directory; NIPs -> nips/complete-index; Privacy -> privacy-security; Wallets -> nip-47-wallet-connect; Media -> music-video-media; Commerce -> content-sale; Governance -> dao-governance; Crays -> nostr-and-crays; Library -> archive-library,,,0,,,Remote Signers: Nostr Field Guide,0,,1,Remote Signers: Nostr Field Guide,19,0,0,P3,gezielte redaktionelle Politur und Quellenabgleich
https://www.crays.org/nostr/field-guide/reply-guy-dynamics/,field-guide/reply-guy-dynamics,Reply Guy Dynamics: Nostr Field Guide,Library,Field guides,Grundlagenartikel,brauchbar,1900,19,5,4,5,644,676,,Start -> what-is-nostr; People -> people; Apps -> apps/catalog; Relays -> relay-market-directory; NIPs -> nips/complete-index; Privacy -> privacy-security; Wallets -> nip-47-wallet-connect; Media -> music-video-media; Commerce -> content-sale; Governance -> dao-governance; Crays -> nostr-and-crays; Library -> archive-library,,,0,,,Reply Guy Dynamics: Nostr Field Guide,0,,1,Reply Guy Dynamics: Nostr Field Guide,19,0,0,P3,gezielte redaktionelle Politur und Quellenabgleich
https://www.crays.org/nostr/field-guide/reports/,field-guide/reports,Reports: Nostr Field Guide,Library,Field guides,Grundlagenartikel,brauchbar,2670,27,5,4,5,669,675,,Start -> what-is-nostr; People -> people; Apps -> apps/catalog; Relays -> relay-market-directory; NIPs -> nips/complete-index; Privacy -> privacy-security; Wallets -> nip-47-wallet-connect; Media -> music-video-media; Commerce -> content-sale; Governance -> dao-governance; Crays -> nostr-and-crays; Library -> archive-library,,,0,,,Reports: Nostr Field Guide,0,,1,Reports: Nostr Field Guide,19,0,0,P3,gezielte redaktionelle Politur und Quellenabgleich
https://www.crays.org/nostr/field-guide/scene-gossip-with-care/,field-guide/scene-gossip-with-care,Scene Gossip with Care: Nostr Field Guide,Library,Field guides,Grundlagenartikel,brauchbar,1918,19,5,4,5,644,676,,Start -> what-is-nostr; People -> people; Apps -> apps/catalog; Relays -> relay-market-directory; NIPs -> nips/complete-index; Privacy -> privacy-security; Wallets -> nip-47-wallet-connect; Media -> music-video-media; Commerce -> content-sale; Governance -> dao-governance; Crays -> nostr-and-crays; Library -> archive-library,,,0,,,Scene Gossip with Care: Nostr Field Guide,0,,1,Scene Gossip with Care: Nostr Field Guide,19,0,0,P3,gezielte redaktionelle Politur und Quellenabgleich
https://www.crays.org/nostr/field-guide/screenshots-and-receipts/,field-guide/screenshots-and-receipts,Screenshots and Receipts: Nostr Field Guide,Library,Field guides,Grundlagenartikel,brauchbar,1878,19,5,4,5,644,676,,Start -> what-is-nostr; People -> people; Apps -> apps/catalog; Relays -> relay-market-directory; NIPs -> nips/complete-index; Privacy -> privacy-security; Wallets -> nip-47-wallet-connect; Media -> music-video-media; Commerce -> content-sale; Governance -> dao-governance; Crays -> nostr-and-crays; Library -> archive-library,,,0,,,Screenshots and Receipts: Nostr Field Guide,0,,1,Screenshots and Receipts: Nostr Field Guide,19,0,0,P3,gezielte redaktionelle Politur und Quellenabgleich
https://www.crays.org/nostr/field-guide/search-indexing/,field-guide/search-indexing,Search and Indexing: Nostr Field Guide,Library,Field guides,Grundlagenartikel,brauchbar,2779,27,5,4,5,644,676,,Start -> what-is-nostr; People -> people; Apps -> apps/catalog; Relays -> relay-market-directory; NIPs -> nips/complete-index; Privacy -> privacy-security; Wallets -> nip-47-wallet-connect; Media -> music-video-media; Commerce -> content-sale; Governance -> dao-governance; Crays -> nostr-and-crays; Library -> archive-library,,,0,,,Search and Indexing: Nostr Field Guide,0,,1,Search and Indexing: Nostr Field Guide,19,0,0,P3,gezielte redaktionelle Politur und Quellenabgleich
https://www.crays.org/nostr/field-guide/seo-public-web/,field-guide/seo-public-web,SEO and the Public Web: Nostr Field Guide,Library,Field guides,Grundlagenartikel,brauchbar,2871,27,5,4,5,645,676,,Start -> what-is-nostr; People -> people; Apps -> apps/catalog; Relays -> relay-market-directory; NIPs -> nips/complete-index; Privacy -> privacy-security; Wallets -> nip-47-wallet-connect; Media -> music-video-media; Commerce -> content-sale; Governance -> dao-governance; Crays -> nostr-and-crays; Library -> archive-library,,,0,,,SEO and the Public Web: Nostr Field Guide,0,,1,SEO and the Public Web: Nostr Field Guide,19,0,0,P3,gezielte redaktionelle Politur und Quellenabgleich
https://www.crays.org/nostr/field-guide/signer-ux/,field-guide/signer-ux,Signer UX: Nostr Field Guide,Library,Field guides,Grundlagenartikel,brauchbar,2729,27,5,4,5,645,676,,Start -> what-is-nostr; People -> people; Apps -> apps/catalog; Relays -> relay-market-directory; NIPs -> nips/complete-index; Privacy -> privacy-security; Wallets -> nip-47-wallet-connect; Media -> music-video-media; Commerce -> content-sale; Governance -> dao-governance; Crays -> nostr-and-crays; Library -> archive-library,,,0,,,Signer UX: Nostr Field Guide,0,,1,Signer UX: Nostr Field Guide,19,0,0,P3,gezielte redaktionelle Politur und Quellenabgleich
https://www.crays.org/nostr/field-guide/social-graph-drama/,field-guide/social-graph-drama,Social Graph Drama: Nostr Field Guide,Library,Field guides,Grundlagenartikel,brauchbar,1883,19,5,4,5,644,676,,Start -> what-is-nostr; People -> people; Apps -> apps/catalog; Relays -> relay-market-directory; NIPs -> nips/complete-index; Privacy -> privacy-security; Wallets -> nip-47-wallet-connect; Media -> music-video-media; Commerce -> content-sale; Governance -> dao-governance; Crays -> nostr-and-crays; Library -> archive-library,,,0,,,Social Graph Drama: Nostr Field Guide,0,,1,Social Graph Drama: Nostr Field Guide,19,0,0,P3,gezielte redaktionelle Politur und Quellenabgleich
https://www.crays.org/nostr/field-guide/spam-defense/,field-guide/spam-defense,Spam Defense: Nostr Field Guide,Library,Field guides,Grundlagenartikel,brauchbar,2728,27,5,4,5,644,675,,Start -> what-is-nostr; People -> people; Apps -> apps/catalog; Relays -> relay-market-directory; NIPs -> nips/complete-index; Privacy -> privacy-security; Wallets -> nip-47-wallet-connect; Media -> music-video-media; Commerce -> content-sale; Governance -> dao-governance; Crays -> nostr-and-crays; Library -> archive-library,,,0,,,Spam Defense: Nostr Field Guide,0,,1,Spam Defense: Nostr Field Guide,19,0,0,P3,gezielte redaktionelle Politur und Quellenabgleich
https://www.crays.org/nostr/field-guide/threat-modeling/,field-guide/threat-modeling,Threat Modeling: Nostr Field Guide,Library,Field guides,Grundlagenartikel,brauchbar,2734,27,5,4,5,645,675,,Start -> what-is-nostr; People -> people; Apps -> apps/catalog; Relays -> relay-market-directory; NIPs -> nips/complete-index; Privacy -> privacy-security; Wallets -> nip-47-wallet-connect; Media -> music-video-media; Commerce -> content-sale; Governance -> dao-governance; Crays -> nostr-and-crays; Library -> archive-library,,,0,,,Threat Modeling: Nostr Field Guide,0,,1,Threat Modeling: Nostr Field Guide,19,0,0,P3,gezielte redaktionelle Politur und Quellenabgleich
https://www.crays.org/nostr/field-guide/topics-hashtags/,field-guide/topics-hashtags,Topics and Hashtags: Nostr Field Guide,Library,Field guides,Grundlagenartikel,brauchbar,2767,27,5,4,5,644,676,,Start -> what-is-nostr; People -> people; Apps -> apps/catalog; Relays -> relay-market-directory; NIPs -> nips/complete-index; Privacy -> privacy-security; Wallets -> nip-47-wallet-connect; Media -> music-video-media; Commerce -> content-sale; Governance -> dao-governance; Crays -> nostr-and-crays; Library -> archive-library,,,0,,,Topics and Hashtags: Nostr Field Guide,0,,1,Topics and Hashtags: Nostr Field Guide,19,0,0,P3,gezielte redaktionelle Politur und Quellenabgleich
https://www.crays.org/nostr/field-guide/travel-and-nostr/,field-guide/travel-and-nostr,Travel and Nostr: Nostr Field Guide,Library,Field guides,Grundlagenartikel,brauchbar,1891,19,5,4,5,644,677,,Start -> what-is-nostr; People -> people; Apps -> apps/catalog; Relays -> relay-market-directory; NIPs -> nips/complete-index; Privacy -> privacy-security; Wallets -> nip-47-wallet-connect; Media -> music-video-media; Commerce -> content-sale; Governance -> dao-governance; Crays -> nostr-and-crays; Library -> archive-library,,,0,,,Travel and Nostr: Nostr Field Guide,0,,1,Travel and Nostr: Nostr Field Guide,19,0,0,P3,gezielte redaktionelle Politur und Quellenabgleich
https://www.crays.org/nostr/field-guide/user-status/,field-guide/user-status,User Status: Nostr Field Guide,Library,Field guides,Grundlagenartikel,brauchbar,2731,27,5,4,5,645,676,,Start -> what-is-nostr; People -> people; Apps -> apps/catalog; Relays -> relay-market-directory; NIPs -> nips/complete-index; Privacy -> privacy-security; Wallets -> nip-47-wallet-connect; Media -> music-video-media; Commerce -> content-sale; Governance -> dao-governance; Crays -> nostr-and-crays; Library -> archive-library,,,0,,,User Status: Nostr Field Guide,0,,1,User Status: Nostr Field Guide,19,0,0,P3,gezielte redaktionelle Politur und Quellenabgleich
https://www.crays.org/nostr/field-guide/venue-identity/,field-guide/venue-identity,Venue Identity: Nostr Field Guide,Library,Field guides,Grundlagenartikel,brauchbar,2730,27,5,4,5,644,678,,Start -> what-is-nostr; People -> people; Apps -> apps/catalog; Relays -> relay-market-directory; NIPs -> nips/complete-index; Privacy -> privacy-security; Wallets -> nip-47-wallet-connect; Media -> music-video-media; Commerce -> content-sale; Governance -> dao-governance; Crays -> nostr-and-crays; Library -> archive-library,,,0,,,Venue Identity: Nostr Field Guide,0,,1,Venue Identity: Nostr Field Guide,19,0,0,P3,gezielte redaktionelle Politur und Quellenabgleich
https://www.crays.org/nostr/field-guide/web-clients/,field-guide/web-clients,Web Clients: Nostr Field Guide,Library,Field guides,Grundlagenartikel,brauchbar,2735,27,5,4,5,644,675,,Start -> what-is-nostr; People -> people; Apps -> apps/catalog; Relays -> relay-market-directory; NIPs -> nips/complete-index; Privacy -> privacy-security; Wallets -> nip-47-wallet-connect; Media -> music-video-media; Commerce -> content-sale; Governance -> dao-governance; Crays -> nostr-and-crays; Library -> archive-library,,,0,,,Web Clients: Nostr Field Guide,0,,1,Web Clients: Nostr Field Guide,19,0,0,P3,gezielte redaktionelle Politur und Quellenabgleich
https://www.crays.org/nostr/field-guide/web-of-trust/,field-guide/web-of-trust,Web of Trust: Nostr Field Guide,Library,Field guides,Grundlagenartikel,brauchbar,2784,27,5,4,5,644,677,,Start -> what-is-nostr; People -> people; Apps -> apps/catalog; Relays -> relay-market-directory; NIPs -> nips/complete-index; Privacy -> privacy-security; Wallets -> nip-47-wallet-connect; Media -> music-video-media; Commerce -> content-sale; Governance -> dao-governance; Crays -> nostr-and-crays; Library -> archive-library,,,0,,,Web of Trust: Nostr Field Guide,0,,1,Web of Trust: Nostr Field Guide,19,0,0,P3,gezielte redaktionelle Politur und Quellenabgleich
https://www.crays.org/nostr/field-guide/wiki-events/,field-guide/wiki-events,Wiki Events: Nostr Field Guide,Library,Field guides,Grundlagenartikel,brauchbar,2717,27,5,4,5,644,675,,Start -> what-is-nostr; People -> people; Apps -> apps/catalog; Relays -> relay-market-directory; NIPs -> nips/complete-index; Privacy -> privacy-security; Wallets -> nip-47-wallet-connect; Media -> music-video-media; Commerce -> content-sale; Governance -> dao-governance; Crays -> nostr-and-crays; Library -> archive-library,,,0,,,Wiki Events: Nostr Field Guide,0,,1,Wiki Events: Nostr Field Guide,19,0,0,P3,gezielte redaktionelle Politur und Quellenabgleich
https://www.crays.org/nostr/source-inventory/,source-inventory,Nostr Research Map,Library,Research and library,Library- / Ressourcen-Seite,brauchbar,1511,14,5,4,4,783,679,signer -> nip-07-signers,Start -> what-is-nostr; People -> people; Apps -> apps/catalog; Relays -> relay-market-directory; NIPs -> nips/complete-index; Privacy -> privacy-security; Wallets -> nip-47-wallet-connect; Media -> music-video-media; Commerce -> content-sale; Governance -> dao-governance; Crays -> nostr-and-crays; Library -> archive-library,,,0,,,Nostr Research Map,0,,1,Nostr Research Map,21,0,0,P3,gezielte redaktionelle Politur und Quellenabgleich
https://www.crays.org/nostr/source-inventory/deep-research-database/,source-inventory/deep-research-database,Nostr Deep Research Database,Library,Source inventory,Grundlagenartikel,brauchbar,1365,10,4,4,4,1084,678,signer -> nip-07-signers,Start -> what-is-nostr; People -> people; Apps -> apps/catalog; Relays -> relay-market-directory; NIPs -> nips/complete-index; Privacy -> privacy-security; Wallets -> nip-47-wallet-connect; Media -> music-video-media; Commerce -> content-sale; Governance -> dao-governance; Crays -> nostr-and-crays; Library -> archive-library,,,0,,,Nostr Deep Research Database,0,,1,Nostr Deep Research Database,22,0,0,P3,gezielte redaktionelle Politur und Quellenabgleich
https://www.crays.org/nostr/source-inventory/deep-research/apps/,source-inventory/deep-research/apps,"Deep Research: Clients, apps and product surfaces",Library,Source inventory,Grundlagenartikel,brauchbar,2655,6,5,4,5,775,693,,Start -> what-is-nostr; People -> people; Apps -> apps/catalog; Relays -> relay-market-directory; NIPs -> nips/complete-index; Privacy -> privacy-security; Wallets -> nip-47-wallet-connect; Media -> music-video-media; Commerce -> content-sale; Governance -> dao-governance; Crays -> nostr-and-crays; Library -> archive-library,,,0,,,"Deep Research: Clients, apps and product surfaces",0,,1,"Deep Research: Clients, apps and product surfaces",71,0,0,P3,gezielte redaktionelle Politur und Quellenabgleich
https://www.crays.org/nostr/source-inventory/deep-research/apps/0xchat-com-0xchat-494ea5ce/,source-inventory/deep-research/apps/0xchat-com-0xchat-494ea5ce,Research Source: 0xchat,Library,Source inventory,Grundlagenartikel,brauchbar,1499,12,5,4,5,645,683,,Start -> what-is-nostr; People -> people; Apps -> apps/catalog; Relays -> relay-market-directory; NIPs -> nips/complete-index; Privacy -> privacy-security; Wallets -> nip-47-wallet-connect; Media -> music-video-media; Commerce -> content-sale; Governance -> dao-governance; Crays -> nostr-and-crays; Library -> archive-library,,,0,,,Research Source: 0xchat,0,,1,Research Source: 0xchat,23,0,0,P3,gezielte redaktionelle Politur und Quellenabgleich
https://www.crays.org/nostr/source-inventory/deep-research/apps/advancednostrsearch-vercel-app-advanced-nostr-search-f5055bae/,source-inventory/deep-research/apps/advancednostrsearch-vercel-app-advanced-nostr-search-f5055bae,Research Source: advanced-nostr-search,Library,Source inventory,Grundlagenartikel,brauchbar,1498,12,5,4,5,645,683,,Start -> what-is-nostr; People -> people; Apps -> apps/catalog; Relays -> relay-market-directory; NIPs -> nips/complete-index; Privacy -> privacy-security; Wallets -> nip-47-wallet-connect; Media -> music-video-media; Commerce -> content-sale; Governance -> dao-governance; Crays -> nostr-and-crays; Library -> archive-library,,,0,,,Research Source: advanced-nostr-search,0,,1,Research Source: advanced-nostr-search,23,0,0,P3,gezielte redaktionelle Politur und Quellenabgleich
https://www.crays.org/nostr/source-inventory/deep-research/apps/albygo-com-alby-go-2642a180/,source-inventory/deep-research/apps/albygo-com-alby-go-2642a180,Research Source: Alby Go,Library,Source inventory,Grundlagenartikel,brauchbar,1496,11,5,4,5,645,683,,Start -> what-is-nostr; People -> people; Apps -> apps/catalog; Relays -> relay-market-directory; NIPs -> nips/complete-index; Privacy -> privacy-security; Wallets -> nip-47-wallet-connect; Media -> music-video-media; Commerce -> content-sale; Governance -> dao-governance; Crays -> nostr-and-crays; Library -> archive-library,,,0,,,Research Source: Alby Go,0,,1,Research Source: Alby Go,23,0,0,P3,gezielte redaktionelle Politur und Quellenabgleich
https://www.crays.org/nostr/source-inventory/deep-research/apps/albyhub-com-alby-hub-d9b94d59/,source-inventory/deep-research/apps/albyhub-com-alby-hub-d9b94d59,Research Source: Alby Hub,Library,Source inventory,Grundlagenartikel,brauchbar,1527,12,5,4,5,645,683,,Start -> what-is-nostr; People -> people; Apps -> apps/catalog; Relays -> relay-market-directory; NIPs -> nips/complete-index; Privacy -> privacy-security; Wallets -> nip-47-wallet-connect; Media -> music-video-media; Commerce -> content-sale; Governance -> dao-governance; Crays -> nostr-and-crays; Library -> archive-library,,,0,,,Research Source: Alby Hub,0,,1,Research Source: Alby Hub,23,0,0,P3,gezielte redaktionelle Politur und Quellenabgleich
https://www.crays.org/nostr/source-inventory/deep-research/apps/amethyst-social-amethyst-c3640c21/,source-inventory/deep-research/apps/amethyst-social-amethyst-c3640c21,Research Source: Amethyst,Library,Source inventory,Grundlagenartikel,brauchbar,1498,12,5,4,5,645,682,,Start -> what-is-nostr; People -> people; Apps -> apps/catalog; Relays -> relay-market-directory; NIPs -> nips/complete-index; Privacy -> privacy-security; Wallets -> nip-47-wallet-connect; Media -> music-video-media; Commerce -> content-sale; Governance -> dao-governance; Crays -> nostr-and-crays; Library -> archive-library,,,0,,,Research Source: Amethyst,0,,1,Research Source: Amethyst,23,0,0,P3,gezielte redaktionelle Politur und Quellenabgleich
https://www.crays.org/nostr/source-inventory/deep-research/apps/bookstr-xyz-bookstr-735ab0ff/,source-inventory/deep-research/apps/bookstr-xyz-bookstr-735ab0ff,Research Source: Bookstr,Library,Source inventory,Grundlagenartikel,brauchbar,1497,12,5,4,5,645,682,,Start -> what-is-nostr; People -> people; Apps -> apps/catalog; Relays -> relay-market-directory; NIPs -> nips/complete-index; Privacy -> privacy-security; Wallets -> nip-47-wallet-connect; Media -> music-video-media; Commerce -> content-sale; Governance -> dao-governance; Crays -> nostr-and-crays; Library -> archive-library,,,0,,,Research Source: Bookstr,0,,1,Research Source: Bookstr,23,0,0,P3,gezielte redaktionelle Politur und Quellenabgleich
https://www.crays.org/nostr/source-inventory/deep-research/apps/bouquet-slidestr-net-bouquet-0aedf636/,source-inventory/deep-research/apps/bouquet-slidestr-net-bouquet-0aedf636,Research Source: Bouquet,Library,Source inventory,Grundlagenartikel,brauchbar,1495,12,5,4,5,645,683,,Start -> what-is-nostr; People -> people; Apps -> apps/catalog; Relays -> relay-market-directory; NIPs -> nips/complete-index; Privacy -> privacy-security; Wallets -> nip-47-wallet-connect; Media -> music-video-media; Commerce -> content-sale; Governance -> dao-governance; Crays -> nostr-and-crays; Library -> archive-library,,,0,,,Research Source: Bouquet,0,,1,Research Source: Bouquet,23,0,0,P3,gezielte redaktionelle Politur und Quellenabgleich
https://www.crays.org/nostr/source-inventory/deep-research/apps/calendar-formstr-app-calendar-by-formstr-c6ff1336/,source-inventory/deep-research/apps/calendar-formstr-app-calendar-by-formstr-c6ff1336,Research Source: Calendar by Formstr,Library,Source inventory,Grundlagenartikel,brauchbar,1548,12,5,4,5,645,683,,Start -> what-is-nostr; People -> people; Apps -> apps/catalog; Relays -> relay-market-directory; NIPs -> nips/complete-index; Privacy -> privacy-security; Wallets -> nip-47-wallet-connect; Media -> music-video-media; Commerce -> content-sale; Governance -> dao-governance; Crays -> nostr-and-crays; Library -> archive-library,,,0,,,Research Source: Calendar by Formstr,0,,1,Research Source: Calendar by Formstr,23,0,0,P3,gezielte redaktionelle Politur und Quellenabgleich
https://www.crays.org/nostr/source-inventory/deep-research/apps/chachi-chat-chachi-22a5887e/,source-inventory/deep-research/apps/chachi-chat-chachi-22a5887e,Research Source: Chachi,Library,Source inventory,Grundlagenartikel,brauchbar,1499,12,5,4,5,645,683,,Start -> what-is-nostr; People -> people; Apps -> apps/catalog; Relays -> relay-market-directory; NIPs -> nips/complete-index; Privacy -> privacy-security; Wallets -> nip-47-wallet-connect; Media -> music-video-media; Commerce -> content-sale; Governance -> dao-governance; Crays -> nostr-and-crays; Library -> archive-library,,,0,,,Research Source: Chachi,0,,1,Research Source: Chachi,23,0,0,P3,gezielte redaktionelle Politur und Quellenabgleich
https://www.crays.org/nostr/source-inventory/deep-research/apps/coracle-social-coracle-c517d38f/,source-inventory/deep-research/apps/coracle-social-coracle-c517d38f,Research Source: Coracle,Library,Source inventory,Grundlagenartikel,brauchbar,1499,12,5,4,5,645,683,,Start -> what-is-nostr; People -> people; Apps -> apps/catalog; Relays -> relay-market-directory; NIPs -> nips/complete-index; Privacy -> privacy-security; Wallets -> nip-47-wallet-connect; Media -> music-video-media; Commerce -> content-sale; Governance -> dao-governance; Crays -> nostr-and-crays; Library -> archive-library,,,0,,,Research Source: Coracle,0,,1,Research Source: Coracle,23,0,0,P3,gezielte redaktionelle Politur und Quellenabgleich
https://www.crays.org/nostr/source-inventory/deep-research/apps/cornychat-com-corny-chat-229385c1/,source-inventory/deep-research/apps/cornychat-com-corny-chat-229385c1,Research Source: Corny Chat,Library,Source inventory,Grundlagenartikel,brauchbar,1526,12,5,4,5,645,684,,Start -> what-is-nostr; People -> people; Apps -> apps/catalog; Relays -> relay-market-directory; NIPs -> nips/complete-index; Privacy -> privacy-security; Wallets -> nip-47-wallet-connect; Media -> music-video-media; Commerce -> content-sale; Governance -> dao-governance; Crays -> nostr-and-crays; Library -> archive-library,,,0,,,Research Source: Corny Chat,0,,1,Research Source: Corny Chat,23,0,0,P3,gezielte redaktionelle Politur und Quellenabgleich
https://www.crays.org/nostr/source-inventory/deep-research/apps/cypherpunk-today-nalgorithm-f133600d/,source-inventory/deep-research/apps/cypherpunk-today-nalgorithm-f133600d,Research Source: Nalgorithm,Library,Source inventory,Grundlagenartikel,brauchbar,1497,12,5,4,5,645,682,,Start -> what-is-nostr; People -> people; Apps -> apps/catalog; Relays -> relay-market-directory; NIPs -> nips/complete-index; Privacy -> privacy-security; Wallets -> nip-47-wallet-connect; Media -> music-video-media; Commerce -> content-sale; Governance -> dao-governance; Crays -> nostr-and-crays; Library -> archive-library,,,0,,,Research Source: Nalgorithm,0,,1,Research Source: Nalgorithm,23,0,0,P3,gezielte redaktionelle Politur und Quellenabgleich
https://www.crays.org/nostr/source-inventory/deep-research/apps/damus-io-damus-6e498c73/,source-inventory/deep-research/apps/damus-io-damus-6e498c73,Research Source: Damus,Library,Source inventory,Grundlagenartikel,brauchbar,1555,10,5,4,5,645,682,,Start -> what-is-nostr; People -> people; Apps -> apps/catalog; Relays -> relay-market-directory; NIPs -> nips/complete-index; Privacy -> privacy-security; Wallets -> nip-47-wallet-connect; Media -> music-video-media; Commerce -> content-sale; Governance -> dao-governance; Crays -> nostr-and-crays; Library -> archive-library,,,0,,,Research Source: Damus,0,,1,Research Source: Damus,37,0,0,P3,gezielte redaktionelle Politur und Quellenabgleich
https://www.crays.org/nostr/source-inventory/deep-research/apps/ditto-pub-ditto-e3fd3caf/,source-inventory/deep-research/apps/ditto-pub-ditto-e3fd3caf,Research Source: Ditto,Library,Source inventory,Grundlagenartikel,brauchbar,1534,12,5,4,5,646,683,,Start -> what-is-nostr; People -> people; Apps -> apps/catalog; Relays -> relay-market-directory; NIPs -> nips/complete-index; Privacy -> privacy-security; Wallets -> nip-47-wallet-connect; Media -> music-video-media; Commerce -> content-sale; Governance -> dao-governance; Crays -> nostr-and-crays; Library -> archive-library,,,0,,,Research Source: Ditto,0,,1,Research Source: Ditto,25,0,0,P3,gezielte redaktionelle Politur und Quellenabgleich
https://www.crays.org/nostr/source-inventory/deep-research/apps/docstr-app-docstr-f73b802c/,source-inventory/deep-research/apps/docstr-app-docstr-f73b802c,Research Source: Docstr,Library,Source inventory,Grundlagenartikel,brauchbar,1498,12,5,4,5,645,682,,Start -> what-is-nostr; People -> people; Apps -> apps/catalog; Relays -> relay-market-directory; NIPs -> nips/complete-index; Privacy -> privacy-security; Wallets -> nip-47-wallet-connect; Media -> music-video-media; Commerce -> content-sale; Governance -> dao-governance; Crays -> nostr-and-crays; Library -> archive-library,,,0,,,Research Source: Docstr,0,,1,Research Source: Docstr,23,0,0,P3,gezielte redaktionelle Politur und Quellenabgleich
https://www.crays.org/nostr/source-inventory/deep-research/apps/dtan-xyz-dtan-22c6063a/,source-inventory/deep-research/apps/dtan-xyz-dtan-22c6063a,Research Source: DTAN,Library,Source inventory,Grundlagenartikel,brauchbar,1497,12,5,4,5,645,683,,Start -> what-is-nostr; People -> people; Apps -> apps/catalog; Relays -> relay-market-directory; NIPs -> nips/complete-index; Privacy -> privacy-security; Wallets -> nip-47-wallet-connect; Media -> music-video-media; Commerce -> content-sale; Governance -> dao-governance; Crays -> nostr-and-crays; Library -> archive-library,,,0,,,Research Source: DTAN,0,,1,Research Source: DTAN,23,0,0,P3,gezielte redaktionelle Politur und Quellenabgleich
https://www.crays.org/nostr/source-inventory/deep-research/apps/emojito-meme-emojito-6476ec40/,source-inventory/deep-research/apps/emojito-meme-emojito-6476ec40,Research Source: Emojito,Library,Source inventory,Grundlagenartikel,brauchbar,1498,12,5,4,5,645,683,,Start -> what-is-nostr; People -> people; Apps -> apps/catalog; Relays -> relay-market-directory; NIPs -> nips/complete-index; Privacy -> privacy-security; Wallets -> nip-47-wallet-connect; Media -> music-video-media; Commerce -> content-sale; Governance -> dao-governance; Crays -> nostr-and-crays; Library -> archive-library,,,0,,,Research Source: Emojito,0,,1,Research Source: Emojito,23,0,0,P3,gezielte redaktionelle Politur und Quellenabgleich
https://www.crays.org/nostr/source-inventory/deep-research/apps/flycat-club-flycat-c48988dd/,source-inventory/deep-research/apps/flycat-club-flycat-c48988dd,Research Source: Flycat,Library,Source inventory,Grundlagenartikel,brauchbar,1504,12,5,4,5,645,682,,Start -> what-is-nostr; People -> people; Apps -> apps/catalog; Relays -> relay-market-directory; NIPs -> nips/complete-index; Privacy -> privacy-security; Wallets -> nip-47-wallet-connect; Media -> music-video-media; Commerce -> content-sale; Governance -> dao-governance; Crays -> nostr-and-crays; Library -> archive-library,,,0,,,Research Source: Flycat,0,,1,Research Source: Flycat,23,0,0,P3,gezielte redaktionelle Politur und Quellenabgleich
https://www.crays.org/nostr/source-inventory/deep-research/apps/formstr-app-formstr-47ad4c9f/,source-inventory/deep-research/apps/formstr-app-formstr-47ad4c9f,Research Source: Formstr,Library,Source inventory,Grundlagenartikel,brauchbar,1499,12,5,4,5,645,683,,Start -> what-is-nostr; People -> people; Apps -> apps/catalog; Relays -> relay-market-directory; NIPs -> nips/complete-index; Privacy -> privacy-security; Wallets -> nip-47-wallet-connect; Media -> music-video-media; Commerce -> content-sale; Governance -> dao-governance; Crays -> nostr-and-crays; Library -> archive-library,,,0,,,Research Source: Formstr,0,,1,Research Source: Formstr,23,0,0,P3,gezielte redaktionelle Politur und Quellenabgleich
https://www.crays.org/nostr/source-inventory/deep-research/apps/fountain-fm-fountain-79957f2f/,source-inventory/deep-research/apps/fountain-fm-fountain-79957f2f,Research Source: Fountain,Library,Source inventory,Grundlagenartikel,brauchbar,1503,12,5,4,5,645,683,,Start -> what-is-nostr; People -> people; Apps -> apps/catalog; Relays -> relay-market-directory; NIPs -> nips/complete-index; Privacy -> privacy-security; Wallets -> nip-47-wallet-connect; Media -> music-video-media; Commerce -> content-sale; Governance -> dao-governance; Crays -> nostr-and-crays; Library -> archive-library,,,0,,,Research Source: Fountain,0,,1,Research Source: Fountain,23,0,0,P3,gezielte redaktionelle Politur und Quellenabgleich
https://www.crays.org/nostr/source-inventory/deep-research/apps/freefrom-space-freefrom-d84bb337/,source-inventory/deep-research/apps/freefrom-space-freefrom-d84bb337,Research Source: FreeFrom,Library,Source inventory,Grundlagenartikel,brauchbar,1499,12,5,4,5,645,684,,Start -> what-is-nostr; People -> people; Apps -> apps/catalog; Relays -> relay-market-directory; NIPs -> nips/complete-index; Privacy -> privacy-security; Wallets -> nip-47-wallet-connect; Media -> music-video-media; Commerce -> content-sale; Governance -> dao-governance; Crays -> nostr-and-crays; Library -> archive-library,,,0,,,Research Source: FreeFrom,0,,1,Research Source: FreeFrom,23,0,0,P3,gezielte redaktionelle Politur und Quellenabgleich
https://www.crays.org/nostr/source-inventory/deep-research/apps/fundstr-app-fundstr-b98b4d38/,source-inventory/deep-research/apps/fundstr-app-fundstr-b98b4d38,Research Source: Fundstr,Library,Source inventory,Grundlagenartikel,brauchbar,1498,12,5,4,5,645,683,,Start -> what-is-nostr; People -> people; Apps -> apps/catalog; Relays -> relay-market-directory; NIPs -> nips/complete-index; Privacy -> privacy-security; Wallets -> nip-47-wallet-connect; Media -> music-video-media; Commerce -> content-sale; Governance -> dao-governance; Crays -> nostr-and-crays; Library -> archive-library,,,0,,,Research Source: Fundstr,0,,1,Research Source: Fundstr,23,0,0,P3,gezielte redaktionelle Politur und Quellenabgleich
https://www.crays.org/nostr/source-inventory/deep-research/apps/futrnostr-com-futr-ba78c87f/,source-inventory/deep-research/apps/futrnostr-com-futr-ba78c87f,Research Source: futr,Library,Source inventory,Grundlagenartikel,brauchbar,1510,12,5,4,5,645,683,,Start -> what-is-nostr; People -> people; Apps -> apps/catalog; Relays -> relay-market-directory; NIPs -> nips/complete-index; Privacy -> privacy-security; Wallets -> nip-47-wallet-connect; Media -> music-video-media; Commerce -> content-sale; Governance -> dao-governance; Crays -> nostr-and-crays; Library -> archive-library,,,0,,,Research Source: futr,0,,1,Research Source: futr,23,0,0,P3,gezielte redaktionelle Politur und Quellenabgleich
https://www.crays.org/nostr/source-inventory/deep-research/apps/getalby-com-alby-9e17dd25/,source-inventory/deep-research/apps/getalby-com-alby-9e17dd25,Research Source: Alby,Library,Source inventory,Grundlagenartikel,brauchbar,1152,6,4,4,5,645,675,,Start -> what-is-nostr; People -> people; Apps -> apps/catalog; Relays -> relay-market-directory; NIPs -> nips/complete-index; Privacy -> privacy-security; Wallets -> nip-47-wallet-connect; Media -> music-video-media; Commerce -> content-sale; Governance -> dao-governance; Crays -> nostr-and-crays; Library -> archive-library,,,0,,,Research Source: Alby,0,,1,Research Source: Alby,39,0,0,P3,gezielte redaktionelle Politur und Quellenabgleich
https://www.crays.org/nostr/source-inventory/deep-research/apps/gifbuddy-lol-gif-buddy-c4cda8d3/,source-inventory/deep-research/apps/gifbuddy-lol-gif-buddy-c4cda8d3,Research Source: GIF Buddy,Library,Source inventory,Grundlagenartikel,brauchbar,1518,12,5,4,5,645,684,,Start -> what-is-nostr; People -> people; Apps -> apps/catalog; Relays -> relay-market-directory; NIPs -> nips/complete-index; Privacy -> privacy-security; Wallets -> nip-47-wallet-connect; Media -> music-video-media; Commerce -> content-sale; Governance -> dao-governance; Crays -> nostr-and-crays; Library -> archive-library,,,0,,,Research Source: GIF Buddy,0,,1,Research Source: GIF Buddy,23,0,0,P3,gezielte redaktionelle Politur und Quellenabgleich
https://www.crays.org/nostr/source-inventory/deep-research/apps/github-com-amber-14f3f27f/,source-inventory/deep-research/apps/github-com-amber-14f3f27f,Research Source: Amber,Library,Source inventory,Grundlagenartikel,brauchbar,1513,10,5,4,5,645,684,,Start -> what-is-nostr; People -> people; Apps -> apps/catalog; Relays -> relay-market-directory; NIPs -> nips/complete-index; Privacy -> privacy-security; Wallets -> nip-47-wallet-connect; Media -> music-video-media; Commerce -> content-sale; Governance -> dao-governance; Crays -> nostr-and-crays; Library -> archive-library,,,0,,,Research Source: Amber,0,,1,Research Source: Amber,33,0,0,P3,gezielte redaktionelle Politur und Quellenabgleich
https://www.crays.org/nostr/source-inventory/deep-research/apps/github-com-amethyst-github-c8757f48/,source-inventory/deep-research/apps/github-com-amethyst-github-c8757f48,Research Source: Amethyst GitHub,Library,Source inventory,Grundlagenartikel,brauchbar,1689,10,5,4,5,645,682,,Start -> what-is-nostr; People -> people; Apps -> apps/catalog; Relays -> relay-market-directory; NIPs -> nips/complete-index; Privacy -> privacy-security; Wallets -> nip-47-wallet-connect; Media -> music-video-media; Commerce -> content-sale; Governance -> dao-governance; Crays -> nostr-and-crays; Library -> archive-library,,,0,,,Research Source: Amethyst GitHub,0,,1,Research Source: Amethyst GitHub,40,0,0,P3,gezielte redaktionelle Politur und Quellenabgleich
https://www.crays.org/nostr/source-inventory/deep-research/apps/github-com-gossip-587cfdc9/,source-inventory/deep-research/apps/github-com-gossip-587cfdc9,Research Source: Gossip,Library,Source inventory,Grundlagenartikel,brauchbar,1670,10,5,4,5,645,683,,Start -> what-is-nostr; People -> people; Apps -> apps/catalog; Relays -> relay-market-directory; NIPs -> nips/complete-index; Privacy -> privacy-security; Wallets -> nip-47-wallet-connect; Media -> music-video-media; Commerce -> content-sale; Governance -> dao-governance; Crays -> nostr-and-crays; Library -> archive-library,,,0,,,Research Source: Gossip,0,,1,Research Source: Gossip,40,0,0,P3,gezielte redaktionelle Politur und Quellenabgleich
https://www.crays.org/nostr/source-inventory/deep-research/apps/github-com-lnbits-nostrmarket-9b2e6c4f/,source-inventory/deep-research/apps/github-com-lnbits-nostrmarket-9b2e6c4f,Research Source: LNBits Nostrmarket,Library,Source inventory,Grundlagenartikel,brauchbar,1686,10,5,4,5,645,683,,Start -> what-is-nostr; People -> people; Apps -> apps/catalog; Relays -> relay-market-directory; NIPs -> nips/complete-index; Privacy -> privacy-security; Wallets -> nip-47-wallet-connect; Media -> music-video-media; Commerce -> content-sale; Governance -> dao-governance; Crays -> nostr-and-crays; Library -> archive-library,,,0,,,Research Source: LNBits Nostrmarket,0,,1,Research Source: LNBits Nostrmarket,40,0,0,P3,gezielte redaktionelle Politur und Quellenabgleich
https://www.crays.org/nostr/source-inventory/deep-research/apps/github-com-nos2x-a15bc5d9/,source-inventory/deep-research/apps/github-com-nos2x-a15bc5d9,Research Source: nos2x,Library,Source inventory,Grundlagenartikel,brauchbar,1517,12,5,4,5,645,684,,Start -> what-is-nostr; People -> people; Apps -> apps/catalog; Relays -> relay-market-directory; NIPs -> nips/complete-index; Privacy -> privacy-security; Wallets -> nip-47-wallet-connect; Media -> music-video-media; Commerce -> content-sale; Governance -> dao-governance; Crays -> nostr-and-crays; Library -> archive-library,,,0,,,Research Source: nos2x,0,,1,Research Source: nos2x,23,0,0,P3,gezielte redaktionelle Politur und Quellenabgleich
https://www.crays.org/nostr/source-inventory/deep-research/apps/github-com-nostrmo-github-ac6215d0/,source-inventory/deep-research/apps/github-com-nostrmo-github-ac6215d0,Research Source: Nostrmo GitHub,Library,Source inventory,Grundlagenartikel,brauchbar,1671,10,5,4,5,645,683,,Start -> what-is-nostr; People -> people; Apps -> apps/catalog; Relays -> relay-market-directory; NIPs -> nips/complete-index; Privacy -> privacy-security; Wallets -> nip-47-wallet-connect; Media -> music-video-media; Commerce -> content-sale; Governance -> dao-governance; Crays -> nostr-and-crays; Library -> archive-library,,,0,,,Research Source: Nostrmo GitHub,0,,1,Research Source: Nostrmo GitHub,40,0,0,P3,gezielte redaktionelle Politur und Quellenabgleich
https://www.crays.org/nostr/source-inventory/deep-research/apps/gittr-space-gittr-2f731df3/,source-inventory/deep-research/apps/gittr-space-gittr-2f731df3,Research Source: Gittr,Library,Source inventory,Grundlagenartikel,brauchbar,1577,10,5,4,5,645,682,,Start -> what-is-nostr; People -> people; Apps -> apps/catalog; Relays -> relay-market-directory; NIPs -> nips/complete-index; Privacy -> privacy-security; Wallets -> nip-47-wallet-connect; Media -> music-video-media; Commerce -> content-sale; Governance -> dao-governance; Crays -> nostr-and-crays; Library -> archive-library,,,0,,,Research Source: Gittr,0,,1,Research Source: Gittr,40,0,0,P3,gezielte redaktionelle Politur und Quellenabgleich
https://www.crays.org/nostr/source-inventory/deep-research/apps/go-yondar-me-yondar-65f1b11a/,source-inventory/deep-research/apps/go-yondar-me-yondar-65f1b11a,Research Source: Yondar,Library,Source inventory,Grundlagenartikel,brauchbar,1499,12,5,4,5,645,684,,Start -> what-is-nostr; People -> people; Apps -> apps/catalog; Relays -> relay-market-directory; NIPs -> nips/complete-index; Privacy -> privacy-security; Wallets -> nip-47-wallet-connect; Media -> music-video-media; Commerce -> content-sale; Governance -> dao-governance; Crays -> nostr-and-crays; Library -> archive-library,,,0,,,Research Source: Yondar,0,,1,Research Source: Yondar,23,0,0,P3,gezielte redaktionelle Politur und Quellenabgleich
https://www.crays.org/nostr/source-inventory/deep-research/apps/grimoire-rocks-grimoire-1188429d/,source-inventory/deep-research/apps/grimoire-rocks-grimoire-1188429d,Research Source: Grimoire,Library,Source inventory,Grundlagenartikel,brauchbar,1494,12,5,4,5,645,683,,Start -> what-is-nostr; People -> people; Apps -> apps/catalog; Relays -> relay-market-directory; NIPs -> nips/complete-index; Privacy -> privacy-security; Wallets -> nip-47-wallet-connect; Media -> music-video-media; Commerce -> content-sale; Governance -> dao-governance; Crays -> nostr-and-crays; Library -> archive-library,,,0,,,Research Source: Grimoire,0,,1,Research Source: Grimoire,23,0,0,P3,gezielte redaktionelle Politur und Quellenabgleich
https://www.crays.org/nostr/source-inventory/deep-research/apps/habla-news-habla-35e9ad94/,source-inventory/deep-research/apps/habla-news-habla-35e9ad94,Research Source: Habla,Library,Source inventory,Grundlagenartikel,brauchbar,1535,12,5,4,5,645,685,,Start -> what-is-nostr; People -> people; Apps -> apps/catalog; Relays -> relay-market-directory; NIPs -> nips/complete-index; Privacy -> privacy-security; Wallets -> nip-47-wallet-connect; Media -> music-video-media; Commerce -> content-sale; Governance -> dao-governance; Crays -> nostr-and-crays; Library -> archive-library,,,0,,,Research Source: Habla,0,,1,Research Source: Habla,25,0,0,P3,gezielte redaktionelle Politur und Quellenabgleich
https://www.crays.org/nostr/source-inventory/deep-research/apps/highlighter-com-highlighter-799cfaa5/,source-inventory/deep-research/apps/highlighter-com-highlighter-799cfaa5,Research Source: Highlighter,Library,Source inventory,Grundlagenartikel,brauchbar,1498,12,5,4,5,645,683,,Start -> what-is-nostr; People -> people; Apps -> apps/catalog; Relays -> relay-market-directory; NIPs -> nips/complete-index; Privacy -> privacy-security; Wallets -> nip-47-wallet-connect; Media -> music-video-media; Commerce -> content-sale; Governance -> dao-governance; Crays -> nostr-and-crays; Library -> archive-library,,,0,,,Research Source: Highlighter,0,,1,Research Source: Highlighter,23,0,0,P3,gezielte redaktionelle Politur und Quellenabgleich
https://www.crays.org/nostr/source-inventory/deep-research/apps/hivetalk-org-hivetalk-7a910f77/,source-inventory/deep-research/apps/hivetalk-org-hivetalk-7a910f77,Research Source: HiveTalk,Library,Source inventory,Grundlagenartikel,brauchbar,1504,12,5,4,5,645,684,,Start -> what-is-nostr; People -> people; Apps -> apps/catalog; Relays -> relay-market-directory; NIPs -> nips/complete-index; Privacy -> privacy-security; Wallets -> nip-47-wallet-connect; Media -> music-video-media; Commerce -> content-sale; Governance -> dao-governance; Crays -> nostr-and-crays; Library -> archive-library,,,0,,,Research Source: HiveTalk,0,,1,Research Source: HiveTalk,23,0,0,P3,gezielte redaktionelle Politur und Quellenabgleich
https://www.crays.org/nostr/source-inventory/deep-research/apps/iris-to-iris-80f39fce/,source-inventory/deep-research/apps/iris-to-iris-80f39fce,Research Source: Iris,Library,Source inventory,Grundlagenartikel,brauchbar,1496,12,5,4,5,645,683,,Start -> what-is-nostr; People -> people; Apps -> apps/catalog; Relays -> relay-market-directory; NIPs -> nips/complete-index; Privacy -> privacy-security; Wallets -> nip-47-wallet-connect; Media -> music-video-media; Commerce -> content-sale; Governance -> dao-governance; Crays -> nostr-and-crays; Library -> archive-library,,,0,,,Research Source: Iris,0,,1,Research Source: Iris,23,0,0,P3,gezielte redaktionelle Politur und Quellenabgleich
https://www.crays.org/nostr/source-inventory/deep-research/apps/jumble-social-jumble-a9ade914/,source-inventory/deep-research/apps/jumble-social-jumble-a9ade914,Research Source: Jumble,Library,Source inventory,Grundlagenartikel,brauchbar,1500,12,5,4,5,645,683,,Start -> what-is-nostr; People -> people; Apps -> apps/catalog; Relays -> relay-market-directory; NIPs -> nips/complete-index; Privacy -> privacy-security; Wallets -> nip-47-wallet-connect; Media -> music-video-media; Commerce -> content-sale; Governance -> dao-governance; Crays -> nostr-and-crays; Library -> archive-library,,,0,,,Research Source: Jumble,0,,1,Research Source: Jumble,23,0,0,P3,gezielte redaktionelle Politur und Quellenabgleich
https://www.crays.org/nostr/source-inventory/deep-research/apps/keys-band-keys-band-1442ed47/,source-inventory/deep-research/apps/keys-band-keys-band-1442ed47,Research Source: Keys Band,Library,Source inventory,Grundlagenartikel,brauchbar,1536,12,5,4,5,645,684,,Start -> what-is-nostr; People -> people; Apps -> apps/catalog; Relays -> relay-market-directory; NIPs -> nips/complete-index; Privacy -> privacy-security; Wallets -> nip-47-wallet-connect; Media -> music-video-media; Commerce -> content-sale; Governance -> dao-governance; Crays -> nostr-and-crays; Library -> archive-library,,,0,,,Research Source: Keys Band,0,,1,Research Source: Keys Band,23,0,0,P3,gezielte redaktionelle Politur und Quellenabgleich
https://www.crays.org/nostr/source-inventory/deep-research/apps/listr-lol-listr-6e9e7224/,source-inventory/deep-research/apps/listr-lol-listr-6e9e7224,Research Source: Listr,Library,Source inventory,Grundlagenartikel,brauchbar,1515,12,5,4,5,645,683,,Start -> what-is-nostr; People -> people; Apps -> apps/catalog; Relays -> relay-market-directory; NIPs -> nips/complete-index; Privacy -> privacy-security; Wallets -> nip-47-wallet-connect; Media -> music-video-media; Commerce -> content-sale; Governance -> dao-governance; Crays -> nostr-and-crays; Library -> archive-library,,,0,,,Research Source: Listr,0,,1,Research Source: Listr,24,0,0,P3,gezielte redaktionelle Politur und Quellenabgleich
https://www.crays.org/nostr/source-inventory/deep-research/apps/lume-nu-lume-7fb8788d/,source-inventory/deep-research/apps/lume-nu-lume-7fb8788d,Research Source: Lume,Library,Source inventory,Grundlagenartikel,brauchbar,1500,12,5,4,5,645,683,,Start -> what-is-nostr; People -> people; Apps -> apps/catalog; Relays -> relay-market-directory; NIPs -> nips/complete-index; Privacy -> privacy-security; Wallets -> nip-47-wallet-connect; Media -> music-video-media; Commerce -> content-sale; Governance -> dao-governance; Crays -> nostr-and-crays; Library -> archive-library,,,0,,,Research Source: Lume,0,,1,Research Source: Lume,23,0,0,P3,gezielte redaktionelle Politur und Quellenabgleich
https://www.crays.org/nostr/source-inventory/deep-research/apps/lumilumi-app-lumilumi-8a345657/,source-inventory/deep-research/apps/lumilumi-app-lumilumi-8a345657,Research Source: Lumilumi,Library,Source inventory,Grundlagenartikel,brauchbar,1498,12,5,4,5,645,683,,Start -> what-is-nostr; People -> people; Apps -> apps/catalog; Relays -> relay-market-directory; NIPs -> nips/complete-index; Privacy -> privacy-security; Wallets -> nip-47-wallet-connect; Media -> music-video-media; Commerce -> content-sale; Governance -> dao-governance; Crays -> nostr-and-crays; Library -> archive-library,,,0,,,Research Source: Lumilumi,0,,1,Research Source: Lumilumi,23,0,0,P3,gezielte redaktionelle Politur und Quellenabgleich
https://www.crays.org/nostr/source-inventory/deep-research/apps/lumina-rocks-lumina-5f7e4fb5/,source-inventory/deep-research/apps/lumina-rocks-lumina-5f7e4fb5,Research Source: LUMINA,Library,Source inventory,Grundlagenartikel,brauchbar,1520,12,5,4,5,645,682,,Start -> what-is-nostr; People -> people; Apps -> apps/catalog; Relays -> relay-market-directory; NIPs -> nips/complete-index; Privacy -> privacy-security; Wallets -> nip-47-wallet-connect; Media -> music-video-media; Commerce -> content-sale; Governance -> dao-governance; Crays -> nostr-and-crays; Library -> archive-library,,,0,,,Research Source: LUMINA,0,,1,Research Source: LUMINA,24,0,0,P3,gezielte redaktionelle Politur und Quellenabgleich
https://www.crays.org/nostr/source-inventory/deep-research/apps/mapstr-xyz-mapstr-a6a73edb/,source-inventory/deep-research/apps/mapstr-xyz-mapstr-a6a73edb,Research Source: Mapstr,Library,Source inventory,Grundlagenartikel,brauchbar,1500,12,5,4,5,645,683,,Start -> what-is-nostr; People -> people; Apps -> apps/catalog; Relays -> relay-market-directory; NIPs -> nips/complete-index; Privacy -> privacy-security; Wallets -> nip-47-wallet-connect; Media -> music-video-media; Commerce -> content-sale; Governance -> dao-governance; Crays -> nostr-and-crays; Library -> archive-library,,,0,,,Research Source: Mapstr,0,,1,Research Source: Mapstr,23,0,0,P3,gezielte redaktionelle Politur und Quellenabgleich
https://www.crays.org/nostr/source-inventory/deep-research/apps/meetstr-com-meetstr-e7da52c2/,source-inventory/deep-research/apps/meetstr-com-meetstr-e7da52c2,Research Source: Meetstr,Library,Source inventory,Grundlagenartikel,brauchbar,1499,12,5,4,5,645,683,,Start -> what-is-nostr; People -> people; Apps -> apps/catalog; Relays -> relay-market-directory; NIPs -> nips/complete-index; Privacy -> privacy-security; Wallets -> nip-47-wallet-connect; Media -> music-video-media; Commerce -> content-sale; Governance -> dao-governance; Crays -> nostr-and-crays; Library -> archive-library,,,0,,,Research Source: Meetstr,0,,1,Research Source: Meetstr,23,0,0,P3,gezielte redaktionelle Politur und Quellenabgleich
https://www.crays.org/nostr/source-inventory/deep-research/apps/memestr-app-memestr-c655adce/,source-inventory/deep-research/apps/memestr-app-memestr-c655adce,Research Source: Memestr,Library,Source inventory,Grundlagenartikel,brauchbar,1497,12,5,4,5,645,682,,Start -> what-is-nostr; People -> people; Apps -> apps/catalog; Relays -> relay-market-directory; NIPs -> nips/complete-index; Privacy -> privacy-security; Wallets -> nip-47-wallet-connect; Media -> music-video-media; Commerce -> content-sale; Governance -> dao-governance; Crays -> nostr-and-crays; Library -> archive-library,,,0,,,Research Source: Memestr,0,,1,Research Source: Memestr,23,0,0,P3,gezielte redaktionelle Politur und Quellenabgleich
https://www.crays.org/nostr/source-inventory/deep-research/apps/minds-com-minds-b4c79a74/,source-inventory/deep-research/apps/minds-com-minds-b4c79a74,Research Source: Minds,Library,Source inventory,Grundlagenartikel,brauchbar,1498,12,5,4,5,645,682,,Start -> what-is-nostr; People -> people; Apps -> apps/catalog; Relays -> relay-market-directory; NIPs -> nips/complete-index; Privacy -> privacy-security; Wallets -> nip-47-wallet-connect; Media -> music-video-media; Commerce -> content-sale; Governance -> dao-governance; Crays -> nostr-and-crays; Library -> archive-library,,,0,,,Research Source: Minds,0,,1,Research Source: Minds,23,0,0,P3,gezielte redaktionelle Politur und Quellenabgleich
https://www.crays.org/nostr/source-inventory/deep-research/apps/mostard-org-mostard-e19e4eb4/,source-inventory/deep-research/apps/mostard-org-mostard-e19e4eb4,Research Source: mostard,Library,Source inventory,Grundlagenartikel,brauchbar,1509,12,5,4,5,645,682,,Start -> what-is-nostr; People -> people; Apps -> apps/catalog; Relays -> relay-market-directory; NIPs -> nips/complete-index; Privacy -> privacy-security; Wallets -> nip-47-wallet-connect; Media -> music-video-media; Commerce -> content-sale; Governance -> dao-governance; Crays -> nostr-and-crays; Library -> archive-library,,,0,,,Research Source: mostard,0,,1,Research Source: mostard,23,0,0,P3,gezielte redaktionelle Politur und Quellenabgleich
https://www.crays.org/nostr/source-inventory/deep-research/apps/mostro-network-mostro-e68a770b/,source-inventory/deep-research/apps/mostro-network-mostro-e68a770b,Research Source: Mostro,Library,Source inventory,Grundlagenartikel,brauchbar,1559,11,5,4,5,645,683,,Start -> what-is-nostr; People -> people; Apps -> apps/catalog; Relays -> relay-market-directory; NIPs -> nips/complete-index; Privacy -> privacy-security; Wallets -> nip-47-wallet-connect; Media -> music-video-media; Commerce -> content-sale; Governance -> dao-governance; Crays -> nostr-and-crays; Library -> archive-library,,,0,,,Research Source: Mostro,0,,1,Research Source: Mostro,29,0,0,P3,gezielte redaktionelle Politur und Quellenabgleich
https://www.crays.org/nostr/source-inventory/deep-research/apps/nogringo-github-io-peridot-e69e81e7/,source-inventory/deep-research/apps/nogringo-github-io-peridot-e69e81e7,Research Source: Peridot,Library,Source inventory,Grundlagenartikel,brauchbar,1498,12,5,4,5,645,684,,Start -> what-is-nostr; People -> people; Apps -> apps/catalog; Relays -> relay-market-directory; NIPs -> nips/complete-index; Privacy -> privacy-security; Wallets -> nip-47-wallet-connect; Media -> music-video-media; Commerce -> content-sale; Governance -> dao-governance; Crays -> nostr-and-crays; Library -> archive-library,,,0,,,Research Source: Peridot,0,,1,Research Source: Peridot,23,0,0,P3,gezielte redaktionelle Politur und Quellenabgleich
https://www.crays.org/nostr/source-inventory/deep-research/apps/nos-social-nos-social-6fc330a8/,source-inventory/deep-research/apps/nos-social-nos-social-6fc330a8,Research Source: Nos Social,Library,Source inventory,Grundlagenartikel,brauchbar,1566,11,5,4,5,645,684,,Start -> what-is-nostr; People -> people; Apps -> apps/catalog; Relays -> relay-market-directory; NIPs -> nips/complete-index; Privacy -> privacy-security; Wallets -> nip-47-wallet-connect; Media -> music-video-media; Commerce -> content-sale; Governance -> dao-governance; Crays -> nostr-and-crays; Library -> archive-library,,,0,,,Research Source: Nos Social,0,,1,Research Source: Nos Social,29,0,0,P3,gezielte redaktionelle Politur und Quellenabgleich
https://www.crays.org/nostr/source-inventory/deep-research/apps/nostorg-github-io-nostorg-feature-matrix-fc740d64/,source-inventory/deep-research/apps/nostorg-github-io-nostorg-feature-matrix-fc740d64,Research Source: Nostorg Feature Matrix,Library,Source inventory,Grundlagenartikel,brauchbar,1485,11,5,4,5,646,682,,Start -> what-is-nostr; People -> people; Apps -> apps/catalog; Relays -> relay-market-directory; NIPs -> nips/complete-index; Privacy -> privacy-security; Wallets -> nip-47-wallet-connect; Media -> music-video-media; Commerce -> content-sale; Governance -> dao-governance; Crays -> nostr-and-crays; Library -> archive-library,,,0,,,Research Source: Nostorg Feature Matrix,0,,1,Research Source: Nostorg Feature Matrix,25,0,0,P3,gezielte redaktionelle Politur und Quellenabgleich
https://www.crays.org/nostr/source-inventory/deep-research/apps/nostr-co-uk-nostr-co-uk-clients-0b579ed5/,source-inventory/deep-research/apps/nostr-co-uk-nostr-co-uk-clients-0b579ed5,Research Source: nostr.co.uk Clients,Library,Source inventory,Grundlagenartikel,brauchbar,1718,10,5,4,5,645,683,,Start -> what-is-nostr; People -> people; Apps -> apps/catalog; Relays -> relay-market-directory; NIPs -> nips/complete-index; Privacy -> privacy-security; Wallets -> nip-47-wallet-connect; Media -> music-video-media; Commerce -> content-sale; Governance -> dao-governance; Crays -> nostr-and-crays; Library -> archive-library,,,0,,,Research Source: nostr.co.uk Clients,0,,1,Research Source: nostr.co.uk Clients,40,0,0,P3,gezielte redaktionelle Politur und Quellenabgleich
https://www.crays.org/nostr/source-inventory/deep-research/apps/nostr-how-nostr-how-clients-6892554f/,source-inventory/deep-research/apps/nostr-how-nostr-how-clients-6892554f,Research Source: Nostr.how — Clients,Library,Source inventory,Grundlagenartikel,brauchbar,1569,12,5,4,5,645,682,,Start -> what-is-nostr; People -> people; Apps -> apps/catalog; Relays -> relay-market-directory; NIPs -> nips/complete-index; Privacy -> privacy-security; Wallets -> nip-47-wallet-connect; Media -> music-video-media; Commerce -> content-sale; Governance -> dao-governance; Crays -> nostr-and-crays; Library -> archive-library,,,0,,,Research Source: Nostr.how — Clients,0,,1,Research Source: Nostr.how — Clients,23,0,0,P3,gezielte redaktionelle Politur und Quellenabgleich
https://www.crays.org/nostr/source-inventory/deep-research/apps/nostrapps-com-0xchat-nostrapps-page-7cf5856e/,source-inventory/deep-research/apps/nostrapps-com-0xchat-nostrapps-page-7cf5856e,Research Source: 0xchat — NostrApps page,Library,Source inventory,Grundlagenartikel,brauchbar,1547,12,5,4,5,645,683,,Start -> what-is-nostr; People -> people; Apps -> apps/catalog; Relays -> relay-market-directory; NIPs -> nips/complete-index; Privacy -> privacy-security; Wallets -> nip-47-wallet-connect; Media -> music-video-media; Commerce -> content-sale; Governance -> dao-governance; Crays -> nostr-and-crays; Library -> archive-library,,,0,,,Research Source: 0xchat — NostrApps page,0,,1,Research Source: 0xchat — NostrApps page,23,0,0,P3,gezielte redaktionelle Politur und Quellenabgleich
https://www.crays.org/nostr/source-inventory/deep-research/apps/nostrapps-com-aegis-nostrapps-page-6ff6a41b/,source-inventory/deep-research/apps/nostrapps-com-aegis-nostrapps-page-6ff6a41b,Research Source: Aegis — NostrApps page,Library,Source inventory,Grundlagenartikel,brauchbar,1545,12,5,4,5,645,683,,Start -> what-is-nostr; People -> people; Apps -> apps/catalog; Relays -> relay-market-directory; NIPs -> nips/complete-index; Privacy -> privacy-security; Wallets -> nip-47-wallet-connect; Media -> music-video-media; Commerce -> content-sale; Governance -> dao-governance; Crays -> nostr-and-crays; Library -> archive-library,,,0,,,Research Source: Aegis — NostrApps page,0,,1,Research Source: Aegis — NostrApps page,23,0,0,P3,gezielte redaktionelle Politur und Quellenabgleich
https://www.crays.org/nostr/source-inventory/deep-research/apps/nostrapps-com-alby-nostrapps-page-8dcd6c1f/,source-inventory/deep-research/apps/nostrapps-com-alby-nostrapps-page-8dcd6c1f,Research Source: Alby — NostrApps page,Library,Source inventory,Grundlagenartikel,brauchbar,1547,12,5,4,5,645,683,,Start -> what-is-nostr; People -> people; Apps -> apps/catalog; Relays -> relay-market-directory; NIPs -> nips/complete-index; Privacy -> privacy-security; Wallets -> nip-47-wallet-connect; Media -> music-video-media; Commerce -> content-sale; Governance -> dao-governance; Crays -> nostr-and-crays; Library -> archive-library,,,0,,,Research Source: Alby — NostrApps page,0,,1,Research Source: Alby — NostrApps page,23,0,0,P3,gezielte redaktionelle Politur und Quellenabgleich
https://www.crays.org/nostr/source-inventory/deep-research/apps/nostrapps-com-amber-nostrapps-page-9dceb8f2/,source-inventory/deep-research/apps/nostrapps-com-amber-nostrapps-page-9dceb8f2,Research Source: Amber — NostrApps page,Library,Source inventory,Grundlagenartikel,brauchbar,1545,12,5,4,5,645,683,,Start -> what-is-nostr; People -> people; Apps -> apps/catalog; Relays -> relay-market-directory; NIPs -> nips/complete-index; Privacy -> privacy-security; Wallets -> nip-47-wallet-connect; Media -> music-video-media; Commerce -> content-sale; Governance -> dao-governance; Crays -> nostr-and-crays; Library -> archive-library,,,0,,,Research Source: Amber — NostrApps page,0,,1,Research Source: Amber — NostrApps page,23,0,0,P3,gezielte redaktionelle Politur und Quellenabgleich
https://www.crays.org/nostr/source-inventory/deep-research/apps/nostrapps-com-boris-nostrapps-page-616f4dc3/,source-inventory/deep-research/apps/nostrapps-com-boris-nostrapps-page-616f4dc3,Research Source: Boris — NostrApps page,Library,Source inventory,Grundlagenartikel,brauchbar,1547,12,5,4,5,645,683,,Start -> what-is-nostr; People -> people; Apps -> apps/catalog; Relays -> relay-market-directory; NIPs -> nips/complete-index; Privacy -> privacy-security; Wallets -> nip-47-wallet-connect; Media -> music-video-media; Commerce -> content-sale; Governance -> dao-governance; Crays -> nostr-and-crays; Library -> archive-library,,,0,,,Research Source: Boris — NostrApps page,0,,1,Research Source: Boris — NostrApps page,23,0,0,P3,gezielte redaktionelle Politur und Quellenabgleich
https://www.crays.org/nostr/source-inventory/deep-research/apps/nostrapps-com-bouquet-nostrapps-page-b0c684eb/,source-inventory/deep-research/apps/nostrapps-com-bouquet-nostrapps-page-b0c684eb,Research Source: Bouquet — NostrApps page,Library,Source inventory,Grundlagenartikel,brauchbar,1547,12,5,4,5,645,683,,Start -> what-is-nostr; People -> people; Apps -> apps/catalog; Relays -> relay-market-directory; NIPs -> nips/complete-index; Privacy -> privacy-security; Wallets -> nip-47-wallet-connect; Media -> music-video-media; Commerce -> content-sale; Governance -> dao-governance; Crays -> nostr-and-crays; Library -> archive-library,,,0,,,Research Source: Bouquet — NostrApps page,0,,1,Research Source: Bouquet — NostrApps page,23,0,0,P3,gezielte redaktionelle Politur und Quellenabgleich
https://www.crays.org/nostr/source-inventory/deep-research/apps/nostrapps-com-chachi-nostrapps-page-38035af0/,source-inventory/deep-research/apps/nostrapps-com-chachi-nostrapps-page-38035af0,Research Source: Chachi — NostrApps page,Library,Source inventory,Grundlagenartikel,brauchbar,1547,12,5,4,5,645,683,,Start -> what-is-nostr; People -> people; Apps -> apps/catalog; Relays -> relay-market-directory; NIPs -> nips/complete-index; Privacy -> privacy-security; Wallets -> nip-47-wallet-connect; Media -> music-video-media; Commerce -> content-sale; Governance -> dao-governance; Crays -> nostr-and-crays; Library -> archive-library,,,0,,,Research Source: Chachi — NostrApps page,0,,1,Research Source: Chachi — NostrApps page,23,0,0,P3,gezielte redaktionelle Politur und Quellenabgleich
https://www.crays.org/nostr/source-inventory/deep-research/apps/nostrapps-com-coracle-nostrapps-page-48b864da/,source-inventory/deep-research/apps/nostrapps-com-coracle-nostrapps-page-48b864da,Research Source: Coracle — NostrApps page,Library,Source inventory,Grundlagenartikel,brauchbar,1547,12,5,4,5,645,683,,Start -> what-is-nostr; People -> people; Apps -> apps/catalog; Relays -> relay-market-directory; NIPs -> nips/complete-index; Privacy -> privacy-security; Wallets -> nip-47-wallet-connect; Media -> music-video-media; Commerce -> content-sale; Governance -> dao-governance; Crays -> nostr-and-crays; Library -> archive-library,,,0,,,Research Source: Coracle — NostrApps page,0,,1,Research Source: Coracle — NostrApps page,23,0,0,P3,gezielte redaktionelle Politur und Quellenabgleich
https://www.crays.org/nostr/source-inventory/deep-research/apps/nostrapps-com-damus-nostrapps-page-51527fe9/,source-inventory/deep-research/apps/nostrapps-com-damus-nostrapps-page-51527fe9,Research Source: Damus — NostrApps page,Library,Source inventory,Grundlagenartikel,brauchbar,1547,12,5,4,5,645,682,,Start -> what-is-nostr; People -> people; Apps -> apps/catalog; Relays -> relay-market-directory; NIPs -> nips/complete-index; Privacy -> privacy-security; Wallets -> nip-47-wallet-connect; Media -> music-video-media; Commerce -> content-sale; Governance -> dao-governance; Crays -> nostr-and-crays; Library -> archive-library,,,0,,,Research Source: Damus — NostrApps page,0,,1,Research Source: Damus — NostrApps page,23,0,0,P3,gezielte redaktionelle Politur und Quellenabgleich
https://www.crays.org/nostr/source-inventory/deep-research/apps/nostrapps-com-ditto-nostrapps-page-5c20d673/,source-inventory/deep-research/apps/nostrapps-com-ditto-nostrapps-page-5c20d673,Research Source: Ditto — NostrApps page,Library,Source inventory,Grundlagenartikel,brauchbar,1547,12,5,4,5,645,683,,Start -> what-is-nostr; People -> people; Apps -> apps/catalog; Relays -> relay-market-directory; NIPs -> nips/complete-index; Privacy -> privacy-security; Wallets -> nip-47-wallet-connect; Media -> music-video-media; Commerce -> content-sale; Governance -> dao-governance; Crays -> nostr-and-crays; Library -> archive-library,,,0,,,Research Source: Ditto — NostrApps page,0,,1,Research Source: Ditto — NostrApps page,23,0,0,P3,gezielte redaktionelle Politur und Quellenabgleich
https://www.crays.org/nostr/source-inventory/deep-research/apps/nostrapps-com-dtan-nostrapps-page-27457f2f/,source-inventory/deep-research/apps/nostrapps-com-dtan-nostrapps-page-27457f2f,Research Source: DTAN — NostrApps page,Library,Source inventory,Grundlagenartikel,brauchbar,1545,12,5,4,5,645,683,,Start -> what-is-nostr; People -> people; Apps -> apps/catalog; Relays -> relay-market-directory; NIPs -> nips/complete-index; Privacy -> privacy-security; Wallets -> nip-47-wallet-connect; Media -> music-video-media; Commerce -> content-sale; Governance -> dao-governance; Crays -> nostr-and-crays; Library -> archive-library,,,0,,,Research Source: DTAN — NostrApps page,0,,1,Research Source: DTAN — NostrApps page,23,0,0,P3,gezielte redaktionelle Politur und Quellenabgleich
https://www.crays.org/nostr/source-inventory/deep-research/apps/nostrapps-com-emojito-nostrapps-page-a77bc428/,source-inventory/deep-research/apps/nostrapps-com-emojito-nostrapps-page-a77bc428,Research Source: Emojito — NostrApps page,Library,Source inventory,Grundlagenartikel,brauchbar,1545,12,5,4,5,645,683,,Start -> what-is-nostr; People -> people; Apps -> apps/catalog; Relays -> relay-market-directory; NIPs -> nips/complete-index; Privacy -> privacy-security; Wallets -> nip-47-wallet-connect; Media -> music-video-media; Commerce -> content-sale; Governance -> dao-governance; Crays -> nostr-and-crays; Library -> archive-library,,,0,,,Research Source: Emojito — NostrApps page,0,,1,Research Source: Emojito — NostrApps page,23,0,0,P3,gezielte redaktionelle Politur und Quellenabgleich
https://www.crays.org/nostr/source-inventory/deep-research/apps/nostrapps-com-flotilla-nostrapps-page-3f60537c/,source-inventory/deep-research/apps/nostrapps-com-flotilla-nostrapps-page-3f60537c,Research Source: Flotilla — NostrApps page,Library,Source inventory,Grundlagenartikel,brauchbar,1545,12,5,4,5,645,683,,Start -> what-is-nostr; People -> people; Apps -> apps/catalog; Relays -> relay-market-directory; NIPs -> nips/complete-index; Privacy -> privacy-security; Wallets -> nip-47-wallet-connect; Media -> music-video-media; Commerce -> content-sale; Governance -> dao-governance; Crays -> nostr-and-crays; Library -> archive-library,,,0,,,Research Source: Flotilla — NostrApps page,0,,1,Research Source: Flotilla — NostrApps page,23,0,0,P3,gezielte redaktionelle Politur und Quellenabgleich
https://www.crays.org/nostr/source-inventory/deep-research/apps/nostrapps-com-formstr-nostrapps-page-7c538edb/,source-inventory/deep-research/apps/nostrapps-com-formstr-nostrapps-page-7c538edb,Research Source: Formstr — NostrApps page,Library,Source inventory,Grundlagenartikel,brauchbar,1545,12,5,4,5,645,683,,Start -> what-is-nostr; People -> people; Apps -> apps/catalog; Relays -> relay-market-directory; NIPs -> nips/complete-index; Privacy -> privacy-security; Wallets -> nip-47-wallet-connect; Media -> music-video-media; Commerce -> content-sale; Governance -> dao-governance; Crays -> nostr-and-crays; Library -> archive-library,,,0,,,Research Source: Formstr — NostrApps page,0,,1,Research Source: Formstr — NostrApps page,23,0,0,P3,gezielte redaktionelle Politur und Quellenabgleich
https://www.crays.org/nostr/source-inventory/deep-research/apps/nostrapps-com-freefrom-nostrapps-page-32806e00/,source-inventory/deep-research/apps/nostrapps-com-freefrom-nostrapps-page-32806e00,Research Source: FreeFrom — NostrApps page,Library,Source inventory,Grundlagenartikel,brauchbar,1547,12,5,4,5,645,683,,Start -> what-is-nostr; People -> people; Apps -> apps/catalog; Relays -> relay-market-directory; NIPs -> nips/complete-index; Privacy -> privacy-security; Wallets -> nip-47-wallet-connect; Media -> music-video-media; Commerce -> content-sale; Governance -> dao-governance; Crays -> nostr-and-crays; Library -> archive-library,,,0,,,Research Source: FreeFrom — NostrApps page,0,,1,Research Source: FreeFrom — NostrApps page,23,0,0,P3,gezielte redaktionelle Politur und Quellenabgleich
https://www.crays.org/nostr/source-inventory/deep-research/apps/nostrapps-com-futr-nostrapps-page-187e5549/,source-inventory/deep-research/apps/nostrapps-com-futr-nostrapps-page-187e5549,Research Source: futr — NostrApps page,Library,Source inventory,Grundlagenartikel,brauchbar,1545,12,5,4,5,645,683,,Start -> what-is-nostr; People -> people; Apps -> apps/catalog; Relays -> relay-market-directory; NIPs -> nips/complete-index; Privacy -> privacy-security; Wallets -> nip-47-wallet-connect; Media -> music-video-media; Commerce -> content-sale; Governance -> dao-governance; Crays -> nostr-and-crays; Library -> archive-library,,,0,,,Research Source: futr — NostrApps page,0,,1,Research Source: futr — NostrApps page,23,0,0,P3,gezielte redaktionelle Politur und Quellenabgleich
https://www.crays.org/nostr/source-inventory/deep-research/apps/nostrapps-com-gif-buddy-nostrapps-page-895c67ce/,source-inventory/deep-research/apps/nostrapps-com-gif-buddy-nostrapps-page-895c67ce,Research Source: GIF Buddy — NostrApps page,Library,Source inventory,Grundlagenartikel,brauchbar,1574,12,5,4,5,645,684,,Start -> what-is-nostr; People -> people; Apps -> apps/catalog; Relays -> relay-market-directory; NIPs -> nips/complete-index; Privacy -> privacy-security; Wallets -> nip-47-wallet-connect; Media -> music-video-media; Commerce -> content-sale; Governance -> dao-governance; Crays -> nostr-and-crays; Library -> archive-library,,,0,,,Research Source: GIF Buddy — NostrApps page,0,,1,Research Source: GIF Buddy — NostrApps page,23,0,0,P3,gezielte redaktionelle Politur und Quellenabgleich
https://www.crays.org/nostr/source-inventory/deep-research/apps/nostrapps-com-gossip-nostrapps-page-8654003a/,source-inventory/deep-research/apps/nostrapps-com-gossip-nostrapps-page-8654003a,Research Source: Gossip — NostrApps page,Library,Source inventory,Grundlagenartikel,brauchbar,1547,12,5,4,5,645,683,,Start -> what-is-nostr; People -> people; Apps -> apps/catalog; Relays -> relay-market-directory; NIPs -> nips/complete-index; Privacy -> privacy-security; Wallets -> nip-47-wallet-connect; Media -> music-video-media; Commerce -> content-sale; Governance -> dao-governance; Crays -> nostr-and-crays; Library -> archive-library,,,0,,,Research Source: Gossip — NostrApps page,0,,1,Research Source: Gossip — NostrApps page,23,0,0,P3,gezielte redaktionelle Politur und Quellenabgleich
https://www.crays.org/nostr/source-inventory/deep-research/apps/nostrapps-com-grimoire-nostrapps-page-b6a150de/,source-inventory/deep-research/apps/nostrapps-com-grimoire-nostrapps-page-b6a150de,Research Source: Grimoire — NostrApps page,Library,Source inventory,Grundlagenartikel,brauchbar,1545,12,5,4,5,645,683,,Start -> what-is-nostr; People -> people; Apps -> apps/catalog; Relays -> relay-market-directory; NIPs -> nips/complete-index; Privacy -> privacy-security; Wallets -> nip-47-wallet-connect; Media -> music-video-media; Commerce -> content-sale; Governance -> dao-governance; Crays -> nostr-and-crays; Library -> archive-library,,,0,,,Research Source: Grimoire — NostrApps page,0,,1,Research Source: Grimoire — NostrApps page,23,0,0,P3,gezielte redaktionelle Politur und Quellenabgleich
https://www.crays.org/nostr/source-inventory/deep-research/apps/nostrapps-com-habla-nostrapps-page-b7a2e1dc/,source-inventory/deep-research/apps/nostrapps-com-habla-nostrapps-page-b7a2e1dc,Research Source: Habla — NostrApps page,Library,Source inventory,Grundlagenartikel,brauchbar,1547,12,5,4,5,645,683,,Start -> what-is-nostr; People -> people; Apps -> apps/catalog; Relays -> relay-market-directory; NIPs -> nips/complete-index; Privacy -> privacy-security; Wallets -> nip-47-wallet-connect; Media -> music-video-media; Commerce -> content-sale; Governance -> dao-governance; Crays -> nostr-and-crays; Library -> archive-library,,,0,,,Research Source: Habla — NostrApps page,0,,1,Research Source: Habla — NostrApps page,23,0,0,P3,gezielte redaktionelle Politur und Quellenabgleich
https://www.crays.org/nostr/source-inventory/deep-research/apps/nostrapps-com-iris-nostrapps-page-dec3ac3e/,source-inventory/deep-research/apps/nostrapps-com-iris-nostrapps-page-dec3ac3e,Research Source: Iris — NostrApps page,Library,Source inventory,Grundlagenartikel,brauchbar,1547,12,5,4,5,645,683,,Start -> what-is-nostr; People -> people; Apps -> apps/catalog; Relays -> relay-market-directory; NIPs -> nips/complete-index; Privacy -> privacy-security; Wallets -> nip-47-wallet-connect; Media -> music-video-media; Commerce -> content-sale; Governance -> dao-governance; Crays -> nostr-and-crays; Library -> archive-library,,,0,,,Research Source: Iris — NostrApps page,0,,1,Research Source: Iris — NostrApps page,23,0,0,P3,gezielte redaktionelle Politur und Quellenabgleich
https://www.crays.org/nostr/source-inventory/deep-research/apps/nostrapps-com-jumble-nostrapps-page-46d4483b/,source-inventory/deep-research/apps/nostrapps-com-jumble-nostrapps-page-46d4483b,Research Source: Jumble — NostrApps page,Library,Source inventory,Grundlagenartikel,brauchbar,1547,12,5,4,5,645,683,,Start -> what-is-nostr; People -> people; Apps -> apps/catalog; Relays -> relay-market-directory; NIPs -> nips/complete-index; Privacy -> privacy-security; Wallets -> nip-47-wallet-connect; Media -> music-video-media; Commerce -> content-sale; Governance -> dao-governance; Crays -> nostr-and-crays; Library -> archive-library,,,0,,,Research Source: Jumble — NostrApps page,0,,1,Research Source: Jumble — NostrApps page,23,0,0,P3,gezielte redaktionelle Politur und Quellenabgleich
https://www.crays.org/nostr/source-inventory/deep-research/apps/nostrapps-com-keys-band-nostrapps-page-8ae8029b/,source-inventory/deep-research/apps/nostrapps-com-keys-band-nostrapps-page-8ae8029b,Research Source: Keys Band — NostrApps page,Library,Source inventory,Grundlagenartikel,brauchbar,1574,12,5,4,5,645,683,,Start -> what-is-nostr; People -> people; Apps -> apps/catalog; Relays -> relay-market-directory; NIPs -> nips/complete-index; Privacy -> privacy-security; Wallets -> nip-47-wallet-connect; Media -> music-video-media; Commerce -> content-sale; Governance -> dao-governance; Crays -> nostr-and-crays; Library -> archive-library,,,0,,,Research Source: Keys Band — NostrApps page,0,,1,Research Source: Keys Band — NostrApps page,23,0,0,P3,gezielte redaktionelle Politur und Quellenabgleich
https://www.crays.org/nostr/source-inventory/deep-research/apps/nostrapps-com-narr-nostrapps-page-641f4fb9/,source-inventory/deep-research/apps/nostrapps-com-narr-nostrapps-page-641f4fb9,Research Source: Narr — NostrApps page,Library,Source inventory,Grundlagenartikel,brauchbar,1552,12,5,4,5,645,684,,Start -> what-is-nostr; People -> people; Apps -> apps/catalog; Relays -> relay-market-directory; NIPs -> nips/complete-index; Privacy -> privacy-security; Wallets -> nip-47-wallet-connect; Media -> music-video-media; Commerce -> content-sale; Governance -> dao-governance; Crays -> nostr-and-crays; Library -> archive-library,,,0,,,Research Source: Narr — NostrApps page,0,,1,Research Source: Narr — NostrApps page,23,0,0,P3,gezielte redaktionelle Politur und Quellenabgleich
https://www.crays.org/nostr/source-inventory/deep-research/apps/nostrapps-com-noflux-nostrapps-page-53f21455/,source-inventory/deep-research/apps/nostrapps-com-noflux-nostrapps-page-53f21455,Research Source: Noflux — NostrApps page,Library,Source inventory,Grundlagenartikel,brauchbar,1549,12,5,4,5,645,683,,Start -> what-is-nostr; People -> people; Apps -> apps/catalog; Relays -> relay-market-directory; NIPs -> nips/complete-index; Privacy -> privacy-security; Wallets -> nip-47-wallet-connect; Media -> music-video-media; Commerce -> content-sale; Governance -> dao-governance; Crays -> nostr-and-crays; Library -> archive-library,,,0,,,Research Source: Noflux — NostrApps page,0,,1,Research Source: Noflux — NostrApps page,23,0,0,P3,gezielte redaktionelle Politur und Quellenabgleich
https://www.crays.org/nostr/source-inventory/deep-research/apps/nostrapps-com-nos-social-nostrapps-page-672f11a3/,source-inventory/deep-research/apps/nostrapps-com-nos-social-nostrapps-page-672f11a3,Research Source: Nos Social — NostrApps page,Library,Source inventory,Grundlagenartikel,brauchbar,1574,12,5,4,5,645,683,,Start -> what-is-nostr; People -> people; Apps -> apps/catalog; Relays -> relay-market-directory; NIPs -> nips/complete-index; Privacy -> privacy-security; Wallets -> nip-47-wallet-connect; Media -> music-video-media; Commerce -> content-sale; Governance -> dao-governance; Crays -> nostr-and-crays; Library -> archive-library,,,0,,,Research Source: Nos Social — NostrApps page,0,,1,Research Source: Nos Social — NostrApps page,23,0,0,P3,gezielte redaktionelle Politur und Quellenabgleich
https://www.crays.org/nostr/source-inventory/deep-research/apps/nostrapps-com-nos2x-nostrapps-page-f4435caf/,source-inventory/deep-research/apps/nostrapps-com-nos2x-nostrapps-page-f4435caf,Research Source: nos2x — NostrApps page,Library,Source inventory,Grundlagenartikel,brauchbar,1545,12,5,4,5,645,683,,Start -> what-is-nostr; People -> people; Apps -> apps/catalog; Relays -> relay-market-directory; NIPs -> nips/complete-index; Privacy -> privacy-security; Wallets -> nip-47-wallet-connect; Media -> music-video-media; Commerce -> content-sale; Governance -> dao-governance; Crays -> nostr-and-crays; Library -> archive-library,,,0,,,Research Source: nos2x — NostrApps page,0,,1,Research Source: nos2x — NostrApps page,23,0,0,P3,gezielte redaktionelle Politur und Quellenabgleich
https://www.crays.org/nostr/source-inventory/deep-research/apps/nostrapps-com-nostr-nests-nostrapps-page-3f6fb6bc/,source-inventory/deep-research/apps/nostrapps-com-nostr-nests-nostrapps-page-3f6fb6bc,Research Source: Nostr Nests — NostrApps page,Library,Source inventory,Grundlagenartikel,brauchbar,1573,12,5,4,5,645,683,,Start -> what-is-nostr; People -> people; Apps -> apps/catalog; Relays -> relay-market-directory; NIPs -> nips/complete-index; Privacy -> privacy-security; Wallets -> nip-47-wallet-connect; Media -> music-video-media; Commerce -> content-sale; Governance -> dao-governance; Crays -> nostr-and-crays; Library -> archive-library,,,0,,,Research Source: Nostr Nests — NostrApps page,0,,1,Research Source: Nostr Nests — NostrApps page,23,0,0,P3,gezielte redaktionelle Politur und Quellenabgleich
https://www.crays.org/nostr/source-inventory/deep-research/apps/nostrapps-com-nostrapps-517ae103/,source-inventory/deep-research/apps/nostrapps-com-nostrapps-517ae103,Research Source: NostrApps,Library,Source inventory,Grundlagenartikel,brauchbar,1565,10,5,4,5,645,688,,Start -> what-is-nostr; People -> people; Apps -> apps/catalog; Relays -> relay-market-directory; NIPs -> nips/complete-index; Privacy -> privacy-security; Wallets -> nip-47-wallet-connect; Media -> music-video-media; Commerce -> content-sale; Governance -> dao-governance; Crays -> nostr-and-crays; Library -> archive-library,,,0,,,Research Source: NostrApps,0,,1,Research Source: NostrApps,40,0,0,P3,gezielte redaktionelle Politur und Quellenabgleich
https://www.crays.org/nostr/source-inventory/deep-research/apps/nostrapps-com-nostrapps-category-audio-f2d610b7/,source-inventory/deep-research/apps/nostrapps-com-nostrapps-category-audio-f2d610b7,Research Source: NostrApps category — Audio,Library,Source inventory,Grundlagenartikel,brauchbar,1559,12,5,4,5,645,688,,Start -> what-is-nostr; People -> people; Apps -> apps/catalog; Relays -> relay-market-directory; NIPs -> nips/complete-index; Privacy -> privacy-security; Wallets -> nip-47-wallet-connect; Media -> music-video-media; Commerce -> content-sale; Governance -> dao-governance; Crays -> nostr-and-crays; Library -> archive-library,,,0,,,Research Source: NostrApps category — Audio,0,,1,Research Source: NostrApps category — Audio,23,0,0,P3,gezielte redaktionelle Politur und Quellenabgleich
https://www.crays.org/nostr/source-inventory/deep-research/apps/nostrapps-com-nostrapps-category-career-6b574989/,source-inventory/deep-research/apps/nostrapps-com-nostrapps-category-career-6b574989,Research Source: NostrApps category — Career,Library,Source inventory,Grundlagenartikel,brauchbar,1560,12,5,4,5,645,688,,Start -> what-is-nostr; People -> people; Apps -> apps/catalog; Relays -> relay-market-directory; NIPs -> nips/complete-index; Privacy -> privacy-security; Wallets -> nip-47-wallet-connect; Media -> music-video-media; Commerce -> content-sale; Governance -> dao-governance; Crays -> nostr-and-crays; Library -> archive-library,,,0,,,Research Source: NostrApps category — Career,0,,1,Research Source: NostrApps category — Career,23,0,0,P3,gezielte redaktionelle Politur und Quellenabgleich
https://www.crays.org/nostr/source-inventory/deep-research/apps/nostrapps-com-nostrapps-category-community-2d5cda90/,source-inventory/deep-research/apps/nostrapps-com-nostrapps-category-community-2d5cda90,Research Source: NostrApps category — Community,Library,Source inventory,Grundlagenartikel,brauchbar,1562,12,5,4,5,645,689,,Start -> what-is-nostr; People -> people; Apps -> apps/catalog; Relays -> relay-market-directory; NIPs -> nips/complete-index; Privacy -> privacy-security; Wallets -> nip-47-wallet-connect; Media -> music-video-media; Commerce -> content-sale; Governance -> dao-governance; Crays -> nostr-and-crays; Library -> archive-library,,,0,,,Research Source: NostrApps category — Community,0,,1,Research Source: NostrApps category — Community,23,0,0,P3,gezielte redaktionelle Politur und Quellenabgleich
https://www.crays.org/nostr/source-inventory/deep-research/apps/nostrapps-com-nostrapps-category-curation-c8537cee/,source-inventory/deep-research/apps/nostrapps-com-nostrapps-category-curation-c8537cee,Research Source: NostrApps category — Curation,Library,Source inventory,Grundlagenartikel,brauchbar,1560,12,5,4,5,645,689,,Start -> what-is-nostr; People -> people; Apps -> apps/catalog; Relays -> relay-market-directory; NIPs -> nips/complete-index; Privacy -> privacy-security; Wallets -> nip-47-wallet-connect; Media -> music-video-media; Commerce -> content-sale; Governance -> dao-governance; Crays -> nostr-and-crays; Library -> archive-library,,,0,,,Research Source: NostrApps category — Curation,0,,1,Research Source: NostrApps category — Curation,23,0,0,P3,gezielte redaktionelle Politur und Quellenabgleich
https://www.crays.org/nostr/source-inventory/deep-research/apps/nostrapps-com-nostrapps-category-direct-message-7601da18/,source-inventory/deep-research/apps/nostrapps-com-nostrapps-category-direct-message-7601da18,Research Source: NostrApps category — Direct Message,Library,Source inventory,Grundlagenartikel,brauchbar,1585,12,5,4,5,645,688,,Start -> what-is-nostr; People -> people; Apps -> apps/catalog; Relays -> relay-market-directory; NIPs -> nips/complete-index; Privacy -> privacy-security; Wallets -> nip-47-wallet-connect; Media -> music-video-media; Commerce -> content-sale; Governance -> dao-governance; Crays -> nostr-and-crays; Library -> archive-library,,,0,,,Research Source: NostrApps category — Direct Message,0,,1,Research Source: NostrApps category — Direct Message,23,0,0,P3,gezielte redaktionelle Politur und Quellenabgleich
https://www.crays.org/nostr/source-inventory/deep-research/apps/nostrapps-com-nostrapps-category-discovery-39c7f2bb/,source-inventory/deep-research/apps/nostrapps-com-nostrapps-category-discovery-39c7f2bb,Research Source: NostrApps category — Discovery,Library,Source inventory,Grundlagenartikel,brauchbar,1560,12,5,4,5,645,688,,Start -> what-is-nostr; People -> people; Apps -> apps/catalog; Relays -> relay-market-directory; NIPs -> nips/complete-index; Privacy -> privacy-security; Wallets -> nip-47-wallet-connect; Media -> music-video-media; Commerce -> content-sale; Governance -> dao-governance; Crays -> nostr-and-crays; Library -> archive-library,,,0,,,Research Source: NostrApps category — Discovery,0,,1,Research Source: NostrApps category — Discovery,23,0,0,P3,gezielte redaktionelle Politur und Quellenabgleich
https://www.crays.org/nostr/source-inventory/deep-research/apps/nostrapps-com-nostrapps-category-file-sharing-e1b5e051/,source-inventory/deep-research/apps/nostrapps-com-nostrapps-category-file-sharing-e1b5e051,Research Source: NostrApps category — File Sharing,Library,Source inventory,Grundlagenartikel,brauchbar,1587,12,5,4,5,645,688,,Start -> what-is-nostr; People -> people; Apps -> apps/catalog; Relays -> relay-market-directory; NIPs -> nips/complete-index; Privacy -> privacy-security; Wallets -> nip-47-wallet-connect; Media -> music-video-media; Commerce -> content-sale; Governance -> dao-governance; Crays -> nostr-and-crays; Library -> archive-library,,,0,,,Research Source: NostrApps category — File Sharing,0,,1,Research Source: NostrApps category — File Sharing,23,0,0,P3,gezielte redaktionelle Politur und Quellenabgleich
https://www.crays.org/nostr/source-inventory/deep-research/apps/nostrapps-com-nostrapps-category-group-chat-9a5421e6/,source-inventory/deep-research/apps/nostrapps-com-nostrapps-category-group-chat-9a5421e6,Research Source: NostrApps category — Group Chat,Library,Source inventory,Grundlagenartikel,brauchbar,1586,12,5,4,5,645,688,,Start -> what-is-nostr; People -> people; Apps -> apps/catalog; Relays -> relay-market-directory; NIPs -> nips/complete-index; Privacy -> privacy-security; Wallets -> nip-47-wallet-connect; Media -> music-video-media; Commerce -> content-sale; Governance -> dao-governance; Crays -> nostr-and-crays; Library -> archive-library,,,0,,,Research Source: NostrApps category — Group Chat,0,,1,Research Source: NostrApps category — Group Chat,23,0,0,P3,gezielte redaktionelle Politur und Quellenabgleich
https://www.crays.org/nostr/source-inventory/deep-research/apps/nostrapps-com-nostrapps-category-meatspace-15baea95/,source-inventory/deep-research/apps/nostrapps-com-nostrapps-category-meatspace-15baea95,Research Source: NostrApps category — Meatspace,Library,Source inventory,Grundlagenartikel,brauchbar,1562,12,5,4,5,645,689,,Start -> what-is-nostr; People -> people; Apps -> apps/catalog; Relays -> relay-market-directory; NIPs -> nips/complete-index; Privacy -> privacy-security; Wallets -> nip-47-wallet-connect; Media -> music-video-media; Commerce -> content-sale; Governance -> dao-governance; Crays -> nostr-and-crays; Library -> archive-library,,,0,,,Research Source: NostrApps category — Meatspace,0,,1,Research Source: NostrApps category — Meatspace,23,0,0,P3,gezielte redaktionelle Politur und Quellenabgleich
https://www.crays.org/nostr/source-inventory/deep-research/apps/nostrapps-com-nostrapps-category-onboarding-6f6b0a62/,source-inventory/deep-research/apps/nostrapps-com-nostrapps-category-onboarding-6f6b0a62,Research Source: NostrApps category — Onboarding,Library,Source inventory,Grundlagenartikel,brauchbar,1559,12,5,4,5,645,689,,Start -> what-is-nostr; People -> people; Apps -> apps/catalog; Relays -> relay-market-directory; NIPs -> nips/complete-index; Privacy -> privacy-security; Wallets -> nip-47-wallet-connect; Media -> music-video-media; Commerce -> content-sale; Governance -> dao-governance; Crays -> nostr-and-crays; Library -> archive-library,,,0,,,Research Source: NostrApps category — Onboarding,0,,1,Research Source: NostrApps category — Onboarding,23,0,0,P3,gezielte redaktionelle Politur und Quellenabgleich
https://www.crays.org/nostr/source-inventory/deep-research/apps/nostrapps-com-nostrapps-category-signers-2380ba1e/,source-inventory/deep-research/apps/nostrapps-com-nostrapps-category-signers-2380ba1e,Research Source: NostrApps category — Signers,Library,Source inventory,Grundlagenartikel,brauchbar,1559,12,5,4,5,645,688,,Start -> what-is-nostr; People -> people; Apps -> apps/catalog; Relays -> relay-market-directory; NIPs -> nips/complete-index; Privacy -> privacy-security; Wallets -> nip-47-wallet-connect; Media -> music-video-media; Commerce -> content-sale; Governance -> dao-governance; Crays -> nostr-and-crays; Library -> archive-library,,,0,,,Research Source: NostrApps category — Signers,0,,1,Research Source: NostrApps category — Signers,23,0,0,P3,gezielte redaktionelle Politur und Quellenabgleich
https://www.crays.org/nostr/source-inventory/deep-research/apps/nostrapps-com-nostrapps-category-tools-19a70ae8/,source-inventory/deep-research/apps/nostrapps-com-nostrapps-category-tools-19a70ae8,Research Source: NostrApps category — Tools,Library,Source inventory,Grundlagenartikel,brauchbar,1560,12,5,4,5,645,689,,Start -> what-is-nostr; People -> people; Apps -> apps/catalog; Relays -> relay-market-directory; NIPs -> nips/complete-index; Privacy -> privacy-security; Wallets -> nip-47-wallet-connect; Media -> music-video-media; Commerce -> content-sale; Governance -> dao-governance; Crays -> nostr-and-crays; Library -> archive-library,,,0,,,Research Source: NostrApps category — Tools,0,,1,Research Source: NostrApps category — Tools,23,0,0,P3,gezielte redaktionelle Politur und Quellenabgleich
https://www.crays.org/nostr/source-inventory/deep-research/apps/nostrapps-com-nostree-nostrapps-page-93b64841/,source-inventory/deep-research/apps/nostrapps-com-nostree-nostrapps-page-93b64841,Research Source: Nostree — NostrApps page,Library,Source inventory,Grundlagenartikel,brauchbar,1547,12,5,4,5,645,683,,Start -> what-is-nostr; People -> people; Apps -> apps/catalog; Relays -> relay-market-directory; NIPs -> nips/complete-index; Privacy -> privacy-security; Wallets -> nip-47-wallet-connect; Media -> music-video-media; Commerce -> content-sale; Governance -> dao-governance; Crays -> nostr-and-crays; Library -> archive-library,,,0,,,Research Source: Nostree — NostrApps page,0,,1,Research Source: Nostree — NostrApps page,23,0,0,P3,gezielte redaktionelle Politur und Quellenabgleich
https://www.crays.org/nostr/source-inventory/deep-research/apps/nostrapps-com-nostria-nostrapps-page-b93d3250/,source-inventory/deep-research/apps/nostrapps-com-nostria-nostrapps-page-b93d3250,Research Source: Nostria — NostrApps page,Library,Source inventory,Grundlagenartikel,brauchbar,1547,12,5,4,5,645,683,,Start -> what-is-nostr; People -> people; Apps -> apps/catalog; Relays -> relay-market-directory; NIPs -> nips/complete-index; Privacy -> privacy-security; Wallets -> nip-47-wallet-connect; Media -> music-video-media; Commerce -> content-sale; Governance -> dao-governance; Crays -> nostr-and-crays; Library -> archive-library,,,0,,,Research Source: Nostria — NostrApps page,0,,1,Research Source: Nostria — NostrApps page,23,0,0,P3,gezielte redaktionelle Politur und Quellenabgleich
https://www.crays.org/nostr/source-inventory/deep-research/apps/nostrapps-com-nostrmo-nostrapps-page-1cf34d64/,source-inventory/deep-research/apps/nostrapps-com-nostrmo-nostrapps-page-1cf34d64,Research Source: Nostrmo — NostrApps page,Library,Source inventory,Grundlagenartikel,brauchbar,1547,12,5,4,5,645,683,,Start -> what-is-nostr; People -> people; Apps -> apps/catalog; Relays -> relay-market-directory; NIPs -> nips/complete-index; Privacy -> privacy-security; Wallets -> nip-47-wallet-connect; Media -> music-video-media; Commerce -> content-sale; Governance -> dao-governance; Crays -> nostr-and-crays; Library -> archive-library,,,0,,,Research Source: Nostrmo — NostrApps page,0,,1,Research Source: Nostrmo — NostrApps page,23,0,0,P3,gezielte redaktionelle Politur und Quellenabgleich
https://www.crays.org/nostr/source-inventory/deep-research/apps/nostrapps-com-nostrudel-nostrapps-page-87d83309/,source-inventory/deep-research/apps/nostrapps-com-nostrudel-nostrapps-page-87d83309,Research Source: noStrudel — NostrApps page,Library,Source inventory,Grundlagenartikel,brauchbar,1547,12,5,4,5,645,683,,Start -> what-is-nostr; People -> people; Apps -> apps/catalog; Relays -> relay-market-directory; NIPs -> nips/complete-index; Privacy -> privacy-security; Wallets -> nip-47-wallet-connect; Media -> music-video-media; Commerce -> content-sale; Governance -> dao-governance; Crays -> nostr-and-crays; Library -> archive-library,,,0,,,Research Source: noStrudel — NostrApps page,0,,1,Research Source: noStrudel — NostrApps page,23,0,0,P3,gezielte redaktionelle Politur und Quellenabgleich
https://www.crays.org/nostr/source-inventory/deep-research/apps/nostrapps-com-nostur-nostrapps-page-6cf1818b/,source-inventory/deep-research/apps/nostrapps-com-nostur-nostrapps-page-6cf1818b,Research Source: Nostur — NostrApps page,Library,Source inventory,Grundlagenartikel,brauchbar,1547,12,5,4,5,645,683,,Start -> what-is-nostr; People -> people; Apps -> apps/catalog; Relays -> relay-market-directory; NIPs -> nips/complete-index; Privacy -> privacy-security; Wallets -> nip-47-wallet-connect; Media -> music-video-media; Commerce -> content-sale; Governance -> dao-governance; Crays -> nostr-and-crays; Library -> archive-library,,,0,,,Research Source: Nostur — NostrApps page,0,,1,Research Source: Nostur — NostrApps page,23,0,0,P3,gezielte redaktionelle Politur und Quellenabgleich
https://www.crays.org/nostr/source-inventory/deep-research/apps/nostrapps-com-nstart-me-nostrapps-page-de558643/,source-inventory/deep-research/apps/nostrapps-com-nstart-me-nostrapps-page-de558643,Research Source: Nstart.me — NostrApps page,Library,Source inventory,Grundlagenartikel,brauchbar,1572,12,5,4,5,645,684,,Start -> what-is-nostr; People -> people; Apps -> apps/catalog; Relays -> relay-market-directory; NIPs -> nips/complete-index; Privacy -> privacy-security; Wallets -> nip-47-wallet-connect; Media -> music-video-media; Commerce -> content-sale; Governance -> dao-governance; Crays -> nostr-and-crays; Library -> archive-library,,,0,,,Research Source: Nstart.me — NostrApps page,0,,1,Research Source: Nstart.me — NostrApps page,23,0,0,P3,gezielte redaktionelle Politur und Quellenabgleich
https://www.crays.org/nostr/source-inventory/deep-research/apps/nostrapps-com-obsidian-nostr-writer-nostrapps-page-7fc77597/,source-inventory/deep-research/apps/nostrapps-com-obsidian-nostr-writer-nostrapps-page-7fc77597,Research Source: Obsidian Nostr Writer — NostrApps page,Library,Source inventory,Grundlagenartikel,brauchbar,1602,12,5,4,5,645,683,,Start -> what-is-nostr; People -> people; Apps -> apps/catalog; Relays -> relay-market-directory; NIPs -> nips/complete-index; Privacy -> privacy-security; Wallets -> nip-47-wallet-connect; Media -> music-video-media; Commerce -> content-sale; Governance -> dao-governance; Crays -> nostr-and-crays; Library -> archive-library,,,0,,,Research Source: Obsidian Nostr Writer — NostrApps page,0,,1,Research Source: Obsidian Nostr Writer — NostrApps page,23,0,0,P3,gezielte redaktionelle Politur und Quellenabgleich
https://www.crays.org/nostr/source-inventory/deep-research/apps/nostrapps-com-olas-nostrapps-page-f1f54a28/,source-inventory/deep-research/apps/nostrapps-com-olas-nostrapps-page-f1f54a28,Research Source: Olas — NostrApps page,Library,Source inventory,Grundlagenartikel,brauchbar,1547,12,5,4,5,645,684,,Start -> what-is-nostr; People -> people; Apps -> apps/catalog; Relays -> relay-market-directory; NIPs -> nips/complete-index; Privacy -> privacy-security; Wallets -> nip-47-wallet-connect; Media -> music-video-media; Commerce -> content-sale; Governance -> dao-governance; Crays -> nostr-and-crays; Library -> archive-library,,,0,,,Research Source: Olas — NostrApps page,0,,1,Research Source: Olas — NostrApps page,23,0,0,P3,gezielte redaktionelle Politur und Quellenabgleich
https://www.crays.org/nostr/source-inventory/deep-research/apps/nostrapps-com-oracolo-nostrapps-page-73d9fc57/,source-inventory/deep-research/apps/nostrapps-com-oracolo-nostrapps-page-73d9fc57,Research Source: Oracolo — NostrApps page,Library,Source inventory,Grundlagenartikel,brauchbar,1547,12,5,4,5,645,683,,Start -> what-is-nostr; People -> people; Apps -> apps/catalog; Relays -> relay-market-directory; NIPs -> nips/complete-index; Privacy -> privacy-security; Wallets -> nip-47-wallet-connect; Media -> music-video-media; Commerce -> content-sale; Governance -> dao-governance; Crays -> nostr-and-crays; Library -> archive-library,,,0,,,Research Source: Oracolo — NostrApps page,0,,1,Research Source: Oracolo — NostrApps page,23,0,0,P3,gezielte redaktionelle Politur und Quellenabgleich
https://www.crays.org/nostr/source-inventory/deep-research/apps/nostrapps-com-peridot-nostrapps-page-a2a41822/,source-inventory/deep-research/apps/nostrapps-com-peridot-nostrapps-page-a2a41822,Research Source: Peridot — NostrApps page,Library,Source inventory,Grundlagenartikel,brauchbar,1545,12,5,4,5,645,683,,Start -> what-is-nostr; People -> people; Apps -> apps/catalog; Relays -> relay-market-directory; NIPs -> nips/complete-index; Privacy -> privacy-security; Wallets -> nip-47-wallet-connect; Media -> music-video-media; Commerce -> content-sale; Governance -> dao-governance; Crays -> nostr-and-crays; Library -> archive-library,,,0,,,Research Source: Peridot — NostrApps page,0,,1,Research Source: Peridot — NostrApps page,23,0,0,P3,gezielte redaktionelle Politur und Quellenabgleich
https://www.crays.org/nostr/source-inventory/deep-research/apps/nostrapps-com-phoenix-nostrapps-page-7002b1ed/,source-inventory/deep-research/apps/nostrapps-com-phoenix-nostrapps-page-7002b1ed,Research Source: Phoenix — NostrApps page,Library,Source inventory,Grundlagenartikel,brauchbar,1547,12,5,4,5,645,683,,Start -> what-is-nostr; People -> people; Apps -> apps/catalog; Relays -> relay-market-directory; NIPs -> nips/complete-index; Privacy -> privacy-security; Wallets -> nip-47-wallet-connect; Media -> music-video-media; Commerce -> content-sale; Governance -> dao-governance; Crays -> nostr-and-crays; Library -> archive-library,,,0,,,Research Source: Phoenix — NostrApps page,0,,1,Research Source: Phoenix — NostrApps page,23,0,0,P3,gezielte redaktionelle Politur und Quellenabgleich
https://www.crays.org/nostr/source-inventory/deep-research/apps/nostrapps-com-plebeian-market-nostrapps-page-41156825/,source-inventory/deep-research/apps/nostrapps-com-plebeian-market-nostrapps-page-41156825,Research Source: Plebeian Market — NostrApps page,Library,Source inventory,Grundlagenartikel,brauchbar,1572,12,5,4,5,645,684,,Start -> what-is-nostr; People -> people; Apps -> apps/catalog; Relays -> relay-market-directory; NIPs -> nips/complete-index; Privacy -> privacy-security; Wallets -> nip-47-wallet-connect; Media -> music-video-media; Commerce -> content-sale; Governance -> dao-governance; Crays -> nostr-and-crays; Library -> archive-library,,,0,,,Research Source: Plebeian Market — NostrApps page,0,,1,Research Source: Plebeian Market — NostrApps page,23,0,0,P3,gezielte redaktionelle Politur und Quellenabgleich
https://www.crays.org/nostr/source-inventory/deep-research/apps/nostrapps-com-primal-nostrapps-page-13605d51/,source-inventory/deep-research/apps/nostrapps-com-primal-nostrapps-page-13605d51,Research Source: Primal — NostrApps page,Library,Source inventory,Grundlagenartikel,brauchbar,1547,12,5,4,5,645,682,,Start -> what-is-nostr; People -> people; Apps -> apps/catalog; Relays -> relay-market-directory; NIPs -> nips/complete-index; Privacy -> privacy-security; Wallets -> nip-47-wallet-connect; Media -> music-video-media; Commerce -> content-sale; Governance -> dao-governance; Crays -> nostr-and-crays; Library -> archive-library,,,0,,,Research Source: Primal — NostrApps page,0,,1,Research Source: Primal — NostrApps page,23,0,0,P3,gezielte redaktionelle Politur und Quellenabgleich
https://www.crays.org/nostr/source-inventory/deep-research/apps/nostrapps-com-relay-tools-nostrapps-page-6fdca2a3/,source-inventory/deep-research/apps/nostrapps-com-relay-tools-nostrapps-page-6fdca2a3,Research Source: Relay Tools — NostrApps page,Library,Source inventory,Grundlagenartikel,brauchbar,1572,12,5,4,5,645,684,,Start -> what-is-nostr; People -> people; Apps -> apps/catalog; Relays -> relay-market-directory; NIPs -> nips/complete-index; Privacy -> privacy-security; Wallets -> nip-47-wallet-connect; Media -> music-video-media; Commerce -> content-sale; Governance -> dao-governance; Crays -> nostr-and-crays; Library -> archive-library,,,0,,,Research Source: Relay Tools — NostrApps page,0,,1,Research Source: Relay Tools — NostrApps page,23,0,0,P3,gezielte redaktionelle Politur und Quellenabgleich
https://www.crays.org/nostr/source-inventory/deep-research/apps/nostrapps-com-shakespeare-nostrapps-page-b2a56736/,source-inventory/deep-research/apps/nostrapps-com-shakespeare-nostrapps-page-b2a56736,Research Source: Shakespeare — NostrApps page,Library,Source inventory,Grundlagenartikel,brauchbar,1545,12,5,4,5,645,683,,Start -> what-is-nostr; People -> people; Apps -> apps/catalog; Relays -> relay-market-directory; NIPs -> nips/complete-index; Privacy -> privacy-security; Wallets -> nip-47-wallet-connect; Media -> music-video-media; Commerce -> content-sale; Governance -> dao-governance; Crays -> nostr-and-crays; Library -> archive-library,,,0,,,Research Source: Shakespeare — NostrApps page,0,,1,Research Source: Shakespeare — NostrApps page,23,0,0,P3,gezielte redaktionelle Politur und Quellenabgleich
https://www.crays.org/nostr/source-inventory/deep-research/apps/nostrapps-com-shopstr-nostrapps-page-8faf5d20/,source-inventory/deep-research/apps/nostrapps-com-shopstr-nostrapps-page-8faf5d20,Research Source: Shopstr — NostrApps page,Library,Source inventory,Grundlagenartikel,brauchbar,1545,12,5,4,5,645,684,,Start -> what-is-nostr; People -> people; Apps -> apps/catalog; Relays -> relay-market-directory; NIPs -> nips/complete-index; Privacy -> privacy-security; Wallets -> nip-47-wallet-connect; Media -> music-video-media; Commerce -> content-sale; Governance -> dao-governance; Crays -> nostr-and-crays; Library -> archive-library,,,0,,,Research Source: Shopstr — NostrApps page,0,,1,Research Source: Shopstr — NostrApps page,23,0,0,P3,gezielte redaktionelle Politur und Quellenabgleich
https://www.crays.org/nostr/source-inventory/deep-research/apps/nostrapps-com-wikifreedia-nostrapps-page-061ae056/,source-inventory/deep-research/apps/nostrapps-com-wikifreedia-nostrapps-page-061ae056,Research Source: Wikifreedia — NostrApps page,Library,Source inventory,Grundlagenartikel,brauchbar,1547,12,5,4,5,645,683,,Start -> what-is-nostr; People -> people; Apps -> apps/catalog; Relays -> relay-market-directory; NIPs -> nips/complete-index; Privacy -> privacy-security; Wallets -> nip-47-wallet-connect; Media -> music-video-media; Commerce -> content-sale; Governance -> dao-governance; Crays -> nostr-and-crays; Library -> archive-library,,,0,,,Research Source: Wikifreedia — NostrApps page,0,,1,Research Source: Wikifreedia — NostrApps page,23,0,0,P3,gezielte redaktionelle Politur und Quellenabgleich
https://www.crays.org/nostr/source-inventory/deep-research/apps/nostrapps-com-wikistr-nostrapps-page-70b7149a/,source-inventory/deep-research/apps/nostrapps-com-wikistr-nostrapps-page-70b7149a,Research Source: Wikistr — NostrApps page,Library,Source inventory,Grundlagenartikel,brauchbar,1547,12,5,4,5,645,683,,Start -> what-is-nostr; People -> people; Apps -> apps/catalog; Relays -> relay-market-directory; NIPs -> nips/complete-index; Privacy -> privacy-security; Wallets -> nip-47-wallet-connect; Media -> music-video-media; Commerce -> content-sale; Governance -> dao-governance; Crays -> nostr-and-crays; Library -> archive-library,,,0,,,Research Source: Wikistr — NostrApps page,0,,1,Research Source: Wikistr — NostrApps page,23,0,0,P3,gezielte redaktionelle Politur und Quellenabgleich
https://www.crays.org/nostr/source-inventory/deep-research/apps/nostrapps-com-yakihonne-mobile-web-app-directory-e8e2ea77/,source-inventory/deep-research/apps/nostrapps-com-yakihonne-mobile-web-app-directory-e8e2ea77,Research Source: YakiHonne mobile/web app directory,Library,Source inventory,Grundlagenartikel,brauchbar,1519,11,5,4,5,646,683,,Start -> what-is-nostr; People -> people; Apps -> apps/catalog; Relays -> relay-market-directory; NIPs -> nips/complete-index; Privacy -> privacy-security; Wallets -> nip-47-wallet-connect; Media -> music-video-media; Commerce -> content-sale; Governance -> dao-governance; Crays -> nostr-and-crays; Library -> archive-library,,,0,,,Research Source: YakiHonne mobile/web app directory,0,,1,Research Source: YakiHonne mobile/web app directory,25,0,0,P3,gezielte redaktionelle Politur und Quellenabgleich
https://www.crays.org/nostr/source-inventory/deep-research/apps/nostrapps-com-yondar-nostrapps-page-c7a2733f/,source-inventory/deep-research/apps/nostrapps-com-yondar-nostrapps-page-c7a2733f,Research Source: Yondar — NostrApps page,Library,Source inventory,Grundlagenartikel,brauchbar,1547,12,5,4,5,645,684,,Start -> what-is-nostr; People -> people; Apps -> apps/catalog; Relays -> relay-market-directory; NIPs -> nips/complete-index; Privacy -> privacy-security; Wallets -> nip-47-wallet-connect; Media -> music-video-media; Commerce -> content-sale; Governance -> dao-governance; Crays -> nostr-and-crays; Library -> archive-library,,,0,,,Research Source: Yondar — NostrApps page,0,,1,Research Source: Yondar — NostrApps page,23,0,0,P3,gezielte redaktionelle Politur und Quellenabgleich
https://www.crays.org/nostr/source-inventory/deep-research/apps/nostrcompass-org-hornet-storage-nostrcompass-21c834e0/,source-inventory/deep-research/apps/nostrcompass-org-hornet-storage-nostrcompass-21c834e0,Research Source: HORNET Storage — NostrCompass,Library,Source inventory,Grundlagenartikel,brauchbar,1628,11,5,4,5,661,683,,Start -> what-is-nostr; People -> people; Apps -> apps/catalog; Relays -> relay-market-directory; NIPs -> nips/complete-index; Privacy -> privacy-security; Wallets -> nip-47-wallet-connect; Media -> music-video-media; Commerce -> content-sale; Governance -> dao-governance; Crays -> nostr-and-crays; Library -> archive-library,,,0,,,Research Source: HORNET Storage — NostrCompass,0,,1,Research Source: HORNET Storage — NostrCompass,35,0,0,P3,gezielte redaktionelle Politur und Quellenabgleich
https://www.crays.org/nostr/source-inventory/deep-research/apps/nostree-me-nostree-60f8d45b/,source-inventory/deep-research/apps/nostree-me-nostree-60f8d45b,Research Source: Nostree,Library,Source inventory,Grundlagenartikel,brauchbar,1501,12,5,4,5,645,684,,Start -> what-is-nostr; People -> people; Apps -> apps/catalog; Relays -> relay-market-directory; NIPs -> nips/complete-index; Privacy -> privacy-security; Wallets -> nip-47-wallet-connect; Media -> music-video-media; Commerce -> content-sale; Governance -> dao-governance; Crays -> nostr-and-crays; Library -> archive-library,,,0,,,Research Source: Nostree,0,,1,Research Source: Nostree,23,0,0,P3,gezielte redaktionelle Politur und Quellenabgleich
https://www.crays.org/nostr/source-inventory/deep-research/apps/nostria-app-nostria-44ee4a27/,source-inventory/deep-research/apps/nostria-app-nostria-44ee4a27,Research Source: Nostria,Library,Source inventory,Grundlagenartikel,brauchbar,1591,11,5,4,5,645,683,,Start -> what-is-nostr; People -> people; Apps -> apps/catalog; Relays -> relay-market-directory; NIPs -> nips/complete-index; Privacy -> privacy-security; Wallets -> nip-47-wallet-connect; Media -> music-video-media; Commerce -> content-sale; Governance -> dao-governance; Crays -> nostr-and-crays; Library -> archive-library,,,0,,,Research Source: Nostria,0,,1,Research Source: Nostria,32,0,0,P3,gezielte redaktionelle Politur und Quellenabgleich
https://www.crays.org/nostr/source-inventory/deep-research/apps/nostrnests-com-nostr-nests-ccbb377d/,source-inventory/deep-research/apps/nostrnests-com-nostr-nests-ccbb377d,Research Source: Nostr Nests,Library,Source inventory,Grundlagenartikel,brauchbar,1526,12,5,4,5,645,684,,Start -> what-is-nostr; People -> people; Apps -> apps/catalog; Relays -> relay-market-directory; NIPs -> nips/complete-index; Privacy -> privacy-security; Wallets -> nip-47-wallet-connect; Media -> music-video-media; Commerce -> content-sale; Governance -> dao-governance; Crays -> nostr-and-crays; Library -> archive-library,,,0,,,Research Source: Nostr Nests,0,,1,Research Source: Nostr Nests,23,0,0,P3,gezielte redaktionelle Politur und Quellenabgleich
https://www.crays.org/nostr/source-inventory/deep-research/apps/nostrudel-ninja-nostrudel-47e83c25/,source-inventory/deep-research/apps/nostrudel-ninja-nostrudel-47e83c25,Research Source: noStrudel,Library,Source inventory,Grundlagenartikel,brauchbar,1499,12,5,4,5,645,683,,Start -> what-is-nostr; People -> people; Apps -> apps/catalog; Relays -> relay-market-directory; NIPs -> nips/complete-index; Privacy -> privacy-security; Wallets -> nip-47-wallet-connect; Media -> music-video-media; Commerce -> content-sale; Governance -> dao-governance; Crays -> nostr-and-crays; Library -> archive-library,,,0,,,Research Source: noStrudel,0,,1,Research Source: noStrudel,23,0,0,P3,gezielte redaktionelle Politur und Quellenabgleich
https://www.crays.org/nostr/source-inventory/deep-research/apps/nostter-app-nostter-44721cb4/,source-inventory/deep-research/apps/nostter-app-nostter-44721cb4,Research Source: Nostter,Library,Source inventory,Grundlagenartikel,brauchbar,1498,12,5,4,5,645,683,,Start -> what-is-nostr; People -> people; Apps -> apps/catalog; Relays -> relay-market-directory; NIPs -> nips/complete-index; Privacy -> privacy-security; Wallets -> nip-47-wallet-connect; Media -> music-video-media; Commerce -> content-sale; Governance -> dao-governance; Crays -> nostr-and-crays; Library -> archive-library,,,0,,,Research Source: Nostter,0,,1,Research Source: Nostter,23,0,0,P3,gezielte redaktionelle Politur und Quellenabgleich
https://www.crays.org/nostr/source-inventory/deep-research/apps/nostu-be-nostrube-95916239/,source-inventory/deep-research/apps/nostu-be-nostrube-95916239,Research Source: Nostrube,Library,Source inventory,Grundlagenartikel,brauchbar,1498,12,5,4,5,645,684,,Start -> what-is-nostr; People -> people; Apps -> apps/catalog; Relays -> relay-market-directory; NIPs -> nips/complete-index; Privacy -> privacy-security; Wallets -> nip-47-wallet-connect; Media -> music-video-media; Commerce -> content-sale; Governance -> dao-governance; Crays -> nostr-and-crays; Library -> archive-library,,,0,,,Research Source: Nostrube,0,,1,Research Source: Nostrube,23,0,0,P3,gezielte redaktionelle Politur und Quellenabgleich
https://www.crays.org/nostr/source-inventory/deep-research/apps/nostur-com-nostur-2f69b679/,source-inventory/deep-research/apps/nostur-com-nostur-2f69b679,Research Source: Nostur,Library,Source inventory,Grundlagenartikel,brauchbar,1523,12,5,4,5,645,683,,Start -> what-is-nostr; People -> people; Apps -> apps/catalog; Relays -> relay-market-directory; NIPs -> nips/complete-index; Privacy -> privacy-security; Wallets -> nip-47-wallet-connect; Media -> music-video-media; Commerce -> content-sale; Governance -> dao-governance; Crays -> nostr-and-crays; Library -> archive-library,,,0,,,Research Source: Nostur,0,,1,Research Source: Nostur,24,0,0,P3,gezielte redaktionelle Politur und Quellenabgleich
https://www.crays.org/nostr/source-inventory/deep-research/apps/notedeck-io-notedeck-64c59db5/,source-inventory/deep-research/apps/notedeck-io-notedeck-64c59db5,Research Source: Notedeck,Library,Source inventory,Grundlagenartikel,brauchbar,1500,12,5,4,5,645,682,,Start -> what-is-nostr; People -> people; Apps -> apps/catalog; Relays -> relay-market-directory; NIPs -> nips/complete-index; Privacy -> privacy-security; Wallets -> nip-47-wallet-connect; Media -> music-video-media; Commerce -> content-sale; Governance -> dao-governance; Crays -> nostr-and-crays; Library -> archive-library,,,0,,,Research Source: Notedeck,0,,1,Research Source: Notedeck,23,0,0,P3,gezielte redaktionelle Politur und Quellenabgleich
https://www.crays.org/nostr/source-inventory/deep-research/apps/npub-pro-npub-pro-71588506/,source-inventory/deep-research/apps/npub-pro-npub-pro-71588506,Research Source: Npub.pro,Library,Source inventory,Grundlagenartikel,brauchbar,1522,12,5,4,5,645,682,,Start -> what-is-nostr; People -> people; Apps -> apps/catalog; Relays -> relay-market-directory; NIPs -> nips/complete-index; Privacy -> privacy-security; Wallets -> nip-47-wallet-connect; Media -> music-video-media; Commerce -> content-sale; Governance -> dao-governance; Crays -> nostr-and-crays; Library -> archive-library,,,0,,,Research Source: Npub.pro,0,,1,Research Source: Npub.pro,23,0,0,P3,gezielte redaktionelle Politur und Quellenabgleich
https://www.crays.org/nostr/source-inventory/deep-research/apps/npub-world-npub-world-830e78e3/,source-inventory/deep-research/apps/npub-world-npub-world-830e78e3,Research Source: Npub.world,Library,Source inventory,Grundlagenartikel,brauchbar,1536,12,5,4,5,645,682,,Start -> what-is-nostr; People -> people; Apps -> apps/catalog; Relays -> relay-market-directory; NIPs -> nips/complete-index; Privacy -> privacy-security; Wallets -> nip-47-wallet-connect; Media -> music-video-media; Commerce -> content-sale; Governance -> dao-governance; Crays -> nostr-and-crays; Library -> archive-library,,,0,,,Research Source: Npub.world,0,,1,Research Source: Npub.world,24,0,0,P3,gezielte redaktionelle Politur und Quellenabgleich
https://www.crays.org/nostr/source-inventory/deep-research/apps/nsite-run-nsite-14044c3c/,source-inventory/deep-research/apps/nsite-run-nsite-14044c3c,Research Source: Nsite,Library,Source inventory,Grundlagenartikel,brauchbar,1526,12,5,4,5,646,682,,Start -> what-is-nostr; People -> people; Apps -> apps/catalog; Relays -> relay-market-directory; NIPs -> nips/complete-index; Privacy -> privacy-security; Wallets -> nip-47-wallet-connect; Media -> music-video-media; Commerce -> content-sale; Governance -> dao-governance; Crays -> nostr-and-crays; Library -> archive-library,,,0,,,Research Source: Nsite,0,,1,Research Source: Nsite,25,0,0,P3,gezielte redaktionelle Politur und Quellenabgleich
https://www.crays.org/nostr/source-inventory/deep-research/apps/nstart-me-nstart-me-90a37196/,source-inventory/deep-research/apps/nstart-me-nstart-me-90a37196,Research Source: Nstart.me,Library,Source inventory,Grundlagenartikel,brauchbar,1520,12,5,4,5,645,685,,Start -> what-is-nostr; People -> people; Apps -> apps/catalog; Relays -> relay-market-directory; NIPs -> nips/complete-index; Privacy -> privacy-security; Wallets -> nip-47-wallet-connect; Media -> music-video-media; Commerce -> content-sale; Governance -> dao-governance; Crays -> nostr-and-crays; Library -> archive-library,,,0,,,Research Source: Nstart.me,0,,1,Research Source: Nstart.me,23,0,0,P3,gezielte redaktionelle Politur und Quellenabgleich
https://www.crays.org/nostr/source-inventory/deep-research/apps/olas-app-olas-03b693a0/,source-inventory/deep-research/apps/olas-app-olas-03b693a0,Research Source: Olas,Library,Source inventory,Grundlagenartikel,brauchbar,1495,12,5,4,5,645,684,,Start -> what-is-nostr; People -> people; Apps -> apps/catalog; Relays -> relay-market-directory; NIPs -> nips/complete-index; Privacy -> privacy-security; Wallets -> nip-47-wallet-connect; Media -> music-video-media; Commerce -> content-sale; Governance -> dao-governance; Crays -> nostr-and-crays; Library -> archive-library,,,0,,,Research Source: Olas,0,,1,Research Source: Olas,23,0,0,P3,gezielte redaktionelle Politur und Quellenabgleich
https://www.crays.org/nostr/source-inventory/deep-research/apps/openvibe-social-openvibe-1dbd022a/,source-inventory/deep-research/apps/openvibe-social-openvibe-1dbd022a,Research Source: Openvibe,Library,Source inventory,Grundlagenartikel,brauchbar,1468,11,5,4,5,645,682,,Start -> what-is-nostr; People -> people; Apps -> apps/catalog; Relays -> relay-market-directory; NIPs -> nips/complete-index; Privacy -> privacy-security; Wallets -> nip-47-wallet-connect; Media -> music-video-media; Commerce -> content-sale; Governance -> dao-governance; Crays -> nostr-and-crays; Library -> archive-library,,,0,,,Research Source: Openvibe,0,,1,Research Source: Openvibe,25,0,0,P3,gezielte redaktionelle Politur und Quellenabgleich
https://www.crays.org/nostr/source-inventory/deep-research/apps/oracolo-me-oracolo-47239d8a/,source-inventory/deep-research/apps/oracolo-me-oracolo-47239d8a,Research Source: Oracolo,Library,Source inventory,Grundlagenartikel,brauchbar,1496,12,5,4,5,645,684,,Start -> what-is-nostr; People -> people; Apps -> apps/catalog; Relays -> relay-market-directory; NIPs -> nips/complete-index; Privacy -> privacy-security; Wallets -> nip-47-wallet-connect; Media -> music-video-media; Commerce -> content-sale; Governance -> dao-governance; Crays -> nostr-and-crays; Library -> archive-library,,,0,,,Research Source: Oracolo,0,,1,Research Source: Oracolo,23,0,0,P3,gezielte redaktionelle Politur und Quellenabgleich
https://www.crays.org/nostr/source-inventory/deep-research/apps/ostrich-work-ostrich-work-e9463732/,source-inventory/deep-research/apps/ostrich-work-ostrich-work-e9463732,Research Source: Ostrich Work,Library,Source inventory,Grundlagenartikel,brauchbar,1533,12,5,4,5,645,683,,Start -> what-is-nostr; People -> people; Apps -> apps/catalog; Relays -> relay-market-directory; NIPs -> nips/complete-index; Privacy -> privacy-security; Wallets -> nip-47-wallet-connect; Media -> music-video-media; Commerce -> content-sale; Governance -> dao-governance; Crays -> nostr-and-crays; Library -> archive-library,,,0,,,Research Source: Ostrich Work,0,,1,Research Source: Ostrich Work,23,0,0,P3,gezielte redaktionelle Politur und Quellenabgleich
https://www.crays.org/nostr/source-inventory/deep-research/apps/p2p-band-p2p-band-307e1c66/,source-inventory/deep-research/apps/p2p-band-p2p-band-307e1c66,Research Source: P2P Band,Library,Source inventory,Grundlagenartikel,brauchbar,1525,12,5,4,5,645,683,,Start -> what-is-nostr; People -> people; Apps -> apps/catalog; Relays -> relay-market-directory; NIPs -> nips/complete-index; Privacy -> privacy-security; Wallets -> nip-47-wallet-connect; Media -> music-video-media; Commerce -> content-sale; Governance -> dao-governance; Crays -> nostr-and-crays; Library -> archive-library,,,0,,,Research Source: P2P Band,0,,1,Research Source: P2P Band,23,0,0,P3,gezielte redaktionelle Politur und Quellenabgleich
https://www.crays.org/nostr/source-inventory/deep-research/apps/pazstr-codeberg-page-paz-c384e094/,source-inventory/deep-research/apps/pazstr-codeberg-page-paz-c384e094,Research Source: Paz,Library,Source inventory,Grundlagenartikel,brauchbar,1515,11,5,4,5,645,682,,Start -> what-is-nostr; People -> people; Apps -> apps/catalog; Relays -> relay-market-directory; NIPs -> nips/complete-index; Privacy -> privacy-security; Wallets -> nip-47-wallet-connect; Media -> music-video-media; Commerce -> content-sale; Governance -> dao-governance; Crays -> nostr-and-crays; Library -> archive-library,,,0,,,Research Source: Paz,0,,1,Research Source: Paz,30,0,0,P3,gezielte redaktionelle Politur und Quellenabgleich
https://www.crays.org/nostr/source-inventory/deep-research/apps/phoenix-social-phoenix-477ddccf/,source-inventory/deep-research/apps/phoenix-social-phoenix-477ddccf,Research Source: Phoenix,Library,Source inventory,Grundlagenartikel,brauchbar,1498,12,5,4,5,645,683,,Start -> what-is-nostr; People -> people; Apps -> apps/catalog; Relays -> relay-market-directory; NIPs -> nips/complete-index; Privacy -> privacy-security; Wallets -> nip-47-wallet-connect; Media -> music-video-media; Commerce -> content-sale; Governance -> dao-governance; Crays -> nostr-and-crays; Library -> archive-library,,,0,,,Research Source: Phoenix,0,,1,Research Source: Phoenix,23,0,0,P3,gezielte redaktionelle Politur und Quellenabgleich
https://www.crays.org/nostr/source-inventory/deep-research/apps/plebeian-market-plebeian-market-a0dc39d3/,source-inventory/deep-research/apps/plebeian-market-plebeian-market-a0dc39d3,Research Source: Plebeian Market,Library,Source inventory,Grundlagenartikel,brauchbar,1518,12,5,4,5,645,684,,Start -> what-is-nostr; People -> people; Apps -> apps/catalog; Relays -> relay-market-directory; NIPs -> nips/complete-index; Privacy -> privacy-security; Wallets -> nip-47-wallet-connect; Media -> music-video-media; Commerce -> content-sale; Governance -> dao-governance; Crays -> nostr-and-crays; Library -> archive-library,,,0,,,Research Source: Plebeian Market,0,,1,Research Source: Plebeian Market,23,0,0,P3,gezielte redaktionelle Politur und Quellenabgleich
https://www.crays.org/nostr/source-inventory/deep-research/apps/primal-net-primal-9dca1682/,source-inventory/deep-research/apps/primal-net-primal-9dca1682,Research Source: Primal,Library,Source inventory,Grundlagenartikel,brauchbar,1506,12,5,4,5,645,683,,Start -> what-is-nostr; People -> people; Apps -> apps/catalog; Relays -> relay-market-directory; NIPs -> nips/complete-index; Privacy -> privacy-security; Wallets -> nip-47-wallet-connect; Media -> music-video-media; Commerce -> content-sale; Governance -> dao-governance; Crays -> nostr-and-crays; Library -> archive-library,,,0,,,Research Source: Primal,0,,1,Research Source: Primal,23,0,0,P3,gezielte redaktionelle Politur und Quellenabgleich
https://www.crays.org/nostr/source-inventory/deep-research/apps/primal-net-primal-article-editor-reads-authoring-772dbe8c/,source-inventory/deep-research/apps/primal-net-primal-article-editor-reads-authoring-772dbe8c,Research Source: Primal Article Editor / Reads authoring,Library,Source inventory,Grundlagenartikel,brauchbar,1605,12,5,4,5,645,682,,Start -> what-is-nostr; People -> people; Apps -> apps/catalog; Relays -> relay-market-directory; NIPs -> nips/complete-index; Privacy -> privacy-security; Wallets -> nip-47-wallet-connect; Media -> music-video-media; Commerce -> content-sale; Governance -> dao-governance; Crays -> nostr-and-crays; Library -> archive-library,,,0,,,Research Source: Primal Article Editor / Reads authoring,0,,1,Research Source: Primal Article Editor / Reads authoring,23,0,0,P3,gezielte redaktionelle Politur und Quellenabgleich
https://www.crays.org/nostr/source-inventory/deep-research/apps/read-nostr-com-nostrium-read-nostr-com-86be58e4/,source-inventory/deep-research/apps/read-nostr-com-nostrium-read-nostr-com-86be58e4,Research Source: Nostrium / read.nostr.com,Library,Source inventory,Grundlagenartikel,brauchbar,1508,11,5,4,5,645,683,,Start -> what-is-nostr; People -> people; Apps -> apps/catalog; Relays -> relay-market-directory; NIPs -> nips/complete-index; Privacy -> privacy-security; Wallets -> nip-47-wallet-connect; Media -> music-video-media; Commerce -> content-sale; Governance -> dao-governance; Crays -> nostr-and-crays; Library -> archive-library,,,0,,,Research Source: Nostrium / read.nostr.com,0,,1,Research Source: Nostrium / read.nostr.com,25,0,0,P3,gezielte redaktionelle Politur und Quellenabgleich
https://www.crays.org/nostr/source-inventory/deep-research/apps/readwithboris-com-boris-60db6503/,source-inventory/deep-research/apps/readwithboris-com-boris-60db6503,Research Source: Boris,Library,Source inventory,Grundlagenartikel,brauchbar,1539,12,5,4,5,645,683,,Start -> what-is-nostr; People -> people; Apps -> apps/catalog; Relays -> relay-market-directory; NIPs -> nips/complete-index; Privacy -> privacy-security; Wallets -> nip-47-wallet-connect; Media -> music-video-media; Commerce -> content-sale; Governance -> dao-governance; Crays -> nostr-and-crays; Library -> archive-library,,,0,,,Research Source: Boris,0,,1,Research Source: Boris,25,0,0,P3,gezielte redaktionelle Politur und Quellenabgleich
https://www.crays.org/nostr/source-inventory/deep-research/apps/satellite-earth-satellite-95a60bbd/,source-inventory/deep-research/apps/satellite-earth-satellite-95a60bbd,Research Source: Satellite,Library,Source inventory,Grundlagenartikel,brauchbar,1500,12,5,4,5,645,682,,Start -> what-is-nostr; People -> people; Apps -> apps/catalog; Relays -> relay-market-directory; NIPs -> nips/complete-index; Privacy -> privacy-security; Wallets -> nip-47-wallet-connect; Media -> music-video-media; Commerce -> content-sale; Governance -> dao-governance; Crays -> nostr-and-crays; Library -> archive-library,,,0,,,Research Source: Satellite,0,,1,Research Source: Satellite,23,0,0,P3,gezielte redaktionelle Politur und Quellenabgleich
https://www.crays.org/nostr/source-inventory/deep-research/apps/satshoot-com-satshoot-a76b6022/,source-inventory/deep-research/apps/satshoot-com-satshoot-a76b6022,Research Source: SatShoot,Library,Source inventory,Grundlagenartikel,brauchbar,1493,12,5,4,5,645,683,,Start -> what-is-nostr; People -> people; Apps -> apps/catalog; Relays -> relay-market-directory; NIPs -> nips/complete-index; Privacy -> privacy-security; Wallets -> nip-47-wallet-connect; Media -> music-video-media; Commerce -> content-sale; Governance -> dao-governance; Crays -> nostr-and-crays; Library -> archive-library,,,0,,,Research Source: SatShoot,0,,1,Research Source: SatShoot,23,0,0,P3,gezielte redaktionelle Politur und Quellenabgleich
https://www.crays.org/nostr/source-inventory/deep-research/apps/shakespeare-diy-shakespeare-189d89df/,source-inventory/deep-research/apps/shakespeare-diy-shakespeare-189d89df,Research Source: Shakespeare,Library,Source inventory,Grundlagenartikel,brauchbar,1498,12,5,4,5,645,683,,Start -> what-is-nostr; People -> people; Apps -> apps/catalog; Relays -> relay-market-directory; NIPs -> nips/complete-index; Privacy -> privacy-security; Wallets -> nip-47-wallet-connect; Media -> music-video-media; Commerce -> content-sale; Governance -> dao-governance; Crays -> nostr-and-crays; Library -> archive-library,,,0,,,Research Source: Shakespeare,0,,1,Research Source: Shakespeare,23,0,0,P3,gezielte redaktionelle Politur und Quellenabgleich
https://www.crays.org/nostr/source-inventory/deep-research/apps/shopstr-store-shopstr-e7b65c28/,source-inventory/deep-research/apps/shopstr-store-shopstr-e7b65c28,Research Source: Shopstr,Library,Source inventory,Grundlagenartikel,brauchbar,1519,11,5,4,5,645,684,,Start -> what-is-nostr; People -> people; Apps -> apps/catalog; Relays -> relay-market-directory; NIPs -> nips/complete-index; Privacy -> privacy-security; Wallets -> nip-47-wallet-connect; Media -> music-video-media; Commerce -> content-sale; Governance -> dao-governance; Crays -> nostr-and-crays; Library -> archive-library,,,0,,,Research Source: Shopstr,0,,1,Research Source: Shopstr,27,0,0,P3,gezielte redaktionelle Politur und Quellenabgleich
https://www.crays.org/nostr/source-inventory/deep-research/apps/slidestr-net-slidestr-9bc7250f/,source-inventory/deep-research/apps/slidestr-net-slidestr-9bc7250f,Research Source: Slidestr,Library,Source inventory,Grundlagenartikel,brauchbar,1495,12,5,4,5,645,683,,Start -> what-is-nostr; People -> people; Apps -> apps/catalog; Relays -> relay-market-directory; NIPs -> nips/complete-index; Privacy -> privacy-security; Wallets -> nip-47-wallet-connect; Media -> music-video-media; Commerce -> content-sale; Governance -> dao-governance; Crays -> nostr-and-crays; Library -> archive-library,,,0,,,Research Source: Slidestr,0,,1,Research Source: Slidestr,23,0,0,P3,gezielte redaktionelle Politur und Quellenabgleich
https://www.crays.org/nostr/source-inventory/deep-research/apps/snort-social-snort-3cbdf05c/,source-inventory/deep-research/apps/snort-social-snort-3cbdf05c,Research Source: Snort,Library,Source inventory,Grundlagenartikel,brauchbar,1501,12,5,4,5,645,683,,Start -> what-is-nostr; People -> people; Apps -> apps/catalog; Relays -> relay-market-directory; NIPs -> nips/complete-index; Privacy -> privacy-security; Wallets -> nip-47-wallet-connect; Media -> music-video-media; Commerce -> content-sale; Governance -> dao-governance; Crays -> nostr-and-crays; Library -> archive-library,,,0,,,Research Source: Snort,0,,1,Research Source: Snort,23,0,0,P3,gezielte redaktionelle Politur und Quellenabgleich
https://www.crays.org/nostr/source-inventory/deep-research/apps/stemstr-app-stemstr-7eb88316/,source-inventory/deep-research/apps/stemstr-app-stemstr-7eb88316,Research Source: Stemstr,Library,Source inventory,Grundlagenartikel,brauchbar,1500,12,5,4,5,645,683,,Start -> what-is-nostr; People -> people; Apps -> apps/catalog; Relays -> relay-market-directory; NIPs -> nips/complete-index; Privacy -> privacy-security; Wallets -> nip-47-wallet-connect; Media -> music-video-media; Commerce -> content-sale; Governance -> dao-governance; Crays -> nostr-and-crays; Library -> archive-library,,,0,,,Research Source: Stemstr,0,,1,Research Source: Stemstr,23,0,0,P3,gezielte redaktionelle Politur und Quellenabgleich
https://www.crays.org/nostr/source-inventory/deep-research/apps/studio-primal-net-primal-studio-823f69b6/,source-inventory/deep-research/apps/studio-primal-net-primal-studio-823f69b6,Research Source: Primal Studio,Library,Source inventory,Grundlagenartikel,brauchbar,1525,12,5,4,5,645,683,,Start -> what-is-nostr; People -> people; Apps -> apps/catalog; Relays -> relay-market-directory; NIPs -> nips/complete-index; Privacy -> privacy-security; Wallets -> nip-47-wallet-connect; Media -> music-video-media; Commerce -> content-sale; Governance -> dao-governance; Crays -> nostr-and-crays; Library -> archive-library,,,0,,,Research Source: Primal Studio,0,,1,Research Source: Primal Studio,23,0,0,P3,gezielte redaktionelle Politur und Quellenabgleich
https://www.crays.org/nostr/source-inventory/deep-research/apps/treasures-to-treasures-63ebb7c6/,source-inventory/deep-research/apps/treasures-to-treasures-63ebb7c6,Research Source: Treasures,Library,Source inventory,Grundlagenartikel,brauchbar,1497,12,5,4,5,645,684,,Start -> what-is-nostr; People -> people; Apps -> apps/catalog; Relays -> relay-market-directory; NIPs -> nips/complete-index; Privacy -> privacy-security; Wallets -> nip-47-wallet-connect; Media -> music-video-media; Commerce -> content-sale; Governance -> dao-governance; Crays -> nostr-and-crays; Library -> archive-library,,,0,,,Research Source: Treasures,0,,1,Research Source: Treasures,23,0,0,P3,gezielte redaktionelle Politur und Quellenabgleich
https://www.crays.org/nostr/source-inventory/deep-research/apps/wavlake-com-wavlake-6337a638/,source-inventory/deep-research/apps/wavlake-com-wavlake-6337a638,Research Source: Wavlake,Library,Source inventory,Grundlagenartikel,brauchbar,1530,12,5,4,5,645,683,,Start -> what-is-nostr; People -> people; Apps -> apps/catalog; Relays -> relay-market-directory; NIPs -> nips/complete-index; Privacy -> privacy-security; Wallets -> nip-47-wallet-connect; Media -> music-video-media; Commerce -> content-sale; Governance -> dao-governance; Crays -> nostr-and-crays; Library -> archive-library,,,0,,,Research Source: Wavlake,0,,1,Research Source: Wavlake,25,0,0,P3,gezielte redaktionelle Politur und Quellenabgleich
https://www.crays.org/nostr/source-inventory/deep-research/apps/web-nostrid-app-nostrid-9989d84c/,source-inventory/deep-research/apps/web-nostrid-app-nostrid-9989d84c,Research Source: Nostrid,Library,Source inventory,Grundlagenartikel,brauchbar,1499,12,5,4,5,645,682,,Start -> what-is-nostr; People -> people; Apps -> apps/catalog; Relays -> relay-market-directory; NIPs -> nips/complete-index; Privacy -> privacy-security; Wallets -> nip-47-wallet-connect; Media -> music-video-media; Commerce -> content-sale; Governance -> dao-governance; Crays -> nostr-and-crays; Library -> archive-library,,,0,,,Research Source: Nostrid,0,,1,Research Source: Nostrid,23,0,0,P3,gezielte redaktionelle Politur und Quellenabgleich
https://www.crays.org/nostr/source-inventory/deep-research/apps/wikifreedia-xyz-wikifreedia-b3b1df1c/,source-inventory/deep-research/apps/wikifreedia-xyz-wikifreedia-b3b1df1c,Research Source: Wikifreedia,Library,Source inventory,Grundlagenartikel,brauchbar,1494,12,5,4,5,645,683,,Start -> what-is-nostr; People -> people; Apps -> apps/catalog; Relays -> relay-market-directory; NIPs -> nips/complete-index; Privacy -> privacy-security; Wallets -> nip-47-wallet-connect; Media -> music-video-media; Commerce -> content-sale; Governance -> dao-governance; Crays -> nostr-and-crays; Library -> archive-library,,,0,,,Research Source: Wikifreedia,0,,1,Research Source: Wikifreedia,23,0,0,P3,gezielte redaktionelle Politur und Quellenabgleich
https://www.crays.org/nostr/source-inventory/deep-research/apps/wikistr-com-wikistr-5ffd1563/,source-inventory/deep-research/apps/wikistr-com-wikistr-5ffd1563,Research Source: Wikistr,Library,Source inventory,Grundlagenartikel,brauchbar,1500,12,5,4,5,645,683,,Start -> what-is-nostr; People -> people; Apps -> apps/catalog; Relays -> relay-market-directory; NIPs -> nips/complete-index; Privacy -> privacy-security; Wallets -> nip-47-wallet-connect; Media -> music-video-media; Commerce -> content-sale; Governance -> dao-governance; Crays -> nostr-and-crays; Library -> archive-library,,,0,,,Research Source: Wikistr,0,,1,Research Source: Wikistr,23,0,0,P3,gezielte redaktionelle Politur und Quellenabgleich
https://www.crays.org/nostr/source-inventory/deep-research/apps/write-nostr-com-postr-write-nostr-com-d6de9b11/,source-inventory/deep-research/apps/write-nostr-com-postr-write-nostr-com-d6de9b11,Research Source: Postr / write.nostr.com,Library,Source inventory,Grundlagenartikel,brauchbar,1514,11,5,4,5,645,683,,Start -> what-is-nostr; People -> people; Apps -> apps/catalog; Relays -> relay-market-directory; NIPs -> nips/complete-index; Privacy -> privacy-security; Wallets -> nip-47-wallet-connect; Media -> music-video-media; Commerce -> content-sale; Governance -> dao-governance; Crays -> nostr-and-crays; Library -> archive-library,,,0,,,Research Source: Postr / write.nostr.com,0,,1,Research Source: Postr / write.nostr.com,25,0,0,P3,gezielte redaktionelle Politur und Quellenabgleich
https://www.crays.org/nostr/source-inventory/deep-research/apps/yakihonne-com-yakihonne-49b762a2/,source-inventory/deep-research/apps/yakihonne-com-yakihonne-49b762a2,Research Source: YakiHonne,Library,Source inventory,Grundlagenartikel,brauchbar,1504,12,5,4,5,645,684,,Start -> what-is-nostr; People -> people; Apps -> apps/catalog; Relays -> relay-market-directory; NIPs -> nips/complete-index; Privacy -> privacy-security; Wallets -> nip-47-wallet-connect; Media -> music-video-media; Commerce -> content-sale; Governance -> dao-governance; Crays -> nostr-and-crays; Library -> archive-library,,,0,,,Research Source: YakiHonne,0,,1,Research Source: YakiHonne,23,0,0,P3,gezielte redaktionelle Politur und Quellenabgleich
https://www.crays.org/nostr/source-inventory/deep-research/core/,source-inventory/deep-research/core,Deep Research: Core maps and gateways,Library,Source inventory,Grundlagenartikel,brauchbar,1260,9,4,4,4,644,676,signer -> nip-07-signers,Start -> what-is-nostr; People -> people; Apps -> apps/catalog; Relays -> relay-market-directory; NIPs -> nips/complete-index; Privacy -> privacy-security; Wallets -> nip-47-wallet-connect; Media -> music-video-media; Commerce -> content-sale; Governance -> dao-governance; Crays -> nostr-and-crays; Library -> archive-library,,,0,,,Deep Research: Core maps and gateways,0,,1,Deep Research: Core maps and gateways,17,0,0,P3,gezielte redaktionelle Politur und Quellenabgleich
https://www.crays.org/nostr/source-inventory/deep-research/core/github-com-registry-of-kinds-35c48b82/,source-inventory/deep-research/core/github-com-registry-of-kinds-35c48b82,Research Source: Registry of Kinds,Library,Source inventory,Grundlagenartikel,brauchbar,1620,11,5,4,4,644,679,signer -> nip-07-signers,Start -> what-is-nostr; People -> people; Apps -> apps/catalog; Relays -> relay-market-directory; NIPs -> nips/complete-index; Privacy -> privacy-security; Wallets -> nip-47-wallet-connect; Media -> music-video-media; Commerce -> content-sale; Governance -> dao-governance; Crays -> nostr-and-crays; Library -> archive-library,,,0,,,Research Source: Registry of Kinds,0,,1,Research Source: Registry of Kinds,29,0,0,P3,gezielte redaktionelle Politur und Quellenabgleich
https://www.crays.org/nostr/source-inventory/deep-research/core/my-nostr-com-my-nostr-com-c1036c5d/,source-inventory/deep-research/core/my-nostr-com-my-nostr-com-c1036c5d,Research Source: my.nostr.com,Library,Source inventory,Grundlagenartikel,brauchbar,1558,12,5,4,4,644,680,signer -> nip-07-signers,Start -> what-is-nostr; People -> people; Apps -> apps/catalog; Relays -> relay-market-directory; NIPs -> nips/complete-index; Privacy -> privacy-security; Wallets -> nip-47-wallet-connect; Media -> music-video-media; Commerce -> content-sale; Governance -> dao-governance; Crays -> nostr-and-crays; Library -> archive-library,,,0,,,Research Source: my.nostr.com,0,,1,Research Source: my.nostr.com,22,0,0,P3,gezielte redaktionelle Politur und Quellenabgleich
https://www.crays.org/nostr/source-inventory/deep-research/core/nostr-band-nostr-band-602914e9/,source-inventory/deep-research/core/nostr-band-nostr-band-602914e9,Research Source: Nostr.Band,Library,Source inventory,Grundlagenartikel,brauchbar,1535,12,5,4,4,644,680,signer -> nip-07-signers,Start -> what-is-nostr; People -> people; Apps -> apps/catalog; Relays -> relay-market-directory; NIPs -> nips/complete-index; Privacy -> privacy-security; Wallets -> nip-47-wallet-connect; Media -> music-video-media; Commerce -> content-sale; Governance -> dao-governance; Crays -> nostr-and-crays; Library -> archive-library,,,0,,,Research Source: Nostr.Band,0,,1,Research Source: Nostr.Band,22,0,0,P3,gezielte redaktionelle Politur und Quellenabgleich
https://www.crays.org/nostr/source-inventory/deep-research/core/nostr-how-nostr-how-80abf48d/,source-inventory/deep-research/core/nostr-how-nostr-how-80abf48d,Research Source: Nostr.how,Library,Source inventory,Grundlagenartikel,brauchbar,1513,11,5,4,4,644,679,signer -> nip-07-signers,Start -> what-is-nostr; People -> people; Apps -> apps/catalog; Relays -> relay-market-directory; NIPs -> nips/complete-index; Privacy -> privacy-security; Wallets -> nip-47-wallet-connect; Media -> music-video-media; Commerce -> content-sale; Governance -> dao-governance; Crays -> nostr-and-crays; Library -> archive-library,,,0,,,Research Source: Nostr.how,0,,1,Research Source: Nostr.how,25,0,0,P3,gezielte redaktionelle Politur und Quellenabgleich
https://www.crays.org/nostr/source-inventory/deep-research/core/nostr-how-nostr-how-protocol-99a4cf3d/,source-inventory/deep-research/core/nostr-how-nostr-how-protocol-99a4cf3d,Research Source: Nostr.how — Protocol,Library,Source inventory,Grundlagenartikel,brauchbar,1569,12,5,4,4,644,679,signer -> nip-07-signers,Start -> what-is-nostr; People -> people; Apps -> apps/catalog; Relays -> relay-market-directory; NIPs -> nips/complete-index; Privacy -> privacy-security; Wallets -> nip-47-wallet-connect; Media -> music-video-media; Commerce -> content-sale; Governance -> dao-governance; Crays -> nostr-and-crays; Library -> archive-library,,,0,,,Research Source: Nostr.how — Protocol,0,,1,Research Source: Nostr.how — Protocol,22,0,0,P3,gezielte redaktionelle Politur und Quellenabgleich
https://www.crays.org/nostr/source-inventory/deep-research/core/nostr-how-nostr-how-what-is-nostr-694c3185/,source-inventory/deep-research/core/nostr-how-nostr-how-what-is-nostr-694c3185,Research Source: Nostr.how — What is Nostr?,Library,Source inventory,Grundlagenartikel,brauchbar,1519,11,5,4,4,644,679,signer -> nip-07-signers,Start -> what-is-nostr; People -> people; Apps -> apps/catalog; Relays -> relay-market-directory; NIPs -> nips/complete-index; Privacy -> privacy-security; Wallets -> nip-47-wallet-connect; Media -> music-video-media; Commerce -> content-sale; Governance -> dao-governance; Crays -> nostr-and-crays; Library -> archive-library,,,0,,,Research Source: Nostr.how — What is Nostr?,0,,1,Research Source: Nostr.how — What is Nostr?,22,0,0,P3,gezielte redaktionelle Politur und Quellenabgleich
https://www.crays.org/nostr/source-inventory/deep-research/core/nostr-net-awesome-nostr-resources-26f43ec5/,source-inventory/deep-research/core/nostr-net-awesome-nostr-resources-26f43ec5,Research Source: Awesome Nostr Resources,Library,Source inventory,Grundlagenartikel,brauchbar,1552,12,5,4,4,644,679,signer -> nip-07-signers,Start -> what-is-nostr; People -> people; Apps -> apps/catalog; Relays -> relay-market-directory; NIPs -> nips/complete-index; Privacy -> privacy-security; Wallets -> nip-47-wallet-connect; Media -> music-video-media; Commerce -> content-sale; Governance -> dao-governance; Crays -> nostr-and-crays; Library -> archive-library,,,0,,,Research Source: Awesome Nostr Resources,0,,1,Research Source: Awesome Nostr Resources,22,0,0,P3,gezielte redaktionelle Politur und Quellenabgleich
https://www.crays.org/nostr/source-inventory/deep-research/core/nostr-org-nostr-org-5b852dd1/,source-inventory/deep-research/core/nostr-org-nostr-org-5b852dd1,Research Source: Nostr.org,Library,Source inventory,Grundlagenartikel,brauchbar,1555,12,5,4,4,644,679,signer -> nip-07-signers,Start -> what-is-nostr; People -> people; Apps -> apps/catalog; Relays -> relay-market-directory; NIPs -> nips/complete-index; Privacy -> privacy-security; Wallets -> nip-47-wallet-connect; Media -> music-video-media; Commerce -> content-sale; Governance -> dao-governance; Crays -> nostr-and-crays; Library -> archive-library,,,0,,,Research Source: Nostr.org,0,,1,Research Source: Nostr.org,22,0,0,P3,gezielte redaktionelle Politur und Quellenabgleich
https://www.crays.org/nostr/source-inventory/deep-research/core/nostrbook-dev-nostr-book-kinds-0e5d38b0/,source-inventory/deep-research/core/nostrbook-dev-nostr-book-kinds-0e5d38b0,Research Source: Nostr Book — Kinds,Library,Source inventory,Grundlagenartikel,brauchbar,1655,10,5,4,5,644,679,,Start -> what-is-nostr; People -> people; Apps -> apps/catalog; Relays -> relay-market-directory; NIPs -> nips/complete-index; Privacy -> privacy-security; Wallets -> nip-47-wallet-connect; Media -> music-video-media; Commerce -> content-sale; Governance -> dao-governance; Crays -> nostr-and-crays; Library -> archive-library,,,0,,,Research Source: Nostr Book — Kinds,0,,1,Research Source: Nostr Book — Kinds,39,0,0,P3,gezielte redaktionelle Politur und Quellenabgleich
https://www.crays.org/nostr/source-inventory/deep-research/core/nostrdesign-org-nostr-design-31345224/,source-inventory/deep-research/core/nostrdesign-org-nostr-design-31345224,Research Source: Nostr Design,Library,Source inventory,Grundlagenartikel,brauchbar,1496,11,5,4,4,644,679,signer -> nip-07-signers,Start -> what-is-nostr; People -> people; Apps -> apps/catalog; Relays -> relay-market-directory; NIPs -> nips/complete-index; Privacy -> privacy-security; Wallets -> nip-47-wallet-connect; Media -> music-video-media; Commerce -> content-sale; Governance -> dao-governance; Crays -> nostr-and-crays; Library -> archive-library,,,0,,,Research Source: Nostr Design,0,,1,Research Source: Nostr Design,25,0,0,P3,gezielte redaktionelle Politur und Quellenabgleich
https://www.crays.org/nostr/source-inventory/deep-research/core/start-nostr-net-start-nostr-net-7744f39e/,source-inventory/deep-research/core/start-nostr-net-start-nostr-net-7744f39e,Research Source: start.nostr.net,Library,Source inventory,Grundlagenartikel,brauchbar,1554,12,5,4,4,644,680,signer -> nip-07-signers,Start -> what-is-nostr; People -> people; Apps -> apps/catalog; Relays -> relay-market-directory; NIPs -> nips/complete-index; Privacy -> privacy-security; Wallets -> nip-47-wallet-connect; Media -> music-video-media; Commerce -> content-sale; Governance -> dao-governance; Crays -> nostr-and-crays; Library -> archive-library,,,0,,,Research Source: start.nostr.net,0,,1,Research Source: start.nostr.net,22,0,0,P3,gezielte redaktionelle Politur und Quellenabgleich
https://www.crays.org/nostr/source-inventory/deep-research/dev/,source-inventory/deep-research/dev,Deep Research: Developer stack and tooling,Library,Source inventory,Grundlagenartikel,brauchbar,1551,9,5,4,4,700,684,signer -> nip-07-signers,Start -> what-is-nostr; People -> people; Apps -> apps/catalog; Relays -> relay-market-directory; NIPs -> nips/complete-index; Privacy -> privacy-security; Wallets -> nip-47-wallet-connect; Media -> music-video-media; Commerce -> content-sale; Governance -> dao-governance; Crays -> nostr-and-crays; Library -> archive-library,,,0,,,Deep Research: Developer stack and tooling,0,,1,Deep Research: Developer stack and tooling,17,0,0,P3,gezielte redaktionelle Politur und Quellenabgleich
https://www.crays.org/nostr/source-inventory/deep-research/dev/crates-io-nostr-sdk-crates-io-57444f39/,source-inventory/deep-research/dev/crates-io-nostr-sdk-crates-io-57444f39,Research Source: nostr-sdk crates.io,Library,Source inventory,Grundlagenartikel,brauchbar,1537,12,5,4,5,645,683,,Start -> what-is-nostr; People -> people; Apps -> apps/catalog; Relays -> relay-market-directory; NIPs -> nips/complete-index; Privacy -> privacy-security; Wallets -> nip-47-wallet-connect; Media -> music-video-media; Commerce -> content-sale; Governance -> dao-governance; Crays -> nostr-and-crays; Library -> archive-library,,,0,,,Research Source: nostr-sdk crates.io,0,,1,Research Source: nostr-sdk crates.io,21,0,0,P3,gezielte redaktionelle Politur und Quellenabgleich
https://www.crays.org/nostr/source-inventory/deep-research/dev/github-com-alby-hub-github-ad289393/,source-inventory/deep-research/dev/github-com-alby-hub-github-ad289393,Research Source: Alby Hub GitHub,Library,Source inventory,Grundlagenartikel,brauchbar,1560,12,5,4,5,645,684,,Start -> what-is-nostr; People -> people; Apps -> apps/catalog; Relays -> relay-market-directory; NIPs -> nips/complete-index; Privacy -> privacy-security; Wallets -> nip-47-wallet-connect; Media -> music-video-media; Commerce -> content-sale; Governance -> dao-governance; Crays -> nostr-and-crays; Library -> archive-library,,,0,,,Research Source: Alby Hub GitHub,0,,1,Research Source: Alby Hub GitHub,21,0,0,P3,gezielte redaktionelle Politur und Quellenabgleich
https://www.crays.org/nostr/source-inventory/deep-research/dev/github-com-alby-sdk-cc4f252b/,source-inventory/deep-research/dev/github-com-alby-sdk-cc4f252b,Research Source: Alby SDK,Library,Source inventory,Grundlagenartikel,brauchbar,1536,12,5,4,5,645,684,,Start -> what-is-nostr; People -> people; Apps -> apps/catalog; Relays -> relay-market-directory; NIPs -> nips/complete-index; Privacy -> privacy-security; Wallets -> nip-47-wallet-connect; Media -> music-video-media; Commerce -> content-sale; Governance -> dao-governance; Crays -> nostr-and-crays; Library -> archive-library,,,0,,,Research Source: Alby SDK,0,,1,Research Source: Alby SDK,21,0,0,P3,gezielte redaktionelle Politur und Quellenabgleich
https://www.crays.org/nostr/source-inventory/deep-research/dev/github-com-go-nostr-github-ae802712/,source-inventory/deep-research/dev/github-com-go-nostr-github-ae802712,Research Source: go-nostr GitHub,Library,Source inventory,Grundlagenartikel,brauchbar,1531,12,5,4,5,645,683,,Start -> what-is-nostr; People -> people; Apps -> apps/catalog; Relays -> relay-market-directory; NIPs -> nips/complete-index; Privacy -> privacy-security; Wallets -> nip-47-wallet-connect; Media -> music-video-media; Commerce -> content-sale; Governance -> dao-governance; Crays -> nostr-and-crays; Library -> archive-library,,,0,,,Research Source: go-nostr GitHub,0,,1,Research Source: go-nostr GitHub,21,0,0,P3,gezielte redaktionelle Politur und Quellenabgleich
https://www.crays.org/nostr/source-inventory/deep-research/dev/github-com-marmot-protocol-b4d74fa3/,source-inventory/deep-research/dev/github-com-marmot-protocol-b4d74fa3,Research Source: Marmot Protocol,Library,Source inventory,Grundlagenartikel,brauchbar,1518,12,5,4,5,645,683,,Start -> what-is-nostr; People -> people; Apps -> apps/catalog; Relays -> relay-market-directory; NIPs -> nips/complete-index; Privacy -> privacy-security; Wallets -> nip-47-wallet-connect; Media -> music-video-media; Commerce -> content-sale; Governance -> dao-governance; Crays -> nostr-and-crays; Library -> archive-library,,,0,,,Research Source: Marmot Protocol,0,,1,Research Source: Marmot Protocol,21,0,0,P3,gezielte redaktionelle Politur und Quellenabgleich
https://www.crays.org/nostr/source-inventory/deep-research/dev/github-com-monstr-github-15e449c8/,source-inventory/deep-research/dev/github-com-monstr-github-15e449c8,Research Source: monstr GitHub,Library,Source inventory,Grundlagenartikel,brauchbar,1533,12,5,4,5,645,683,,Start -> what-is-nostr; People -> people; Apps -> apps/catalog; Relays -> relay-market-directory; NIPs -> nips/complete-index; Privacy -> privacy-security; Wallets -> nip-47-wallet-connect; Media -> music-video-media; Commerce -> content-sale; Governance -> dao-governance; Crays -> nostr-and-crays; Library -> archive-library,,,0,,,Research Source: monstr GitHub,0,,1,Research Source: monstr GitHub,21,0,0,P3,gezielte redaktionelle Politur und Quellenabgleich
https://www.crays.org/nostr/source-inventory/deep-research/dev/github-com-nak-github-5f486dd6/,source-inventory/deep-research/dev/github-com-nak-github-5f486dd6,Research Source: nak GitHub,Library,Source inventory,Grundlagenartikel,brauchbar,1531,12,5,4,5,645,684,,Start -> what-is-nostr; People -> people; Apps -> apps/catalog; Relays -> relay-market-directory; NIPs -> nips/complete-index; Privacy -> privacy-security; Wallets -> nip-47-wallet-connect; Media -> music-video-media; Commerce -> content-sale; Governance -> dao-governance; Crays -> nostr-and-crays; Library -> archive-library,,,0,,,Research Source: nak GitHub,0,,1,Research Source: nak GitHub,21,0,0,P3,gezielte redaktionelle Politur und Quellenabgleich
https://www.crays.org/nostr/source-inventory/deep-research/dev/github-com-ndk-github-1ff509e9/,source-inventory/deep-research/dev/github-com-ndk-github-1ff509e9,Research Source: NDK GitHub,Library,Source inventory,Grundlagenartikel,brauchbar,1537,12,5,4,5,645,684,,Start -> what-is-nostr; People -> people; Apps -> apps/catalog; Relays -> relay-market-directory; NIPs -> nips/complete-index; Privacy -> privacy-security; Wallets -> nip-47-wallet-connect; Media -> music-video-media; Commerce -> content-sale; Governance -> dao-governance; Crays -> nostr-and-crays; Library -> archive-library,,,0,,,Research Source: NDK GitHub,0,,1,Research Source: NDK GitHub,21,0,0,P3,gezielte redaktionelle Politur und Quellenabgleich
https://www.crays.org/nostr/source-inventory/deep-research/dev/github-com-negentropy-bf894046/,source-inventory/deep-research/dev/github-com-negentropy-bf894046,Research Source: Negentropy,Library,Source inventory,Grundlagenartikel,brauchbar,1513,12,5,4,5,645,683,,Start -> what-is-nostr; People -> people; Apps -> apps/catalog; Relays -> relay-market-directory; NIPs -> nips/complete-index; Privacy -> privacy-security; Wallets -> nip-47-wallet-connect; Media -> music-video-media; Commerce -> content-sale; Governance -> dao-governance; Crays -> nostr-and-crays; Library -> archive-library,,,0,,,Research Source: Negentropy,0,,1,Research Source: Negentropy,21,0,0,P3,gezielte redaktionelle Politur und Quellenabgleich
https://www.crays.org/nostr/source-inventory/deep-research/dev/github-com-noscl-github-b6749ccc/,source-inventory/deep-research/dev/github-com-noscl-github-b6749ccc,Research Source: noscl GitHub,Library,Source inventory,Grundlagenartikel,brauchbar,1532,12,5,4,5,645,684,,Start -> what-is-nostr; People -> people; Apps -> apps/catalog; Relays -> relay-market-directory; NIPs -> nips/complete-index; Privacy -> privacy-security; Wallets -> nip-47-wallet-connect; Media -> music-video-media; Commerce -> content-sale; Governance -> dao-governance; Crays -> nostr-and-crays; Library -> archive-library,,,0,,,Research Source: noscl GitHub,0,,1,Research Source: noscl GitHub,21,0,0,P3,gezielte redaktionelle Politur und Quellenabgleich
https://www.crays.org/nostr/source-inventory/deep-research/dev/github-com-nostr-protocol-nostr-github-a87d379e/,source-inventory/deep-research/dev/github-com-nostr-protocol-nostr-github-a87d379e,Research Source: nostr-protocol/nostr GitHub,Library,Source inventory,Grundlagenartikel,brauchbar,1537,11,5,4,5,645,683,,Start -> what-is-nostr; People -> people; Apps -> apps/catalog; Relays -> relay-market-directory; NIPs -> nips/complete-index; Privacy -> privacy-security; Wallets -> nip-47-wallet-connect; Media -> music-video-media; Commerce -> content-sale; Governance -> dao-governance; Crays -> nostr-and-crays; Library -> archive-library,,,0,,,Research Source: nostr-protocol/nostr GitHub,0,,1,Research Source: nostr-protocol/nostr GitHub,25,0,0,P3,gezielte redaktionelle Politur und Quellenabgleich
https://www.crays.org/nostr/source-inventory/deep-research/dev/github-com-nostr-sdk-ffi-github-aa6b3b6c/,source-inventory/deep-research/dev/github-com-nostr-sdk-ffi-github-aa6b3b6c,Research Source: nostr-sdk-ffi GitHub,Library,Source inventory,Grundlagenartikel,brauchbar,1533,12,5,4,5,645,683,,Start -> what-is-nostr; People -> people; Apps -> apps/catalog; Relays -> relay-market-directory; NIPs -> nips/complete-index; Privacy -> privacy-security; Wallets -> nip-47-wallet-connect; Media -> music-video-media; Commerce -> content-sale; Governance -> dao-governance; Crays -> nostr-and-crays; Library -> archive-library,,,0,,,Research Source: nostr-sdk-ffi GitHub,0,,1,Research Source: nostr-sdk-ffi GitHub,21,0,0,P3,gezielte redaktionelle Politur und Quellenabgleich
https://www.crays.org/nostr/source-inventory/deep-research/dev/github-com-nostr-tools-github-7723df3d/,source-inventory/deep-research/dev/github-com-nostr-tools-github-7723df3d,Research Source: nostr-tools GitHub,Library,Source inventory,Grundlagenartikel,brauchbar,1538,12,5,4,5,645,684,,Start -> what-is-nostr; People -> people; Apps -> apps/catalog; Relays -> relay-market-directory; NIPs -> nips/complete-index; Privacy -> privacy-security; Wallets -> nip-47-wallet-connect; Media -> music-video-media; Commerce -> content-sale; Governance -> dao-governance; Crays -> nostr-and-crays; Library -> archive-library,,,0,,,Research Source: nostr-tools GitHub,0,,1,Research Source: nostr-tools GitHub,21,0,0,P3,gezielte redaktionelle Politur und Quellenabgleich
https://www.crays.org/nostr/source-inventory/deep-research/dev/github-com-nostrability-51277dcf/,source-inventory/deep-research/dev/github-com-nostrability-51277dcf,Research Source: Nostrability,Library,Source inventory,Grundlagenartikel,brauchbar,1508,12,5,4,5,645,683,,Start -> what-is-nostr; People -> people; Apps -> apps/catalog; Relays -> relay-market-directory; NIPs -> nips/complete-index; Privacy -> privacy-security; Wallets -> nip-47-wallet-connect; Media -> music-video-media; Commerce -> content-sale; Governance -> dao-governance; Crays -> nostr-and-crays; Library -> archive-library,,,0,,,Research Source: Nostrability,0,,1,Research Source: Nostrability,21,0,0,P3,gezielte redaktionelle Politur und Quellenabgleich
https://www.crays.org/nostr/source-inventory/deep-research/dev/github-com-nostrdb-github-1d80713b/,source-inventory/deep-research/dev/github-com-nostrdb-github-1d80713b,Research Source: nostrdb GitHub,Library,Source inventory,Grundlagenartikel,brauchbar,1535,12,5,4,5,645,683,,Start -> what-is-nostr; People -> people; Apps -> apps/catalog; Relays -> relay-market-directory; NIPs -> nips/complete-index; Privacy -> privacy-security; Wallets -> nip-47-wallet-connect; Media -> music-video-media; Commerce -> content-sale; Governance -> dao-governance; Crays -> nostr-and-crays; Library -> archive-library,,,0,,,Research Source: nostrdb GitHub,0,,1,Research Source: nostrdb GitHub,21,0,0,P3,gezielte redaktionelle Politur und Quellenabgleich
https://www.crays.org/nostr/source-inventory/deep-research/dev/github-com-pynostr-github-31c8cd43/,source-inventory/deep-research/dev/github-com-pynostr-github-31c8cd43,Research Source: pynostr GitHub,Library,Source inventory,Grundlagenartikel,brauchbar,1531,12,5,4,5,645,683,,Start -> what-is-nostr; People -> people; Apps -> apps/catalog; Relays -> relay-market-directory; NIPs -> nips/complete-index; Privacy -> privacy-security; Wallets -> nip-47-wallet-connect; Media -> music-video-media; Commerce -> content-sale; Governance -> dao-governance; Crays -> nostr-and-crays; Library -> archive-library,,,0,,,Research Source: pynostr GitHub,0,,1,Research Source: pynostr GitHub,21,0,0,P3,gezielte redaktionelle Politur und Quellenabgleich
https://www.crays.org/nostr/source-inventory/deep-research/dev/github-com-python-nostr-github-ad7778ed/,source-inventory/deep-research/dev/github-com-python-nostr-github-ad7778ed,Research Source: python-nostr GitHub,Library,Source inventory,Grundlagenartikel,brauchbar,1531,12,5,4,5,645,683,,Start -> what-is-nostr; People -> people; Apps -> apps/catalog; Relays -> relay-market-directory; NIPs -> nips/complete-index; Privacy -> privacy-security; Wallets -> nip-47-wallet-connect; Media -> music-video-media; Commerce -> content-sale; Governance -> dao-governance; Crays -> nostr-and-crays; Library -> archive-library,,,0,,,Research Source: python-nostr GitHub,0,,1,Research Source: python-nostr GitHub,21,0,0,P3,gezielte redaktionelle Politur und Quellenabgleich
https://www.crays.org/nostr/source-inventory/deep-research/dev/github-com-rsslay-d5f8228e/,source-inventory/deep-research/dev/github-com-rsslay-d5f8228e,Research Source: rsslay,Library,Source inventory,Grundlagenartikel,brauchbar,1486,12,5,4,5,645,683,,Start -> what-is-nostr; People -> people; Apps -> apps/catalog; Relays -> relay-market-directory; NIPs -> nips/complete-index; Privacy -> privacy-security; Wallets -> nip-47-wallet-connect; Media -> music-video-media; Commerce -> content-sale; Governance -> dao-governance; Crays -> nostr-and-crays; Library -> archive-library,,,0,,,Research Source: rsslay,0,,1,Research Source: rsslay,21,0,0,P3,gezielte redaktionelle Politur und Quellenabgleich
https://www.crays.org/nostr/source-inventory/deep-research/dev/github-com-rust-nostr-github-8420b2e8/,source-inventory/deep-research/dev/github-com-rust-nostr-github-8420b2e8,Research Source: rust-nostr GitHub,Library,Source inventory,Grundlagenartikel,brauchbar,1532,12,5,4,5,645,684,,Start -> what-is-nostr; People -> people; Apps -> apps/catalog; Relays -> relay-market-directory; NIPs -> nips/complete-index; Privacy -> privacy-security; Wallets -> nip-47-wallet-connect; Media -> music-video-media; Commerce -> content-sale; Governance -> dao-governance; Crays -> nostr-and-crays; Library -> archive-library,,,0,,,Research Source: rust-nostr GitHub,0,,1,Research Source: rust-nostr GitHub,21,0,0,P3,gezielte redaktionelle Politur und Quellenabgleich
https://www.crays.org/nostr/source-inventory/deep-research/dev/hellonostr-dev-hello-nostr-resources-864872b1/,source-inventory/deep-research/dev/hellonostr-dev-hello-nostr-resources-864872b1,Research Source: Hello Nostr — Resources,Library,Source inventory,Grundlagenartikel,brauchbar,1603,11,5,4,5,645,684,,Start -> what-is-nostr; People -> people; Apps -> apps/catalog; Relays -> relay-market-directory; NIPs -> nips/complete-index; Privacy -> privacy-security; Wallets -> nip-47-wallet-connect; Media -> music-video-media; Commerce -> content-sale; Governance -> dao-governance; Crays -> nostr-and-crays; Library -> archive-library,,,0,,,Research Source: Hello Nostr — Resources,0,,1,Research Source: Hello Nostr — Resources,28,0,0,P3,gezielte redaktionelle Politur und Quellenabgleich
https://www.crays.org/nostr/source-inventory/deep-research/dev/koteitan-github-io-nostr-post-checker-f948e025/,source-inventory/deep-research/dev/koteitan-github-io-nostr-post-checker-f948e025,Research Source: nostr-post-checker,Library,Source inventory,Grundlagenartikel,brauchbar,1478,12,5,4,5,645,683,,Start -> what-is-nostr; People -> people; Apps -> apps/catalog; Relays -> relay-market-directory; NIPs -> nips/complete-index; Privacy -> privacy-security; Wallets -> nip-47-wallet-connect; Media -> music-video-media; Commerce -> content-sale; Governance -> dao-governance; Crays -> nostr-and-crays; Library -> archive-library,,,0,,,Research Source: nostr-post-checker,0,,1,Research Source: nostr-post-checker,21,0,0,P3,gezielte redaktionelle Politur und Quellenabgleich
https://www.crays.org/nostr/source-inventory/deep-research/dev/nak-nostr-com-nak-nostr-army-knife-b846e1b6/,source-inventory/deep-research/dev/nak-nostr-com-nak-nostr-army-knife-b846e1b6,Research Source: nak — Nostr Army Knife,Library,Source inventory,Grundlagenartikel,brauchbar,1561,12,5,4,5,645,683,,Start -> what-is-nostr; People -> people; Apps -> apps/catalog; Relays -> relay-market-directory; NIPs -> nips/complete-index; Privacy -> privacy-security; Wallets -> nip-47-wallet-connect; Media -> music-video-media; Commerce -> content-sale; Governance -> dao-governance; Crays -> nostr-and-crays; Library -> archive-library,,,0,,,Research Source: nak — Nostr Army Knife,0,,1,Research Source: nak — Nostr Army Knife,21,0,0,P3,gezielte redaktionelle Politur und Quellenabgleich
https://www.crays.org/nostr/source-inventory/deep-research/dev/nashboard-app-nashboard-3f52f541/,source-inventory/deep-research/dev/nashboard-app-nashboard-3f52f541,Research Source: nashboard,Library,Source inventory,Grundlagenartikel,brauchbar,1487,12,5,4,5,645,683,,Start -> what-is-nostr; People -> people; Apps -> apps/catalog; Relays -> relay-market-directory; NIPs -> nips/complete-index; Privacy -> privacy-security; Wallets -> nip-47-wallet-connect; Media -> music-video-media; Commerce -> content-sale; Governance -> dao-governance; Crays -> nostr-and-crays; Library -> archive-library,,,0,,,Research Source: nashboard,0,,1,Research Source: nashboard,21,0,0,P3,gezielte redaktionelle Politur und Quellenabgleich
https://www.crays.org/nostr/source-inventory/deep-research/dev/nosbin-com-nosbin-fdf2a390/,source-inventory/deep-research/dev/nosbin-com-nosbin-fdf2a390,Research Source: nosbin,Library,Source inventory,Grundlagenartikel,brauchbar,1489,12,5,4,5,645,683,,Start -> what-is-nostr; People -> people; Apps -> apps/catalog; Relays -> relay-market-directory; NIPs -> nips/complete-index; Privacy -> privacy-security; Wallets -> nip-47-wallet-connect; Media -> music-video-media; Commerce -> content-sale; Governance -> dao-governance; Crays -> nostr-and-crays; Library -> archive-library,,,0,,,Research Source: nosbin,0,,1,Research Source: nosbin,21,0,0,P3,gezielte redaktionelle Politur und Quellenabgleich
https://www.crays.org/nostr/source-inventory/deep-research/dev/nostr-build-nostr-build-800bc19f/,source-inventory/deep-research/dev/nostr-build-nostr-build-800bc19f,Research Source: nostr.build,Library,Source inventory,Grundlagenartikel,brauchbar,1557,11,5,4,5,645,683,,Start -> what-is-nostr; People -> people; Apps -> apps/catalog; Relays -> relay-market-directory; NIPs -> nips/complete-index; Privacy -> privacy-security; Wallets -> nip-47-wallet-connect; Media -> music-video-media; Commerce -> content-sale; Governance -> dao-governance; Crays -> nostr-and-crays; Library -> archive-library,,,0,,,Research Source: nostr.build,0,,1,Research Source: nostr.build,28,0,0,P3,gezielte redaktionelle Politur und Quellenabgleich
https://www.crays.org/nostr/source-inventory/deep-research/dev/nostrapp-link-nostr-app-manager-3afc88b3/,source-inventory/deep-research/dev/nostrapp-link-nostr-app-manager-3afc88b3,Research Source: Nostr App Manager,Library,Source inventory,Grundlagenartikel,brauchbar,1540,12,5,4,5,645,684,,Start -> what-is-nostr; People -> people; Apps -> apps/catalog; Relays -> relay-market-directory; NIPs -> nips/complete-index; Privacy -> privacy-security; Wallets -> nip-47-wallet-connect; Media -> music-video-media; Commerce -> content-sale; Governance -> dao-governance; Crays -> nostr-and-crays; Library -> archive-library,,,0,,,Research Source: Nostr App Manager,0,,1,Research Source: Nostr App Manager,21,0,0,P3,gezielte redaktionelle Politur und Quellenabgleich
https://www.crays.org/nostr/source-inventory/deep-research/dev/nostrcg-github-io-nostr-developer-guide-4dd08516/,source-inventory/deep-research/dev/nostrcg-github-io-nostr-developer-guide-4dd08516,Research Source: Nostr Developer Guide,Library,Source inventory,Grundlagenartikel,brauchbar,1535,10,5,4,5,645,683,,Start -> what-is-nostr; People -> people; Apps -> apps/catalog; Relays -> relay-market-directory; NIPs -> nips/complete-index; Privacy -> privacy-security; Wallets -> nip-47-wallet-connect; Media -> music-video-media; Commerce -> content-sale; Governance -> dao-governance; Crays -> nostr-and-crays; Library -> archive-library,,,0,,,Research Source: Nostr Developer Guide,0,,1,Research Source: Nostr Developer Guide,32,0,0,P3,gezielte redaktionelle Politur und Quellenabgleich
https://www.crays.org/nostr/source-inventory/deep-research/dev/nostrcheck-me-nostrcheck-b7bb5b2a/,source-inventory/deep-research/dev/nostrcheck-me-nostrcheck-b7bb5b2a,Research Source: nostrcheck,Library,Source inventory,Grundlagenartikel,brauchbar,1562,10,5,4,5,645,683,,Start -> what-is-nostr; People -> people; Apps -> apps/catalog; Relays -> relay-market-directory; NIPs -> nips/complete-index; Privacy -> privacy-security; Wallets -> nip-47-wallet-connect; Media -> music-video-media; Commerce -> content-sale; Governance -> dao-governance; Crays -> nostr-and-crays; Library -> archive-library,,,0,,,Research Source: nostrcheck,0,,1,Research Source: nostrcheck,38,0,0,P3,gezielte redaktionelle Politur und Quellenabgleich
https://www.crays.org/nostr/source-inventory/deep-research/dev/npmjs-com-ndk-npm-093fac46/,source-inventory/deep-research/dev/npmjs-com-ndk-npm-093fac46,Research Source: NDK NPM,Library,Source inventory,Grundlagenartikel,brauchbar,1512,12,5,4,5,645,683,,Start -> what-is-nostr; People -> people; Apps -> apps/catalog; Relays -> relay-market-directory; NIPs -> nips/complete-index; Privacy -> privacy-security; Wallets -> nip-47-wallet-connect; Media -> music-video-media; Commerce -> content-sale; Governance -> dao-governance; Crays -> nostr-and-crays; Library -> archive-library,,,0,,,Research Source: NDK NPM,0,,1,Research Source: NDK NPM,21,0,0,P3,gezielte redaktionelle Politur und Quellenabgleich
https://www.crays.org/nostr/source-inventory/deep-research/dev/npmjs-com-nostr-tools-npm-35e0e8d5/,source-inventory/deep-research/dev/npmjs-com-nostr-tools-npm-35e0e8d5,Research Source: nostr-tools NPM,Library,Source inventory,Grundlagenartikel,brauchbar,1512,12,5,4,5,645,684,,Start -> what-is-nostr; People -> people; Apps -> apps/catalog; Relays -> relay-market-directory; NIPs -> nips/complete-index; Privacy -> privacy-security; Wallets -> nip-47-wallet-connect; Media -> music-video-media; Commerce -> content-sale; Governance -> dao-governance; Crays -> nostr-and-crays; Library -> archive-library,,,0,,,Research Source: nostr-tools NPM,0,,1,Research Source: nostr-tools NPM,21,0,0,P3,gezielte redaktionelle Politur und Quellenabgleich
https://www.crays.org/nostr/source-inventory/deep-research/dev/nsec-app-nsec-app-e3869e1e/,source-inventory/deep-research/dev/nsec-app-nsec-app-e3869e1e,Research Source: nsec.app,Library,Source inventory,Grundlagenartikel,brauchbar,1512,12,5,4,5,645,683,,Start -> what-is-nostr; People -> people; Apps -> apps/catalog; Relays -> relay-market-directory; NIPs -> nips/complete-index; Privacy -> privacy-security; Wallets -> nip-47-wallet-connect; Media -> music-video-media; Commerce -> content-sale; Governance -> dao-governance; Crays -> nostr-and-crays; Library -> archive-library,,,0,,,Research Source: nsec.app,0,,1,Research Source: nsec.app,21,0,0,P3,gezielte redaktionelle Politur und Quellenabgleich
https://www.crays.org/nostr/source-inventory/deep-research/dev/playground-nostr-com-nostr-playground-59995e70/,source-inventory/deep-research/dev/playground-nostr-com-nostr-playground-59995e70,Research Source: Nostr Playground,Library,Source inventory,Grundlagenartikel,brauchbar,1507,12,5,4,5,645,683,,Start -> what-is-nostr; People -> people; Apps -> apps/catalog; Relays -> relay-market-directory; NIPs -> nips/complete-index; Privacy -> privacy-security; Wallets -> nip-47-wallet-connect; Media -> music-video-media; Commerce -> content-sale; Governance -> dao-governance; Crays -> nostr-and-crays; Library -> archive-library,,,0,,,Research Source: Nostr Playground,0,,1,Research Source: Nostr Playground,21,0,0,P3,gezielte redaktionelle Politur und Quellenabgleich
https://www.crays.org/nostr/source-inventory/deep-research/dev/rust-nostr-org-rust-nostr-docs-73ab7740/,source-inventory/deep-research/dev/rust-nostr-org-rust-nostr-docs-73ab7740,Research Source: rust-nostr docs,Library,Source inventory,Grundlagenartikel,brauchbar,1608,10,5,4,5,645,685,,Start -> what-is-nostr; People -> people; Apps -> apps/catalog; Relays -> relay-market-directory; NIPs -> nips/complete-index; Privacy -> privacy-security; Wallets -> nip-47-wallet-connect; Media -> music-video-media; Commerce -> content-sale; Governance -> dao-governance; Crays -> nostr-and-crays; Library -> archive-library,,,0,,,Research Source: rust-nostr docs,0,,1,Research Source: rust-nostr docs,38,0,0,P3,gezielte redaktionelle Politur und Quellenabgleich
https://www.crays.org/nostr/source-inventory/deep-research/nips/,source-inventory/deep-research/nips,Deep Research: Standards and NIPs,Library,Source inventory,Grundlagenartikel,brauchbar,3591,6,5,4,5,814,702,,Start -> what-is-nostr; People -> people; Apps -> apps/catalog; Relays -> relay-market-directory; NIPs -> nips/complete-index; Privacy -> privacy-security; Wallets -> nip-47-wallet-connect; Media -> music-video-media; Commerce -> content-sale; Governance -> dao-governance; Crays -> nostr-and-crays; Library -> archive-library,,,0,,,Deep Research: Standards and NIPs,0,,1,Deep Research: Standards and NIPs,20,0,0,P3,gezielte redaktionelle Politur und Quellenabgleich
https://www.crays.org/nostr/source-inventory/deep-research/nips/github-com-android-signer-application-c594c7f2/,source-inventory/deep-research/nips/github-com-android-signer-application-c594c7f2,Research Source: Android Signer Application,Library,Source inventory,Grundlagenartikel,brauchbar,1538,12,5,4,5,646,679,,Start -> what-is-nostr; People -> people; Apps -> apps/catalog; Relays -> relay-market-directory; NIPs -> nips/complete-index; Privacy -> privacy-security; Wallets -> nip-47-wallet-connect; Media -> music-video-media; Commerce -> content-sale; Governance -> dao-governance; Crays -> nostr-and-crays; Library -> archive-library,,,0,,,Research Source: Android Signer Application,0,,1,Research Source: Android Signer Application,21,0,0,P3,gezielte redaktionelle Politur und Quellenabgleich
https://www.crays.org/nostr/source-inventory/deep-research/nips/github-com-application-specific-data-3185f7b8/,source-inventory/deep-research/nips/github-com-application-specific-data-3185f7b8,Research Source: Application-specific data,Library,Source inventory,Grundlagenartikel,brauchbar,1512,12,5,4,5,646,679,,Start -> what-is-nostr; People -> people; Apps -> apps/catalog; Relays -> relay-market-directory; NIPs -> nips/complete-index; Privacy -> privacy-security; Wallets -> nip-47-wallet-connect; Media -> music-video-media; Commerce -> content-sale; Governance -> dao-governance; Crays -> nostr-and-crays; Library -> archive-library,,,0,,,Research Source: Application-specific data,0,,1,Research Source: Application-specific data,21,0,0,P3,gezielte redaktionelle Politur und Quellenabgleich
https://www.crays.org/nostr/source-inventory/deep-research/nips/github-com-authentication-of-clients-to-relays-5c8d994d/,source-inventory/deep-research/nips/github-com-authentication-of-clients-to-relays-5c8d994d,Research Source: Authentication of clients to relays,Library,Source inventory,Grundlagenartikel,brauchbar,1590,12,5,4,5,646,679,,Start -> what-is-nostr; People -> people; Apps -> apps/catalog; Relays -> relay-market-directory; NIPs -> nips/complete-index; Privacy -> privacy-security; Wallets -> nip-47-wallet-connect; Media -> music-video-media; Commerce -> content-sale; Governance -> dao-governance; Crays -> nostr-and-crays; Library -> archive-library,,,0,,,Research Source: Authentication of clients to relays,0,,1,Research Source: Authentication of clients to relays,21,0,0,P3,gezielte redaktionelle Politur und Quellenabgleich
https://www.crays.org/nostr/source-inventory/deep-research/nips/github-com-basic-key-derivation-from-mnemonic-seed-phrase-ea8610b8/,source-inventory/deep-research/nips/github-com-basic-key-derivation-from-mnemonic-seed-phrase-ea8610b8,Research Source: Basic key derivation from mnemonic seed phrase,Library,Source inventory,Grundlagenartikel,brauchbar,1650,12,5,4,5,646,679,,Start -> what-is-nostr; People -> people; Apps -> apps/catalog; Relays -> relay-market-directory; NIPs -> nips/complete-index; Privacy -> privacy-security; Wallets -> nip-47-wallet-connect; Media -> music-video-media; Commerce -> content-sale; Governance -> dao-governance; Crays -> nostr-and-crays; Library -> archive-library,,,0,,,Research Source: Basic key derivation from mnemonic seed phrase,0,,1,Research Source: Basic key derivation from mnemonic seed phrase,21,0,0,P3,gezielte redaktionelle Politur und Quellenabgleich
https://www.crays.org/nostr/source-inventory/deep-research/nips/github-com-basic-protocol-flow-7317a5ea/,source-inventory/deep-research/nips/github-com-basic-protocol-flow-7317a5ea,Research Source: Basic protocol flow,Library,Source inventory,Grundlagenartikel,brauchbar,1559,12,5,4,5,646,679,,Start -> what-is-nostr; People -> people; Apps -> apps/catalog; Relays -> relay-market-directory; NIPs -> nips/complete-index; Privacy -> privacy-security; Wallets -> nip-47-wallet-connect; Media -> music-video-media; Commerce -> content-sale; Governance -> dao-governance; Crays -> nostr-and-crays; Library -> archive-library,,,0,,,Research Source: Basic protocol flow,0,,1,Research Source: Basic protocol flow,22,0,0,P3,gezielte redaktionelle Politur und Quellenabgleich
https://www.crays.org/nostr/source-inventory/deep-research/nips/github-com-ble-communications-68b087c4/,source-inventory/deep-research/nips/github-com-ble-communications-68b087c4,Research Source: BLE Communications,Library,Source inventory,Grundlagenartikel,brauchbar,1512,12,5,4,5,646,679,,Start -> what-is-nostr; People -> people; Apps -> apps/catalog; Relays -> relay-market-directory; NIPs -> nips/complete-index; Privacy -> privacy-security; Wallets -> nip-47-wallet-connect; Media -> music-video-media; Commerce -> content-sale; Governance -> dao-governance; Crays -> nostr-and-crays; Library -> archive-library,,,0,,,Research Source: BLE Communications,0,,1,Research Source: BLE Communications,21,0,0,P3,gezielte redaktionelle Politur und Quellenabgleich
https://www.crays.org/nostr/source-inventory/deep-research/nips/github-com-blossom-2235896c/,source-inventory/deep-research/nips/github-com-blossom-2235896c,Research Source: Blossom,Library,Source inventory,Grundlagenartikel,brauchbar,1517,12,5,4,5,647,679,,Start -> what-is-nostr; People -> people; Apps -> apps/catalog; Relays -> relay-market-directory; NIPs -> nips/complete-index; Privacy -> privacy-security; Wallets -> nip-47-wallet-connect; Media -> music-video-media; Commerce -> content-sale; Governance -> dao-governance; Crays -> nostr-and-crays; Library -> archive-library,,,0,,,Research Source: Blossom,0,,1,Research Source: Blossom,23,0,0,P3,gezielte redaktionelle Politur und Quellenabgleich
https://www.crays.org/nostr/source-inventory/deep-research/nips/github-com-bridged-events-7d890cde/,source-inventory/deep-research/nips/github-com-bridged-events-7d890cde,Research Source: Bridged Events,Library,Source inventory,Grundlagenartikel,brauchbar,1507,12,5,4,5,646,679,,Start -> what-is-nostr; People -> people; Apps -> apps/catalog; Relays -> relay-market-directory; NIPs -> nips/complete-index; Privacy -> privacy-security; Wallets -> nip-47-wallet-connect; Media -> music-video-media; Commerce -> content-sale; Governance -> dao-governance; Crays -> nostr-and-crays; Library -> archive-library,,,0,,,Research Source: Bridged Events,0,,1,Research Source: Bridged Events,21,0,0,P3,gezielte redaktionelle Politur und Quellenabgleich
https://www.crays.org/nostr/source-inventory/deep-research/nips/github-com-calendar-events-44e8b0f5/,source-inventory/deep-research/nips/github-com-calendar-events-44e8b0f5,Research Source: Calendar Events,Library,Source inventory,Grundlagenartikel,brauchbar,1507,12,5,4,5,646,679,,Start -> what-is-nostr; People -> people; Apps -> apps/catalog; Relays -> relay-market-directory; NIPs -> nips/complete-index; Privacy -> privacy-security; Wallets -> nip-47-wallet-connect; Media -> music-video-media; Commerce -> content-sale; Governance -> dao-governance; Crays -> nostr-and-crays; Library -> archive-library,,,0,,,Research Source: Calendar Events,0,,1,Research Source: Calendar Events,21,0,0,P3,gezielte redaktionelle Politur und Quellenabgleich
https://www.crays.org/nostr/source-inventory/deep-research/nips/github-com-chats-acc0015b/,source-inventory/deep-research/nips/github-com-chats-acc0015b,Research Source: Chats,Library,Source inventory,Grundlagenartikel,brauchbar,1481,12,5,4,5,646,679,,Start -> what-is-nostr; People -> people; Apps -> apps/catalog; Relays -> relay-market-directory; NIPs -> nips/complete-index; Privacy -> privacy-security; Wallets -> nip-47-wallet-connect; Media -> music-video-media; Commerce -> content-sale; Governance -> dao-governance; Crays -> nostr-and-crays; Library -> archive-library,,,0,,,Research Source: Chats,0,,1,Research Source: Chats,21,0,0,P3,gezielte redaktionelle Politur und Quellenabgleich
https://www.crays.org/nostr/source-inventory/deep-research/nips/github-com-chess-0428b706/,source-inventory/deep-research/nips/github-com-chess-0428b706,Research Source: Chess,Library,Source inventory,Grundlagenartikel,brauchbar,1481,12,5,4,5,646,679,,Start -> what-is-nostr; People -> people; Apps -> apps/catalog; Relays -> relay-market-directory; NIPs -> nips/complete-index; Privacy -> privacy-security; Wallets -> nip-47-wallet-connect; Media -> music-video-media; Commerce -> content-sale; Governance -> dao-governance; Crays -> nostr-and-crays; Library -> archive-library,,,0,,,Research Source: Chess,0,,1,Research Source: Chess,21,0,0,P3,gezielte redaktionelle Politur und Quellenabgleich
https://www.crays.org/nostr/source-inventory/deep-research/nips/github-com-classified-listings-b16fcea5/,source-inventory/deep-research/nips/github-com-classified-listings-b16fcea5,Research Source: Classified Listings,Library,Source inventory,Grundlagenartikel,brauchbar,1507,12,5,4,5,646,679,,Start -> what-is-nostr; People -> people; Apps -> apps/catalog; Relays -> relay-market-directory; NIPs -> nips/complete-index; Privacy -> privacy-security; Wallets -> nip-47-wallet-connect; Media -> music-video-media; Commerce -> content-sale; Governance -> dao-governance; Crays -> nostr-and-crays; Library -> archive-library,,,0,,,Research Source: Classified Listings,0,,1,Research Source: Classified Listings,21,0,0,P3,gezielte redaktionelle Politur und Quellenabgleich
https://www.crays.org/nostr/source-inventory/deep-research/nips/github-com-code-snippets-2cbd9d94/,source-inventory/deep-research/nips/github-com-code-snippets-2cbd9d94,Research Source: Code Snippets,Library,Source inventory,Grundlagenartikel,brauchbar,1512,12,5,4,5,646,679,,Start -> what-is-nostr; People -> people; Apps -> apps/catalog; Relays -> relay-market-directory; NIPs -> nips/complete-index; Privacy -> privacy-security; Wallets -> nip-47-wallet-connect; Media -> music-video-media; Commerce -> content-sale; Governance -> dao-governance; Crays -> nostr-and-crays; Library -> archive-library,,,0,,,Research Source: Code Snippets,0,,1,Research Source: Code Snippets,21,0,0,P3,gezielte redaktionelle Politur und Quellenabgleich
https://www.crays.org/nostr/source-inventory/deep-research/nips/github-com-comments-b9bd8eb8/,source-inventory/deep-research/nips/github-com-comments-b9bd8eb8,Research Source: Comments,Library,Source inventory,Grundlagenartikel,brauchbar,1486,12,5,4,5,646,679,,Start -> what-is-nostr; People -> people; Apps -> apps/catalog; Relays -> relay-market-directory; NIPs -> nips/complete-index; Privacy -> privacy-security; Wallets -> nip-47-wallet-connect; Media -> music-video-media; Commerce -> content-sale; Governance -> dao-governance; Crays -> nostr-and-crays; Library -> archive-library,,,0,,,Research Source: Comments,0,,1,Research Source: Comments,21,0,0,P3,gezielte redaktionelle Politur und Quellenabgleich
https://www.crays.org/nostr/source-inventory/deep-research/nips/github-com-counting-results-a1d75121/,source-inventory/deep-research/nips/github-com-counting-results-a1d75121,Research Source: Counting Results,Library,Source inventory,Grundlagenartikel,brauchbar,1512,12,5,4,5,646,679,,Start -> what-is-nostr; People -> people; Apps -> apps/catalog; Relays -> relay-market-directory; NIPs -> nips/complete-index; Privacy -> privacy-security; Wallets -> nip-47-wallet-connect; Media -> music-video-media; Commerce -> content-sale; Governance -> dao-governance; Crays -> nostr-and-crays; Library -> archive-library,,,0,,,Research Source: Counting Results,0,,1,Research Source: Counting Results,21,0,0,P3,gezielte redaktionelle Politur und Quellenabgleich
https://www.crays.org/nostr/source-inventory/deep-research/nips/github-com-custom-emoji-e394cd80/,source-inventory/deep-research/nips/github-com-custom-emoji-e394cd80,Research Source: Custom Emoji,Library,Source inventory,Grundlagenartikel,brauchbar,1512,12,5,4,5,646,679,,Start -> what-is-nostr; People -> people; Apps -> apps/catalog; Relays -> relay-market-directory; NIPs -> nips/complete-index; Privacy -> privacy-security; Wallets -> nip-47-wallet-connect; Media -> music-video-media; Commerce -> content-sale; Governance -> dao-governance; Crays -> nostr-and-crays; Library -> archive-library,,,0,,,Research Source: Custom Emoji,0,,1,Research Source: Custom Emoji,21,0,0,P3,gezielte redaktionelle Politur und Quellenabgleich
https://www.crays.org/nostr/source-inventory/deep-research/nips/github-com-data-vending-machines-13090f2a/,source-inventory/deep-research/nips/github-com-data-vending-machines-13090f2a,Research Source: Data Vending Machines,Library,Source inventory,Grundlagenartikel,brauchbar,1538,12,5,4,5,646,679,,Start -> what-is-nostr; People -> people; Apps -> apps/catalog; Relays -> relay-market-directory; NIPs -> nips/complete-index; Privacy -> privacy-security; Wallets -> nip-47-wallet-connect; Media -> music-video-media; Commerce -> content-sale; Governance -> dao-governance; Crays -> nostr-and-crays; Library -> archive-library,,,0,,,Research Source: Data Vending Machines,0,,1,Research Source: Data Vending Machines,21,0,0,P3,gezielte redaktionelle Politur und Quellenabgleich
https://www.crays.org/nostr/source-inventory/deep-research/nips/github-com-dealing-with-unknown-events-d0354843/,source-inventory/deep-research/nips/github-com-dealing-with-unknown-events-d0354843,Research Source: Dealing with Unknown Events,Library,Source inventory,Grundlagenartikel,brauchbar,1559,12,5,4,5,646,679,,Start -> what-is-nostr; People -> people; Apps -> apps/catalog; Relays -> relay-market-directory; NIPs -> nips/complete-index; Privacy -> privacy-security; Wallets -> nip-47-wallet-connect; Media -> music-video-media; Commerce -> content-sale; Governance -> dao-governance; Crays -> nostr-and-crays; Library -> archive-library,,,0,,,Research Source: Dealing with Unknown Events,0,,1,Research Source: Dealing with Unknown Events,21,0,0,P3,gezielte redaktionelle Politur und Quellenabgleich
https://www.crays.org/nostr/source-inventory/deep-research/nips/github-com-delegated-event-signing-c156ffab/,source-inventory/deep-research/nips/github-com-delegated-event-signing-c156ffab,Research Source: Delegated Event Signing,Library,Source inventory,Grundlagenartikel,brauchbar,1538,12,5,4,5,646,679,,Start -> what-is-nostr; People -> people; Apps -> apps/catalog; Relays -> relay-market-directory; NIPs -> nips/complete-index; Privacy -> privacy-security; Wallets -> nip-47-wallet-connect; Media -> music-video-media; Commerce -> content-sale; Governance -> dao-governance; Crays -> nostr-and-crays; Library -> archive-library,,,0,,,Research Source: Delegated Event Signing,0,,1,Research Source: Delegated Event Signing,21,0,0,P3,gezielte redaktionelle Politur und Quellenabgleich
https://www.crays.org/nostr/source-inventory/deep-research/nips/github-com-draft-events-88e90065/,source-inventory/deep-research/nips/github-com-draft-events-88e90065,Research Source: Draft Events,Library,Source inventory,Grundlagenartikel,brauchbar,1507,12,5,4,5,646,679,,Start -> what-is-nostr; People -> people; Apps -> apps/catalog; Relays -> relay-market-directory; NIPs -> nips/complete-index; Privacy -> privacy-security; Wallets -> nip-47-wallet-connect; Media -> music-video-media; Commerce -> content-sale; Governance -> dao-governance; Crays -> nostr-and-crays; Library -> archive-library,,,0,,,Research Source: Draft Events,0,,1,Research Source: Draft Events,21,0,0,P3,gezielte redaktionelle Politur und Quellenabgleich
https://www.crays.org/nostr/source-inventory/deep-research/nips/github-com-e2ee-messaging-using-mls-f4fcf63f/,source-inventory/deep-research/nips/github-com-e2ee-messaging-using-mls-f4fcf63f,Research Source: E2EE Messaging using MLS,Library,Source inventory,Grundlagenartikel,brauchbar,1574,12,5,4,5,646,679,,Start -> what-is-nostr; People -> people; Apps -> apps/catalog; Relays -> relay-market-directory; NIPs -> nips/complete-index; Privacy -> privacy-security; Wallets -> nip-47-wallet-connect; Media -> music-video-media; Commerce -> content-sale; Governance -> dao-governance; Crays -> nostr-and-crays; Library -> archive-library,,,0,,,Research Source: E2EE Messaging using MLS,0,,1,Research Source: E2EE Messaging using MLS,21,0,0,P3,gezielte redaktionelle Politur und Quellenabgleich
https://www.crays.org/nostr/source-inventory/deep-research/nips/github-com-ecash-mint-discoverability-e5c299b0/,source-inventory/deep-research/nips/github-com-ecash-mint-discoverability-e5c299b0,Research Source: Ecash Mint Discoverability,Library,Source inventory,Grundlagenartikel,brauchbar,1538,12,5,4,5,646,679,,Start -> what-is-nostr; People -> people; Apps -> apps/catalog; Relays -> relay-market-directory; NIPs -> nips/complete-index; Privacy -> privacy-security; Wallets -> nip-47-wallet-connect; Media -> music-video-media; Commerce -> content-sale; Governance -> dao-governance; Crays -> nostr-and-crays; Library -> archive-library,,,0,,,Research Source: Ecash Mint Discoverability,0,,1,Research Source: Ecash Mint Discoverability,21,0,0,P3,gezielte redaktionelle Politur und Quellenabgleich
https://www.crays.org/nostr/source-inventory/deep-research/nips/github-com-encrypted-direct-message-56d7775b/,source-inventory/deep-research/nips/github-com-encrypted-direct-message-56d7775b,Research Source: Encrypted Direct Message,Library,Source inventory,Grundlagenartikel,brauchbar,1552,12,5,4,5,646,679,,Start -> what-is-nostr; People -> people; Apps -> apps/catalog; Relays -> relay-market-directory; NIPs -> nips/complete-index; Privacy -> privacy-security; Wallets -> nip-47-wallet-connect; Media -> music-video-media; Commerce -> content-sale; Governance -> dao-governance; Crays -> nostr-and-crays; Library -> archive-library,,,0,,,Research Source: Encrypted Direct Message,0,,1,Research Source: Encrypted Direct Message,21,0,0,P3,gezielte redaktionelle Politur und Quellenabgleich
https://www.crays.org/nostr/source-inventory/deep-research/nips/github-com-event-deletion-request-6c1bef4a/,source-inventory/deep-research/nips/github-com-event-deletion-request-6c1bef4a,Research Source: Event Deletion Request,Library,Source inventory,Grundlagenartikel,brauchbar,1538,12,5,4,5,646,679,,Start -> what-is-nostr; People -> people; Apps -> apps/catalog; Relays -> relay-market-directory; NIPs -> nips/complete-index; Privacy -> privacy-security; Wallets -> nip-47-wallet-connect; Media -> music-video-media; Commerce -> content-sale; Governance -> dao-governance; Crays -> nostr-and-crays; Library -> archive-library,,,0,,,Research Source: Event Deletion Request,0,,1,Research Source: Event Deletion Request,21,0,0,P3,gezielte redaktionelle Politur und Quellenabgleich
https://www.crays.org/nostr/source-inventory/deep-research/nips/github-com-expiration-timestamp-ea4f37a6/,source-inventory/deep-research/nips/github-com-expiration-timestamp-ea4f37a6,Research Source: Expiration Timestamp,Library,Source inventory,Grundlagenartikel,brauchbar,1512,12,5,4,5,646,679,,Start -> what-is-nostr; People -> people; Apps -> apps/catalog; Relays -> relay-market-directory; NIPs -> nips/complete-index; Privacy -> privacy-security; Wallets -> nip-47-wallet-connect; Media -> music-video-media; Commerce -> content-sale; Governance -> dao-governance; Crays -> nostr-and-crays; Library -> archive-library,,,0,,,Research Source: Expiration Timestamp,0,,1,Research Source: Expiration Timestamp,21,0,0,P3,gezielte redaktionelle Politur und Quellenabgleich
https://www.crays.org/nostr/source-inventory/deep-research/nips/github-com-external-content-ids-b915ed4f/,source-inventory/deep-research/nips/github-com-external-content-ids-b915ed4f,Research Source: External Content IDs,Library,Source inventory,Grundlagenartikel,brauchbar,1538,12,5,4,5,646,679,,Start -> what-is-nostr; People -> people; Apps -> apps/catalog; Relays -> relay-market-directory; NIPs -> nips/complete-index; Privacy -> privacy-security; Wallets -> nip-47-wallet-connect; Media -> music-video-media; Commerce -> content-sale; Governance -> dao-governance; Crays -> nostr-and-crays; Library -> archive-library,,,0,,,Research Source: External Content IDs,0,,1,Research Source: External Content IDs,21,0,0,P3,gezielte redaktionelle Politur und Quellenabgleich
https://www.crays.org/nostr/source-inventory/deep-research/nips/github-com-external-identities-9cb15ba5/,source-inventory/deep-research/nips/github-com-external-identities-9cb15ba5,Research Source: External Identities,Library,Source inventory,Grundlagenartikel,brauchbar,1507,12,5,4,5,646,679,,Start -> what-is-nostr; People -> people; Apps -> apps/catalog; Relays -> relay-market-directory; NIPs -> nips/complete-index; Privacy -> privacy-security; Wallets -> nip-47-wallet-connect; Media -> music-video-media; Commerce -> content-sale; Governance -> dao-governance; Crays -> nostr-and-crays; Library -> archive-library,,,0,,,Research Source: External Identities,0,,1,Research Source: External Identities,21,0,0,P3,gezielte redaktionelle Politur und Quellenabgleich
https://www.crays.org/nostr/source-inventory/deep-research/nips/github-com-extra-metadata-fields-and-tags-08c8c769/,source-inventory/deep-research/nips/github-com-extra-metadata-fields-and-tags-08c8c769,Research Source: Extra metadata fields and tags,Library,Source inventory,Grundlagenartikel,brauchbar,1585,12,5,4,5,646,679,,Start -> what-is-nostr; People -> people; Apps -> apps/catalog; Relays -> relay-market-directory; NIPs -> nips/complete-index; Privacy -> privacy-security; Wallets -> nip-47-wallet-connect; Media -> music-video-media; Commerce -> content-sale; Governance -> dao-governance; Crays -> nostr-and-crays; Library -> archive-library,,,0,,,Research Source: Extra metadata fields and tags,0,,1,Research Source: Extra metadata fields and tags,21,0,0,P3,gezielte redaktionelle Politur und Quellenabgleich
https://www.crays.org/nostr/source-inventory/deep-research/nips/github-com-file-metadata-ce45e870/,source-inventory/deep-research/nips/github-com-file-metadata-ce45e870,Research Source: File Metadata,Library,Source inventory,Grundlagenartikel,brauchbar,1507,12,5,4,5,646,680,,Start -> what-is-nostr; People -> people; Apps -> apps/catalog; Relays -> relay-market-directory; NIPs -> nips/complete-index; Privacy -> privacy-security; Wallets -> nip-47-wallet-connect; Media -> music-video-media; Commerce -> content-sale; Governance -> dao-governance; Crays -> nostr-and-crays; Library -> archive-library,,,0,,,Research Source: File Metadata,0,,1,Research Source: File Metadata,21,0,0,P3,gezielte redaktionelle Politur und Quellenabgleich
https://www.crays.org/nostr/source-inventory/deep-research/nips/github-com-follow-list-aadd965c/,source-inventory/deep-research/nips/github-com-follow-list-aadd965c,Research Source: Follow List,Library,Source inventory,Grundlagenartikel,brauchbar,1512,12,5,4,5,646,679,,Start -> what-is-nostr; People -> people; Apps -> apps/catalog; Relays -> relay-market-directory; NIPs -> nips/complete-index; Privacy -> privacy-security; Wallets -> nip-47-wallet-connect; Media -> music-video-media; Commerce -> content-sale; Governance -> dao-governance; Crays -> nostr-and-crays; Library -> archive-library,,,0,,,Research Source: Follow List,0,,1,Research Source: Follow List,21,0,0,P3,gezielte redaktionelle Politur und Quellenabgleich
https://www.crays.org/nostr/source-inventory/deep-research/nips/github-com-forum-threads-89c24d1b/,source-inventory/deep-research/nips/github-com-forum-threads-89c24d1b,Research Source: Forum Threads,Library,Source inventory,Grundlagenartikel,brauchbar,1512,12,5,4,5,646,679,,Start -> what-is-nostr; People -> people; Apps -> apps/catalog; Relays -> relay-market-directory; NIPs -> nips/complete-index; Privacy -> privacy-security; Wallets -> nip-47-wallet-connect; Media -> music-video-media; Commerce -> content-sale; Governance -> dao-governance; Crays -> nostr-and-crays; Library -> archive-library,,,0,,,Research Source: Forum Threads,0,,1,Research Source: Forum Threads,21,0,0,P3,gezielte redaktionelle Politur und Quellenabgleich
https://www.crays.org/nostr/source-inventory/deep-research/nips/github-com-geocaching-c6410fab/,source-inventory/deep-research/nips/github-com-geocaching-c6410fab,Research Source: Geocaching,Library,Source inventory,Grundlagenartikel,brauchbar,1486,12,5,4,5,646,679,,Start -> what-is-nostr; People -> people; Apps -> apps/catalog; Relays -> relay-market-directory; NIPs -> nips/complete-index; Privacy -> privacy-security; Wallets -> nip-47-wallet-connect; Media -> music-video-media; Commerce -> content-sale; Governance -> dao-governance; Crays -> nostr-and-crays; Library -> archive-library,,,0,,,Research Source: Geocaching,0,,1,Research Source: Geocaching,21,0,0,P3,gezielte redaktionelle Politur und Quellenabgleich
https://www.crays.org/nostr/source-inventory/deep-research/nips/github-com-gift-wrap-c510f775/,source-inventory/deep-research/nips/github-com-gift-wrap-c510f775,Research Source: Gift Wrap,Library,Source inventory,Grundlagenartikel,brauchbar,1512,12,5,4,5,646,679,,Start -> what-is-nostr; People -> people; Apps -> apps/catalog; Relays -> relay-market-directory; NIPs -> nips/complete-index; Privacy -> privacy-security; Wallets -> nip-47-wallet-connect; Media -> music-video-media; Commerce -> content-sale; Governance -> dao-governance; Crays -> nostr-and-crays; Library -> archive-library,,,0,,,Research Source: Gift Wrap,0,,1,Research Source: Gift Wrap,21,0,0,P3,gezielte redaktionelle Politur und Quellenabgleich
https://www.crays.org/nostr/source-inventory/deep-research/nips/github-com-handling-mentions-3393c9b3/,source-inventory/deep-research/nips/github-com-handling-mentions-3393c9b3,Research Source: Handling Mentions,Library,Source inventory,Grundlagenartikel,brauchbar,1526,12,5,4,5,646,679,,Start -> what-is-nostr; People -> people; Apps -> apps/catalog; Relays -> relay-market-directory; NIPs -> nips/complete-index; Privacy -> privacy-security; Wallets -> nip-47-wallet-connect; Media -> music-video-media; Commerce -> content-sale; Governance -> dao-governance; Crays -> nostr-and-crays; Library -> archive-library,,,0,,,Research Source: Handling Mentions,0,,1,Research Source: Handling Mentions,21,0,0,P3,gezielte redaktionelle Politur und Quellenabgleich
https://www.crays.org/nostr/source-inventory/deep-research/nips/github-com-highlights-a74bd3cf/,source-inventory/deep-research/nips/github-com-highlights-a74bd3cf,Research Source: Highlights,Library,Source inventory,Grundlagenartikel,brauchbar,1486,12,5,4,5,645,679,,Start -> what-is-nostr; People -> people; Apps -> apps/catalog; Relays -> relay-market-directory; NIPs -> nips/complete-index; Privacy -> privacy-security; Wallets -> nip-47-wallet-connect; Media -> music-video-media; Commerce -> content-sale; Governance -> dao-governance; Crays -> nostr-and-crays; Library -> archive-library,,,0,,,Research Source: Highlights,0,,1,Research Source: Highlights,21,0,0,P3,gezielte redaktionelle Politur und Quellenabgleich
https://www.crays.org/nostr/source-inventory/deep-research/nips/github-com-http-auth-53ccbd75/,source-inventory/deep-research/nips/github-com-http-auth-53ccbd75,Research Source: HTTP Auth,Library,Source inventory,Grundlagenartikel,brauchbar,1507,12,5,4,5,646,680,,Start -> what-is-nostr; People -> people; Apps -> apps/catalog; Relays -> relay-market-directory; NIPs -> nips/complete-index; Privacy -> privacy-security; Wallets -> nip-47-wallet-connect; Media -> music-video-media; Commerce -> content-sale; Governance -> dao-governance; Crays -> nostr-and-crays; Library -> archive-library,,,0,,,Research Source: HTTP Auth,0,,1,Research Source: HTTP Auth,21,0,0,P3,gezielte redaktionelle Politur und Quellenabgleich
https://www.crays.org/nostr/source-inventory/deep-research/nips/github-com-http-file-storage-integration-8053751f/,source-inventory/deep-research/nips/github-com-http-file-storage-integration-8053751f,Research Source: HTTP File Storage Integration,Library,Source inventory,Grundlagenartikel,brauchbar,1574,12,5,4,5,646,680,,Start -> what-is-nostr; People -> people; Apps -> apps/catalog; Relays -> relay-market-directory; NIPs -> nips/complete-index; Privacy -> privacy-security; Wallets -> nip-47-wallet-connect; Media -> music-video-media; Commerce -> content-sale; Governance -> dao-governance; Crays -> nostr-and-crays; Library -> archive-library,,,0,,,Research Source: HTTP File Storage Integration,0,,1,Research Source: HTTP File Storage Integration,21,0,0,P3,gezielte redaktionelle Politur und Quellenabgleich
https://www.crays.org/nostr/source-inventory/deep-research/nips/github-com-labeling-4fb7d6ea/,source-inventory/deep-research/nips/github-com-labeling-4fb7d6ea,Research Source: Labeling,Library,Source inventory,Grundlagenartikel,brauchbar,1486,12,5,4,5,646,679,,Start -> what-is-nostr; People -> people; Apps -> apps/catalog; Relays -> relay-market-directory; NIPs -> nips/complete-index; Privacy -> privacy-security; Wallets -> nip-47-wallet-connect; Media -> music-video-media; Commerce -> content-sale; Governance -> dao-governance; Crays -> nostr-and-crays; Library -> archive-library,,,0,,,Research Source: Labeling,0,,1,Research Source: Labeling,21,0,0,P3,gezielte redaktionelle Politur und Quellenabgleich
https://www.crays.org/nostr/source-inventory/deep-research/nips/github-com-lists-8a9e39c9/,source-inventory/deep-research/nips/github-com-lists-8a9e39c9,Research Source: Lists,Library,Source inventory,Grundlagenartikel,brauchbar,1486,12,5,4,5,646,680,,Start -> what-is-nostr; People -> people; Apps -> apps/catalog; Relays -> relay-market-directory; NIPs -> nips/complete-index; Privacy -> privacy-security; Wallets -> nip-47-wallet-connect; Media -> music-video-media; Commerce -> content-sale; Governance -> dao-governance; Crays -> nostr-and-crays; Library -> archive-library,,,0,,,Research Source: Lists,0,,1,Research Source: Lists,21,0,0,P3,gezielte redaktionelle Politur und Quellenabgleich
https://www.crays.org/nostr/source-inventory/deep-research/nips/github-com-live-activities-0e0e192a/,source-inventory/deep-research/nips/github-com-live-activities-0e0e192a,Research Source: Live Activities,Library,Source inventory,Grundlagenartikel,brauchbar,1512,12,5,4,5,646,680,,Start -> what-is-nostr; People -> people; Apps -> apps/catalog; Relays -> relay-market-directory; NIPs -> nips/complete-index; Privacy -> privacy-security; Wallets -> nip-47-wallet-connect; Media -> music-video-media; Commerce -> content-sale; Governance -> dao-governance; Crays -> nostr-and-crays; Library -> archive-library,,,0,,,Research Source: Live Activities,0,,1,Research Source: Live Activities,21,0,0,P3,gezielte redaktionelle Politur und Quellenabgleich
https://www.crays.org/nostr/source-inventory/deep-research/nips/github-com-mapping-nostr-keys-to-dns-based-identifiers-b0e87617/,source-inventory/deep-research/nips/github-com-mapping-nostr-keys-to-dns-based-identifiers-b0e87617,Research Source: Mapping Nostr keys to DNS-based identifiers,Library,Source inventory,Grundlagenartikel,brauchbar,1615,12,5,4,5,646,680,,Start -> what-is-nostr; People -> people; Apps -> apps/catalog; Relays -> relay-market-directory; NIPs -> nips/complete-index; Privacy -> privacy-security; Wallets -> nip-47-wallet-connect; Media -> music-video-media; Commerce -> content-sale; Governance -> dao-governance; Crays -> nostr-and-crays; Library -> archive-library,,,0,,,Research Source: Mapping Nostr keys to DNS-based identifiers,0,,1,Research Source: Mapping Nostr keys to DNS-based identifiers,21,0,0,P3,gezielte redaktionelle Politur und Quellenabgleich
https://www.crays.org/nostr/source-inventory/deep-research/nips/github-com-moderated-communities-f1a7b01b/,source-inventory/deep-research/nips/github-com-moderated-communities-f1a7b01b,Research Source: Moderated Communities,Library,Source inventory,Grundlagenartikel,brauchbar,1522,12,5,4,5,646,679,,Start -> what-is-nostr; People -> people; Apps -> apps/catalog; Relays -> relay-market-directory; NIPs -> nips/complete-index; Privacy -> privacy-security; Wallets -> nip-47-wallet-connect; Media -> music-video-media; Commerce -> content-sale; Governance -> dao-governance; Crays -> nostr-and-crays; Library -> archive-library,,,0,,,Research Source: Moderated Communities,0,,1,Research Source: Moderated Communities,21,0,0,P3,gezielte redaktionelle Politur und Quellenabgleich
https://www.crays.org/nostr/source-inventory/deep-research/nips/github-com-nip-03-opentimestamps-attestations-a9c397e5/,source-inventory/deep-research/nips/github-com-nip-03-opentimestamps-attestations-a9c397e5,Research Source: NIP-03: OpenTimestamps Attestations,Library,Source inventory,NIP-Seite,brauchbar,1539,12,5,4,5,646,679,,Start -> what-is-nostr; People -> people; Apps -> apps/catalog; Relays -> relay-market-directory; NIPs -> nips/complete-index; Privacy -> privacy-security; Wallets -> nip-47-wallet-connect; Media -> music-video-media; Commerce -> content-sale; Governance -> dao-governance; Crays -> nostr-and-crays; Library -> archive-library,,,0,,,Research Source: NIP-03: OpenTimestamps Attestations,0,,1,Research Source: NIP-03: OpenTimestamps Attestations,21,0,0,P3,gezielte redaktionelle Politur und Quellenabgleich
https://www.crays.org/nostr/source-inventory/deep-research/nips/github-com-nip-07-window-nostr-capability-for-web-browsers-ae27813d/,source-inventory/deep-research/nips/github-com-nip-07-window-nostr-capability-for-web-browsers-ae27813d,Research Source: NIP-07: window.nostr capability for web browsers,Library,Source inventory,NIP-Seite,brauchbar,1636,12,5,4,5,646,679,,Start -> what-is-nostr; People -> people; Apps -> apps/catalog; Relays -> relay-market-directory; NIPs -> nips/complete-index; Privacy -> privacy-security; Wallets -> nip-47-wallet-connect; Media -> music-video-media; Commerce -> content-sale; Governance -> dao-governance; Crays -> nostr-and-crays; Library -> archive-library,,,0,,,Research Source: NIP-07: window.nostr capability for web browsers,0,,1,Research Source: NIP-07: window.nostr capability for web browsers,21,0,0,P3,gezielte redaktionelle Politur und Quellenabgleich
https://www.crays.org/nostr/source-inventory/deep-research/nips/github-com-nip-10-text-notes-and-threads-f706bd99/,source-inventory/deep-research/nips/github-com-nip-10-text-notes-and-threads-f706bd99,Research Source: NIP-10: Text Notes and Threads,Library,Source inventory,NIP-Seite,brauchbar,1584,12,5,4,5,646,679,,Start -> what-is-nostr; People -> people; Apps -> apps/catalog; Relays -> relay-market-directory; NIPs -> nips/complete-index; Privacy -> privacy-security; Wallets -> nip-47-wallet-connect; Media -> music-video-media; Commerce -> content-sale; Governance -> dao-governance; Crays -> nostr-and-crays; Library -> archive-library,,,0,,,Research Source: NIP-10: Text Notes and Threads,0,,1,Research Source: NIP-10: Text Notes and Threads,21,0,0,P3,gezielte redaktionelle Politur und Quellenabgleich
https://www.crays.org/nostr/source-inventory/deep-research/nips/github-com-nip-11-relay-information-document-dac3602a/,source-inventory/deep-research/nips/github-com-nip-11-relay-information-document-dac3602a,Research Source: NIP-11: Relay Information Document,Library,Source inventory,NIP-Seite,brauchbar,1553,12,5,4,5,646,679,,Start -> what-is-nostr; People -> people; Apps -> apps/catalog; Relays -> relay-market-directory; NIPs -> nips/complete-index; Privacy -> privacy-security; Wallets -> nip-47-wallet-connect; Media -> music-video-media; Commerce -> content-sale; Governance -> dao-governance; Crays -> nostr-and-crays; Library -> archive-library,,,0,,,Research Source: NIP-11: Relay Information Document,0,,1,Research Source: NIP-11: Relay Information Document,21,0,0,P3,gezielte redaktionelle Politur und Quellenabgleich
https://www.crays.org/nostr/source-inventory/deep-research/nips/github-com-nip-13-proof-of-work-ebf7218a/,source-inventory/deep-research/nips/github-com-nip-13-proof-of-work-ebf7218a,Research Source: NIP-13: Proof of Work,Library,Source inventory,NIP-Seite,brauchbar,1553,12,5,4,5,646,679,,Start -> what-is-nostr; People -> people; Apps -> apps/catalog; Relays -> relay-market-directory; NIPs -> nips/complete-index; Privacy -> privacy-security; Wallets -> nip-47-wallet-connect; Media -> music-video-media; Commerce -> content-sale; Governance -> dao-governance; Crays -> nostr-and-crays; Library -> archive-library,,,0,,,Research Source: NIP-13: Proof of Work,0,,1,Research Source: NIP-13: Proof of Work,21,0,0,P3,gezielte redaktionelle Politur und Quellenabgleich
https://www.crays.org/nostr/source-inventory/deep-research/nips/github-com-nip-14-subject-tag-736097cb/,source-inventory/deep-research/nips/github-com-nip-14-subject-tag-736097cb,Research Source: NIP-14: Subject tag,Library,Source inventory,NIP-Seite,brauchbar,1527,12,5,4,5,646,679,,Start -> what-is-nostr; People -> people; Apps -> apps/catalog; Relays -> relay-market-directory; NIPs -> nips/complete-index; Privacy -> privacy-security; Wallets -> nip-47-wallet-connect; Media -> music-video-media; Commerce -> content-sale; Governance -> dao-governance; Crays -> nostr-and-crays; Library -> archive-library,,,0,,,Research Source: NIP-14: Subject tag,0,,1,Research Source: NIP-14: Subject tag,21,0,0,P3,gezielte redaktionelle Politur und Quellenabgleich
https://www.crays.org/nostr/source-inventory/deep-research/nips/github-com-nip-17-private-direct-messages-6d4ce459/,source-inventory/deep-research/nips/github-com-nip-17-private-direct-messages-6d4ce459,Research Source: NIP-17: Private Direct Messages,Library,Source inventory,NIP-Seite,brauchbar,1558,12,5,4,5,646,679,,Start -> what-is-nostr; People -> people; Apps -> apps/catalog; Relays -> relay-market-directory; NIPs -> nips/complete-index; Privacy -> privacy-security; Wallets -> nip-47-wallet-connect; Media -> music-video-media; Commerce -> content-sale; Governance -> dao-governance; Crays -> nostr-and-crays; Library -> archive-library,,,0,,,Research Source: NIP-17: Private Direct Messages,0,,1,Research Source: NIP-17: Private Direct Messages,21,0,0,P3,gezielte redaktionelle Politur und Quellenabgleich
https://www.crays.org/nostr/source-inventory/deep-research/nips/github-com-nip-18-reposts-a2cdca50/,source-inventory/deep-research/nips/github-com-nip-18-reposts-a2cdca50,Research Source: NIP-18: Reposts,Library,Source inventory,NIP-Seite,brauchbar,1506,12,5,4,5,646,679,,Start -> what-is-nostr; People -> people; Apps -> apps/catalog; Relays -> relay-market-directory; NIPs -> nips/complete-index; Privacy -> privacy-security; Wallets -> nip-47-wallet-connect; Media -> music-video-media; Commerce -> content-sale; Governance -> dao-governance; Crays -> nostr-and-crays; Library -> archive-library,,,0,,,Research Source: NIP-18: Reposts,0,,1,Research Source: NIP-18: Reposts,21,0,0,P3,gezielte redaktionelle Politur und Quellenabgleich
https://www.crays.org/nostr/source-inventory/deep-research/nips/github-com-nip-19-bech32-encoded-entities-07b26912/,source-inventory/deep-research/nips/github-com-nip-19-bech32-encoded-entities-07b26912,Research Source: NIP-19: bech32-encoded entities,Library,Source inventory,NIP-Seite,brauchbar,1527,12,5,4,5,646,680,,Start -> what-is-nostr; People -> people; Apps -> apps/catalog; Relays -> relay-market-directory; NIPs -> nips/complete-index; Privacy -> privacy-security; Wallets -> nip-47-wallet-connect; Media -> music-video-media; Commerce -> content-sale; Governance -> dao-governance; Crays -> nostr-and-crays; Library -> archive-library,,,0,,,Research Source: NIP-19: bech32-encoded entities,0,,1,Research Source: NIP-19: bech32-encoded entities,21,0,0,P3,gezielte redaktionelle Politur und Quellenabgleich
https://www.crays.org/nostr/source-inventory/deep-research/nips/github-com-nip-21-nostr-uri-scheme-4a492731/,source-inventory/deep-research/nips/github-com-nip-21-nostr-uri-scheme-4a492731,Research Source: NIP-21: nostr: URI scheme,Library,Source inventory,NIP-Seite,brauchbar,1558,12,5,4,5,646,679,,Start -> what-is-nostr; People -> people; Apps -> apps/catalog; Relays -> relay-market-directory; NIPs -> nips/complete-index; Privacy -> privacy-security; Wallets -> nip-47-wallet-connect; Media -> music-video-media; Commerce -> content-sale; Governance -> dao-governance; Crays -> nostr-and-crays; Library -> archive-library,,,0,,,Research Source: NIP-21: nostr: URI scheme,0,,1,Research Source: NIP-21: nostr: URI scheme,21,0,0,P3,gezielte redaktionelle Politur und Quellenabgleich
https://www.crays.org/nostr/source-inventory/deep-research/nips/github-com-nip-25-reactions-e39f562b/,source-inventory/deep-research/nips/github-com-nip-25-reactions-e39f562b,Research Source: NIP-25: Reactions,Library,Source inventory,NIP-Seite,brauchbar,1506,12,5,4,5,646,679,,Start -> what-is-nostr; People -> people; Apps -> apps/catalog; Relays -> relay-market-directory; NIPs -> nips/complete-index; Privacy -> privacy-security; Wallets -> nip-47-wallet-connect; Media -> music-video-media; Commerce -> content-sale; Governance -> dao-governance; Crays -> nostr-and-crays; Library -> archive-library,,,0,,,Research Source: NIP-25: Reactions,0,,1,Research Source: NIP-25: Reactions,21,0,0,P3,gezielte redaktionelle Politur und Quellenabgleich
https://www.crays.org/nostr/source-inventory/deep-research/nips/github-com-nip-27-text-note-references-18b2fc2d/,source-inventory/deep-research/nips/github-com-nip-27-text-note-references-18b2fc2d,Research Source: NIP-27: Text Note References,Library,Source inventory,NIP-Seite,brauchbar,1558,12,5,4,5,646,679,,Start -> what-is-nostr; People -> people; Apps -> apps/catalog; Relays -> relay-market-directory; NIPs -> nips/complete-index; Privacy -> privacy-security; Wallets -> nip-47-wallet-connect; Media -> music-video-media; Commerce -> content-sale; Governance -> dao-governance; Crays -> nostr-and-crays; Library -> archive-library,,,0,,,Research Source: NIP-27: Text Note References,0,,1,Research Source: NIP-27: Text Note References,21,0,0,P3,gezielte redaktionelle Politur und Quellenabgleich
https://www.crays.org/nostr/source-inventory/deep-research/nips/github-com-nip-28-public-chat-3446748f/,source-inventory/deep-research/nips/github-com-nip-28-public-chat-3446748f,Research Source: NIP-28: Public Chat,Library,Source inventory,NIP-Seite,brauchbar,1533,12,5,4,5,646,679,,Start -> what-is-nostr; People -> people; Apps -> apps/catalog; Relays -> relay-market-directory; NIPs -> nips/complete-index; Privacy -> privacy-security; Wallets -> nip-47-wallet-connect; Media -> music-video-media; Commerce -> content-sale; Governance -> dao-governance; Crays -> nostr-and-crays; Library -> archive-library,,,0,,,Research Source: NIP-28: Public Chat,0,,1,Research Source: NIP-28: Public Chat,21,0,0,P3,gezielte redaktionelle Politur und Quellenabgleich
https://www.crays.org/nostr/source-inventory/deep-research/nips/github-com-nip-29-relay-based-groups-7b9c2439/,source-inventory/deep-research/nips/github-com-nip-29-relay-based-groups-7b9c2439,Research Source: NIP-29: Relay-based Groups,Library,Source inventory,NIP-Seite,brauchbar,1532,12,5,4,5,646,680,,Start -> what-is-nostr; People -> people; Apps -> apps/catalog; Relays -> relay-market-directory; NIPs -> nips/complete-index; Privacy -> privacy-security; Wallets -> nip-47-wallet-connect; Media -> music-video-media; Commerce -> content-sale; Governance -> dao-governance; Crays -> nostr-and-crays; Library -> archive-library,,,0,,,Research Source: NIP-29: Relay-based Groups,0,,1,Research Source: NIP-29: Relay-based Groups,21,0,0,P3,gezielte redaktionelle Politur und Quellenabgleich
https://www.crays.org/nostr/source-inventory/deep-research/nips/github-com-nip-34-git-stuff-b60dc76a/,source-inventory/deep-research/nips/github-com-nip-34-git-stuff-b60dc76a,Research Source: NIP-34: git stuff,Library,Source inventory,NIP-Seite,brauchbar,1532,12,5,4,5,646,679,,Start -> what-is-nostr; People -> people; Apps -> apps/catalog; Relays -> relay-market-directory; NIPs -> nips/complete-index; Privacy -> privacy-security; Wallets -> nip-47-wallet-connect; Media -> music-video-media; Commerce -> content-sale; Governance -> dao-governance; Crays -> nostr-and-crays; Library -> archive-library,,,0,,,Research Source: NIP-34: git stuff,0,,1,Research Source: NIP-34: git stuff,21,0,0,P3,gezielte redaktionelle Politur und Quellenabgleich
https://www.crays.org/nostr/source-inventory/deep-research/nips/github-com-nip-35-torrents-f31e2cf4/,source-inventory/deep-research/nips/github-com-nip-35-torrents-f31e2cf4,Research Source: NIP-35: Torrents,Library,Source inventory,NIP-Seite,brauchbar,1506,12,5,4,5,646,679,,Start -> what-is-nostr; People -> people; Apps -> apps/catalog; Relays -> relay-market-directory; NIPs -> nips/complete-index; Privacy -> privacy-security; Wallets -> nip-47-wallet-connect; Media -> music-video-media; Commerce -> content-sale; Governance -> dao-governance; Crays -> nostr-and-crays; Library -> archive-library,,,0,,,Research Source: NIP-35: Torrents,0,,1,Research Source: NIP-35: Torrents,21,0,0,P3,gezielte redaktionelle Politur und Quellenabgleich
https://www.crays.org/nostr/source-inventory/deep-research/nips/github-com-nip-36-sensitive-content-12a7878b/,source-inventory/deep-research/nips/github-com-nip-36-sensitive-content-12a7878b,Research Source: NIP-36: Sensitive Content,Library,Source inventory,NIP-Seite,brauchbar,1532,12,5,4,5,646,679,,Start -> what-is-nostr; People -> people; Apps -> apps/catalog; Relays -> relay-market-directory; NIPs -> nips/complete-index; Privacy -> privacy-security; Wallets -> nip-47-wallet-connect; Media -> music-video-media; Commerce -> content-sale; Governance -> dao-governance; Crays -> nostr-and-crays; Library -> archive-library,,,0,,,Research Source: NIP-36: Sensitive Content,0,,1,Research Source: NIP-36: Sensitive Content,21,0,0,P3,gezielte redaktionelle Politur und Quellenabgleich
https://www.crays.org/nostr/source-inventory/deep-research/nips/github-com-nip-38-user-statuses-841659e3/,source-inventory/deep-research/nips/github-com-nip-38-user-statuses-841659e3,Research Source: NIP-38: User Statuses,Library,Source inventory,NIP-Seite,brauchbar,1527,12,5,4,5,646,679,,Start -> what-is-nostr; People -> people; Apps -> apps/catalog; Relays -> relay-market-directory; NIPs -> nips/complete-index; Privacy -> privacy-security; Wallets -> nip-47-wallet-connect; Media -> music-video-media; Commerce -> content-sale; Governance -> dao-governance; Crays -> nostr-and-crays; Library -> archive-library,,,0,,,Research Source: NIP-38: User Statuses,0,,1,Research Source: NIP-38: User Statuses,21,0,0,P3,gezielte redaktionelle Politur und Quellenabgleich
https://www.crays.org/nostr/source-inventory/deep-research/nips/github-com-nip-43-relay-access-metadata-and-requests-1ef88042/,source-inventory/deep-research/nips/github-com-nip-43-relay-access-metadata-and-requests-1ef88042,Research Source: NIP-43: Relay Access Metadata and Requests,Library,Source inventory,NIP-Seite,brauchbar,1605,12,5,4,5,646,679,,Start -> what-is-nostr; People -> people; Apps -> apps/catalog; Relays -> relay-market-directory; NIPs -> nips/complete-index; Privacy -> privacy-security; Wallets -> nip-47-wallet-connect; Media -> music-video-media; Commerce -> content-sale; Governance -> dao-governance; Crays -> nostr-and-crays; Library -> archive-library,,,0,,,Research Source: NIP-43: Relay Access Metadata and Requests,0,,1,Research Source: NIP-43: Relay Access Metadata and Requests,21,0,0,P3,gezielte redaktionelle Politur und Quellenabgleich
https://www.crays.org/nostr/source-inventory/deep-research/nips/github-com-nip-44-versioned-encryption-a62862e1/,source-inventory/deep-research/nips/github-com-nip-44-versioned-encryption-a62862e1,Research Source: NIP-44: Versioned Encryption,Library,Source inventory,NIP-Seite,brauchbar,1527,12,5,4,5,646,680,,Start -> what-is-nostr; People -> people; Apps -> apps/catalog; Relays -> relay-market-directory; NIPs -> nips/complete-index; Privacy -> privacy-security; Wallets -> nip-47-wallet-connect; Media -> music-video-media; Commerce -> content-sale; Governance -> dao-governance; Crays -> nostr-and-crays; Library -> archive-library,,,0,,,Research Source: NIP-44: Versioned Encryption,0,,1,Research Source: NIP-44: Versioned Encryption,21,0,0,P3,gezielte redaktionelle Politur und Quellenabgleich
https://www.crays.org/nostr/source-inventory/deep-research/nips/github-com-nip-46-nostr-remote-signing-0b78bbc5/,source-inventory/deep-research/nips/github-com-nip-46-nostr-remote-signing-0b78bbc5,Research Source: NIP-46: Nostr Remote Signing,Library,Source inventory,NIP-Seite,brauchbar,1563,12,5,4,5,646,680,,Start -> what-is-nostr; People -> people; Apps -> apps/catalog; Relays -> relay-market-directory; NIPs -> nips/complete-index; Privacy -> privacy-security; Wallets -> nip-47-wallet-connect; Media -> music-video-media; Commerce -> content-sale; Governance -> dao-governance; Crays -> nostr-and-crays; Library -> archive-library,,,0,,,Research Source: NIP-46: Nostr Remote Signing,0,,1,Research Source: NIP-46: Nostr Remote Signing,21,0,0,P3,gezielte redaktionelle Politur und Quellenabgleich
https://www.crays.org/nostr/source-inventory/deep-research/nips/github-com-nip-49-private-key-encryption-a874de5d/,source-inventory/deep-research/nips/github-com-nip-49-private-key-encryption-a874de5d,Research Source: NIP-49: Private Key Encryption,Library,Source inventory,NIP-Seite,brauchbar,1559,12,5,4,5,646,679,,Start -> what-is-nostr; People -> people; Apps -> apps/catalog; Relays -> relay-market-directory; NIPs -> nips/complete-index; Privacy -> privacy-security; Wallets -> nip-47-wallet-connect; Media -> music-video-media; Commerce -> content-sale; Governance -> dao-governance; Crays -> nostr-and-crays; Library -> archive-library,,,0,,,Research Source: NIP-49: Private Key Encryption,0,,1,Research Source: NIP-49: Private Key Encryption,21,0,0,P3,gezielte redaktionelle Politur und Quellenabgleich
https://www.crays.org/nostr/source-inventory/deep-research/nips/github-com-nip-50-search-capability-1db9ab1c/,source-inventory/deep-research/nips/github-com-nip-50-search-capability-1db9ab1c,Research Source: NIP-50: Search Capability,Library,Source inventory,NIP-Seite,brauchbar,1527,12,5,4,5,646,679,,Start -> what-is-nostr; People -> people; Apps -> apps/catalog; Relays -> relay-market-directory; NIPs -> nips/complete-index; Privacy -> privacy-security; Wallets -> nip-47-wallet-connect; Media -> music-video-media; Commerce -> content-sale; Governance -> dao-governance; Crays -> nostr-and-crays; Library -> archive-library,,,0,,,Research Source: NIP-50: Search Capability,0,,1,Research Source: NIP-50: Search Capability,21,0,0,P3,gezielte redaktionelle Politur und Quellenabgleich
https://www.crays.org/nostr/source-inventory/deep-research/nips/github-com-nip-54-wiki-6cf58a83/,source-inventory/deep-research/nips/github-com-nip-54-wiki-6cf58a83,Research Source: NIP-54: Wiki,Library,Source inventory,NIP-Seite,brauchbar,1506,12,5,4,5,646,679,,Start -> what-is-nostr; People -> people; Apps -> apps/catalog; Relays -> relay-market-directory; NIPs -> nips/complete-index; Privacy -> privacy-security; Wallets -> nip-47-wallet-connect; Media -> music-video-media; Commerce -> content-sale; Governance -> dao-governance; Crays -> nostr-and-crays; Library -> archive-library,,,0,,,Research Source: NIP-54: Wiki,0,,1,Research Source: NIP-54: Wiki,21,0,0,P3,gezielte redaktionelle Politur und Quellenabgleich
https://www.crays.org/nostr/source-inventory/deep-research/nips/github-com-nip-56-reporting-0bebad5e/,source-inventory/deep-research/nips/github-com-nip-56-reporting-0bebad5e,Research Source: NIP-56: Reporting,Library,Source inventory,NIP-Seite,brauchbar,1506,12,5,4,5,646,679,,Start -> what-is-nostr; People -> people; Apps -> apps/catalog; Relays -> relay-market-directory; NIPs -> nips/complete-index; Privacy -> privacy-security; Wallets -> nip-47-wallet-connect; Media -> music-video-media; Commerce -> content-sale; Governance -> dao-governance; Crays -> nostr-and-crays; Library -> archive-library,,,0,,,Research Source: NIP-56: Reporting,0,,1,Research Source: NIP-56: Reporting,21,0,0,P3,gezielte redaktionelle Politur und Quellenabgleich
https://www.crays.org/nostr/source-inventory/deep-research/nips/github-com-nip-5a-static-websites-nsites-c8b04419/,source-inventory/deep-research/nips/github-com-nip-5a-static-websites-nsites-c8b04419,Research Source: NIP-5A: Static Websites / nsites,Library,Source inventory,NIP-Seite,brauchbar,1558,12,5,4,5,646,679,,Start -> what-is-nostr; People -> people; Apps -> apps/catalog; Relays -> relay-market-directory; NIPs -> nips/complete-index; Privacy -> privacy-security; Wallets -> nip-47-wallet-connect; Media -> music-video-media; Commerce -> content-sale; Governance -> dao-governance; Crays -> nostr-and-crays; Library -> archive-library,,,0,,,Research Source: NIP-5A: Static Websites / nsites,0,,1,Research Source: NIP-5A: Static Websites / nsites,21,0,0,P3,gezielte redaktionelle Politur und Quellenabgleich
https://www.crays.org/nostr/source-inventory/deep-research/nips/github-com-nip-62-request-to-vanish-cba693ff/,source-inventory/deep-research/nips/github-com-nip-62-request-to-vanish-cba693ff,Research Source: NIP-62: Request to Vanish,Library,Source inventory,NIP-Seite,brauchbar,1563,12,5,4,5,646,679,,Start -> what-is-nostr; People -> people; Apps -> apps/catalog; Relays -> relay-market-directory; NIPs -> nips/complete-index; Privacy -> privacy-security; Wallets -> nip-47-wallet-connect; Media -> music-video-media; Commerce -> content-sale; Governance -> dao-governance; Crays -> nostr-and-crays; Library -> archive-library,,,0,,,Research Source: NIP-62: Request to Vanish,0,,1,Research Source: NIP-62: Request to Vanish,21,0,0,P3,gezielte redaktionelle Politur und Quellenabgleich
https://www.crays.org/nostr/source-inventory/deep-research/nips/github-com-nip-65-relay-list-metadata-c806485f/,source-inventory/deep-research/nips/github-com-nip-65-relay-list-metadata-c806485f,Research Source: NIP-65: Relay List Metadata,Library,Source inventory,NIP-Seite,brauchbar,1558,12,5,4,5,646,680,,Start -> what-is-nostr; People -> people; Apps -> apps/catalog; Relays -> relay-market-directory; NIPs -> nips/complete-index; Privacy -> privacy-security; Wallets -> nip-47-wallet-connect; Media -> music-video-media; Commerce -> content-sale; Governance -> dao-governance; Crays -> nostr-and-crays; Library -> archive-library,,,0,,,Research Source: NIP-65: Relay List Metadata,0,,1,Research Source: NIP-65: Relay List Metadata,21,0,0,P3,gezielte redaktionelle Politur und Quellenabgleich
https://www.crays.org/nostr/source-inventory/deep-research/nips/github-com-nip-66-nostr-watch-stack-b0380f64/,source-inventory/deep-research/nips/github-com-nip-66-nostr-watch-stack-b0380f64,Research Source: NIP-66 / nostr-watch stack,Library,Source inventory,NIP-Seite,brauchbar,1513,12,5,4,5,645,680,,Start -> what-is-nostr; People -> people; Apps -> apps/catalog; Relays -> relay-market-directory; NIPs -> nips/complete-index; Privacy -> privacy-security; Wallets -> nip-47-wallet-connect; Media -> music-video-media; Commerce -> content-sale; Governance -> dao-governance; Crays -> nostr-and-crays; Library -> archive-library,,,0,,,Research Source: NIP-66 / nostr-watch stack,0,,1,Research Source: NIP-66 / nostr-watch stack,21,0,0,P3,gezielte redaktionelle Politur und Quellenabgleich
https://www.crays.org/nostr/source-inventory/deep-research/nips/github-com-nip-66-relay-liveness-monitoring-443a8a9d/,source-inventory/deep-research/nips/github-com-nip-66-relay-liveness-monitoring-443a8a9d,Research Source: NIP-66: Relay Liveness Monitoring,Library,Source inventory,NIP-Seite,brauchbar,1563,12,5,4,5,646,679,,Start -> what-is-nostr; People -> people; Apps -> apps/catalog; Relays -> relay-market-directory; NIPs -> nips/complete-index; Privacy -> privacy-security; Wallets -> nip-47-wallet-connect; Media -> music-video-media; Commerce -> content-sale; Governance -> dao-governance; Crays -> nostr-and-crays; Library -> archive-library,,,0,,,Research Source: NIP-66: Relay Liveness Monitoring,0,,1,Research Source: NIP-66: Relay Liveness Monitoring,21,0,0,P3,gezielte redaktionelle Politur und Quellenabgleich
https://www.crays.org/nostr/source-inventory/deep-research/nips/github-com-nip-68-picture-first-feeds-36dd5562/,source-inventory/deep-research/nips/github-com-nip-68-picture-first-feeds-36dd5562,Research Source: NIP-68: Picture-first feeds,Library,Source inventory,NIP-Seite,brauchbar,1532,12,5,4,5,646,680,,Start -> what-is-nostr; People -> people; Apps -> apps/catalog; Relays -> relay-market-directory; NIPs -> nips/complete-index; Privacy -> privacy-security; Wallets -> nip-47-wallet-connect; Media -> music-video-media; Commerce -> content-sale; Governance -> dao-governance; Crays -> nostr-and-crays; Library -> archive-library,,,0,,,Research Source: NIP-68: Picture-first feeds,0,,1,Research Source: NIP-68: Picture-first feeds,21,0,0,P3,gezielte redaktionelle Politur und Quellenabgleich
https://www.crays.org/nostr/source-inventory/deep-research/nips/github-com-nip-69-peer-to-peer-order-events-d55def68/,source-inventory/deep-research/nips/github-com-nip-69-peer-to-peer-order-events-d55def68,Research Source: NIP-69: Peer-to-peer Order events,Library,Source inventory,NIP-Seite,brauchbar,1575,12,5,4,5,646,679,,Start -> what-is-nostr; People -> people; Apps -> apps/catalog; Relays -> relay-market-directory; NIPs -> nips/complete-index; Privacy -> privacy-security; Wallets -> nip-47-wallet-connect; Media -> music-video-media; Commerce -> content-sale; Governance -> dao-governance; Crays -> nostr-and-crays; Library -> archive-library,,,0,,,Research Source: NIP-69: Peer-to-peer Order events,0,,1,Research Source: NIP-69: Peer-to-peer Order events,22,0,0,P3,gezielte redaktionelle Politur und Quellenabgleich
https://www.crays.org/nostr/source-inventory/deep-research/nips/github-com-nip-70-protected-events-55230a8c/,source-inventory/deep-research/nips/github-com-nip-70-protected-events-55230a8c,Research Source: NIP-70: Protected Events,Library,Source inventory,NIP-Seite,brauchbar,1532,12,5,4,5,646,679,,Start -> what-is-nostr; People -> people; Apps -> apps/catalog; Relays -> relay-market-directory; NIPs -> nips/complete-index; Privacy -> privacy-security; Wallets -> nip-47-wallet-connect; Media -> music-video-media; Commerce -> content-sale; Governance -> dao-governance; Crays -> nostr-and-crays; Library -> archive-library,,,0,,,Research Source: NIP-70: Protected Events,0,,1,Research Source: NIP-70: Protected Events,21,0,0,P3,gezielte redaktionelle Politur und Quellenabgleich
https://www.crays.org/nostr/source-inventory/deep-research/nips/github-com-nip-77-negentropy-syncing-bdc83ab7/,source-inventory/deep-research/nips/github-com-nip-77-negentropy-syncing-bdc83ab7,Research Source: NIP-77: Negentropy Syncing,Library,Source inventory,NIP-Seite,brauchbar,1527,12,5,4,5,646,679,,Start -> what-is-nostr; People -> people; Apps -> apps/catalog; Relays -> relay-market-directory; NIPs -> nips/complete-index; Privacy -> privacy-security; Wallets -> nip-47-wallet-connect; Media -> music-video-media; Commerce -> content-sale; Governance -> dao-governance; Crays -> nostr-and-crays; Library -> archive-library,,,0,,,Research Source: NIP-77: Negentropy Syncing,0,,1,Research Source: NIP-77: Negentropy Syncing,21,0,0,P3,gezielte redaktionelle Politur und Quellenabgleich
https://www.crays.org/nostr/source-inventory/deep-research/nips/github-com-nip-85-trusted-assertions-8408640a/,source-inventory/deep-research/nips/github-com-nip-85-trusted-assertions-8408640a,Research Source: NIP-85: Trusted Assertions,Library,Source inventory,NIP-Seite,brauchbar,1532,12,5,4,5,646,679,,Start -> what-is-nostr; People -> people; Apps -> apps/catalog; Relays -> relay-market-directory; NIPs -> nips/complete-index; Privacy -> privacy-security; Wallets -> nip-47-wallet-connect; Media -> music-video-media; Commerce -> content-sale; Governance -> dao-governance; Crays -> nostr-and-crays; Library -> archive-library,,,0,,,Research Source: NIP-85: Trusted Assertions,0,,1,Research Source: NIP-85: Trusted Assertions,21,0,0,P3,gezielte redaktionelle Politur und Quellenabgleich
https://www.crays.org/nostr/source-inventory/deep-research/nips/github-com-nip-86-relay-management-api-5ba484dd/,source-inventory/deep-research/nips/github-com-nip-86-relay-management-api-5ba484dd,Research Source: NIP-86: Relay Management API,Library,Source inventory,NIP-Seite,brauchbar,1558,12,5,4,5,646,679,,Start -> what-is-nostr; People -> people; Apps -> apps/catalog; Relays -> relay-market-directory; NIPs -> nips/complete-index; Privacy -> privacy-security; Wallets -> nip-47-wallet-connect; Media -> music-video-media; Commerce -> content-sale; Governance -> dao-governance; Crays -> nostr-and-crays; Library -> archive-library,,,0,,,Research Source: NIP-86: Relay Management API,0,,1,Research Source: NIP-86: Relay Management API,21,0,0,P3,gezielte redaktionelle Politur und Quellenabgleich
https://www.crays.org/nostr/source-inventory/deep-research/nips/github-com-nip-88-polls-521c2b23/,source-inventory/deep-research/nips/github-com-nip-88-polls-521c2b23,Research Source: NIP-88: Polls,Library,Source inventory,NIP-Seite,brauchbar,1506,12,5,4,5,646,679,,Start -> what-is-nostr; People -> people; Apps -> apps/catalog; Relays -> relay-market-directory; NIPs -> nips/complete-index; Privacy -> privacy-security; Wallets -> nip-47-wallet-connect; Media -> music-video-media; Commerce -> content-sale; Governance -> dao-governance; Crays -> nostr-and-crays; Library -> archive-library,,,0,,,Research Source: NIP-88: Polls,0,,1,Research Source: NIP-88: Polls,21,0,0,P3,gezielte redaktionelle Politur und Quellenabgleich
https://www.crays.org/nostr/source-inventory/deep-research/nips/github-com-nip-89-recommended-application-handlers-4bc4f7ba/,source-inventory/deep-research/nips/github-com-nip-89-recommended-application-handlers-4bc4f7ba,Research Source: NIP-89: Recommended Application Handlers,Library,Source inventory,NIP-Seite,brauchbar,1558,12,5,4,5,646,679,,Start -> what-is-nostr; People -> people; Apps -> apps/catalog; Relays -> relay-market-directory; NIPs -> nips/complete-index; Privacy -> privacy-security; Wallets -> nip-47-wallet-connect; Media -> music-video-media; Commerce -> content-sale; Governance -> dao-governance; Crays -> nostr-and-crays; Library -> archive-library,,,0,,,Research Source: NIP-89: Recommended Application Handlers,0,,1,Research Source: NIP-89: Recommended Application Handlers,21,0,0,P3,gezielte redaktionelle Politur und Quellenabgleich
https://www.crays.org/nostr/source-inventory/deep-research/nips/github-com-nip-a0-voice-messages-a3e87ccf/,source-inventory/deep-research/nips/github-com-nip-a0-voice-messages-a3e87ccf,Research Source: NIP-A0: Voice Messages,Library,Source inventory,Grundlagenartikel,brauchbar,1532,12,5,4,5,646,680,,Start -> what-is-nostr; People -> people; Apps -> apps/catalog; Relays -> relay-market-directory; NIPs -> nips/complete-index; Privacy -> privacy-security; Wallets -> nip-47-wallet-connect; Media -> music-video-media; Commerce -> content-sale; Governance -> dao-governance; Crays -> nostr-and-crays; Library -> archive-library,,,0,,,Research Source: NIP-A0: Voice Messages,0,,1,Research Source: NIP-A0: Voice Messages,21,0,0,P3,gezielte redaktionelle Politur und Quellenabgleich
https://www.crays.org/nostr/source-inventory/deep-research/nips/github-com-nip-a4-public-messages-ad2ae606/,source-inventory/deep-research/nips/github-com-nip-a4-public-messages-ad2ae606,Research Source: NIP-A4: Public Messages,Library,Source inventory,Grundlagenartikel,brauchbar,1527,12,5,4,5,646,679,,Start -> what-is-nostr; People -> people; Apps -> apps/catalog; Relays -> relay-market-directory; NIPs -> nips/complete-index; Privacy -> privacy-security; Wallets -> nip-47-wallet-connect; Media -> music-video-media; Commerce -> content-sale; Governance -> dao-governance; Crays -> nostr-and-crays; Library -> archive-library,,,0,,,Research Source: NIP-A4: Public Messages,0,,1,Research Source: NIP-A4: Public Messages,21,0,0,P3,gezielte redaktionelle Politur und Quellenabgleich
https://www.crays.org/nostr/source-inventory/deep-research/nips/github-com-nip-b0-web-bookmarks-7dc0af2e/,source-inventory/deep-research/nips/github-com-nip-b0-web-bookmarks-7dc0af2e,Research Source: NIP-B0: Web Bookmarks,Library,Source inventory,Grundlagenartikel,brauchbar,1532,12,5,4,5,646,680,,Start -> what-is-nostr; People -> people; Apps -> apps/catalog; Relays -> relay-market-directory; NIPs -> nips/complete-index; Privacy -> privacy-security; Wallets -> nip-47-wallet-connect; Media -> music-video-media; Commerce -> content-sale; Governance -> dao-governance; Crays -> nostr-and-crays; Library -> archive-library,,,0,,,Research Source: NIP-B0: Web Bookmarks,0,,1,Research Source: NIP-B0: Web Bookmarks,21,0,0,P3,gezielte redaktionelle Politur und Quellenabgleich
https://www.crays.org/nostr/source-inventory/deep-research/nips/github-com-nip-f4-podcasts-93092b69/,source-inventory/deep-research/nips/github-com-nip-f4-podcasts-93092b69,Research Source: NIP-F4: Podcasts,Library,Source inventory,Grundlagenartikel,brauchbar,1517,12,5,4,5,646,679,,Start -> what-is-nostr; People -> people; Apps -> apps/catalog; Relays -> relay-market-directory; NIPs -> nips/complete-index; Privacy -> privacy-security; Wallets -> nip-47-wallet-connect; Media -> music-video-media; Commerce -> content-sale; Governance -> dao-governance; Crays -> nostr-and-crays; Library -> archive-library,,,0,,,Research Source: NIP-F4: Podcasts,0,,1,Research Source: NIP-F4: Podcasts,21,0,0,P3,gezielte redaktionelle Politur und Quellenabgleich
https://www.crays.org/nostr/source-inventory/deep-research/nips/github-com-nostr-protocol-nips-github-a61ab900/,source-inventory/deep-research/nips/github-com-nostr-protocol-nips-github-a61ab900,Research Source: nostr-protocol/nips GitHub,Library,Source inventory,Grundlagenartikel,brauchbar,1562,11,5,4,5,645,679,,Start -> what-is-nostr; People -> people; Apps -> apps/catalog; Relays -> relay-market-directory; NIPs -> nips/complete-index; Privacy -> privacy-security; Wallets -> nip-47-wallet-connect; Media -> music-video-media; Commerce -> content-sale; Governance -> dao-governance; Crays -> nostr-and-crays; Library -> archive-library,,,0,,,Research Source: nostr-protocol/nips GitHub,0,,1,Research Source: nostr-protocol/nips GitHub,30,0,0,P3,gezielte redaktionelle Politur und Quellenabgleich
https://www.crays.org/nostr/source-inventory/deep-research/nips/groups-nip29-com-groups-nip-29-ce3922ec/,source-inventory/deep-research/nips/groups-nip29-com-groups-nip-29-ce3922ec,Research Source: Groups NIP-29,Library,Source inventory,NIP-Seite,brauchbar,1564,13,5,4,5,645,680,,Start -> what-is-nostr; People -> people; Apps -> apps/catalog; Relays -> relay-market-directory; NIPs -> nips/complete-index; Privacy -> privacy-security; Wallets -> nip-47-wallet-connect; Media -> music-video-media; Commerce -> content-sale; Governance -> dao-governance; Crays -> nostr-and-crays; Library -> archive-library,,,0,,,Research Source: Groups NIP-29,0,,1,Research Source: Groups NIP-29,21,0,0,P3,gezielte redaktionelle Politur und Quellenabgleich
https://www.crays.org/nostr/source-inventory/deep-research/nips/nips-nostr-com-android-signer-application-f2ae3d66/,source-inventory/deep-research/nips/nips-nostr-com-android-signer-application-f2ae3d66,Research Source: Android Signer Application,Library,Source inventory,Grundlagenartikel,brauchbar,1521,12,5,4,5,646,679,,Start -> what-is-nostr; People -> people; Apps -> apps/catalog; Relays -> relay-market-directory; NIPs -> nips/complete-index; Privacy -> privacy-security; Wallets -> nip-47-wallet-connect; Media -> music-video-media; Commerce -> content-sale; Governance -> dao-governance; Crays -> nostr-and-crays; Library -> archive-library,,,0,,,Research Source: Android Signer Application,0,,1,Research Source: Android Signer Application,21,0,0,P3,gezielte redaktionelle Politur und Quellenabgleich
https://www.crays.org/nostr/source-inventory/deep-research/nips/nips-nostr-com-application-specific-data-f7ca0ee3/,source-inventory/deep-research/nips/nips-nostr-com-application-specific-data-f7ca0ee3,Research Source: Application-specific data,Library,Source inventory,Grundlagenartikel,brauchbar,1496,12,5,4,5,646,679,,Start -> what-is-nostr; People -> people; Apps -> apps/catalog; Relays -> relay-market-directory; NIPs -> nips/complete-index; Privacy -> privacy-security; Wallets -> nip-47-wallet-connect; Media -> music-video-media; Commerce -> content-sale; Governance -> dao-governance; Crays -> nostr-and-crays; Library -> archive-library,,,0,,,Research Source: Application-specific data,0,,1,Research Source: Application-specific data,21,0,0,P3,gezielte redaktionelle Politur und Quellenabgleich
https://www.crays.org/nostr/source-inventory/deep-research/nips/nips-nostr-com-authentication-of-clients-to-relays-11cf68cf/,source-inventory/deep-research/nips/nips-nostr-com-authentication-of-clients-to-relays-11cf68cf,Research Source: Authentication of clients to relays,Library,Source inventory,Grundlagenartikel,brauchbar,1573,12,5,4,5,646,680,,Start -> what-is-nostr; People -> people; Apps -> apps/catalog; Relays -> relay-market-directory; NIPs -> nips/complete-index; Privacy -> privacy-security; Wallets -> nip-47-wallet-connect; Media -> music-video-media; Commerce -> content-sale; Governance -> dao-governance; Crays -> nostr-and-crays; Library -> archive-library,,,0,,,Research Source: Authentication of clients to relays,0,,1,Research Source: Authentication of clients to relays,21,0,0,P3,gezielte redaktionelle Politur und Quellenabgleich
https://www.crays.org/nostr/source-inventory/deep-research/nips/nips-nostr-com-basic-key-derivation-from-mnemonic-seed-phrase-54d46a68/,source-inventory/deep-research/nips/nips-nostr-com-basic-key-derivation-from-mnemonic-seed-phrase-54d46a68,Research Source: Basic key derivation from mnemonic seed phrase,Library,Source inventory,Grundlagenartikel,brauchbar,1637,12,5,4,5,646,679,,Start -> what-is-nostr; People -> people; Apps -> apps/catalog; Relays -> relay-market-directory; NIPs -> nips/complete-index; Privacy -> privacy-security; Wallets -> nip-47-wallet-connect; Media -> music-video-media; Commerce -> content-sale; Governance -> dao-governance; Crays -> nostr-and-crays; Library -> archive-library,,,0,,,Research Source: Basic key derivation from mnemonic seed phrase,0,,1,Research Source: Basic key derivation from mnemonic seed phrase,21,0,0,P3,gezielte redaktionelle Politur und Quellenabgleich
https://www.crays.org/nostr/source-inventory/deep-research/nips/nips-nostr-com-basic-protocol-flow-d89ebfd4/,source-inventory/deep-research/nips/nips-nostr-com-basic-protocol-flow-d89ebfd4,Research Source: Basic protocol flow,Library,Source inventory,Grundlagenartikel,brauchbar,1521,12,5,4,5,646,679,,Start -> what-is-nostr; People -> people; Apps -> apps/catalog; Relays -> relay-market-directory; NIPs -> nips/complete-index; Privacy -> privacy-security; Wallets -> nip-47-wallet-connect; Media -> music-video-media; Commerce -> content-sale; Governance -> dao-governance; Crays -> nostr-and-crays; Library -> archive-library,,,0,,,Research Source: Basic protocol flow,0,,1,Research Source: Basic protocol flow,21,0,0,P3,gezielte redaktionelle Politur und Quellenabgleich
https://www.crays.org/nostr/source-inventory/deep-research/nips/nips-nostr-com-ble-communications-ff8088cc/,source-inventory/deep-research/nips/nips-nostr-com-ble-communications-ff8088cc,Research Source: BLE Communications,Library,Source inventory,Grundlagenartikel,brauchbar,1495,12,5,4,5,646,679,,Start -> what-is-nostr; People -> people; Apps -> apps/catalog; Relays -> relay-market-directory; NIPs -> nips/complete-index; Privacy -> privacy-security; Wallets -> nip-47-wallet-connect; Media -> music-video-media; Commerce -> content-sale; Governance -> dao-governance; Crays -> nostr-and-crays; Library -> archive-library,,,0,,,Research Source: BLE Communications,0,,1,Research Source: BLE Communications,21,0,0,P3,gezielte redaktionelle Politur und Quellenabgleich
https://www.crays.org/nostr/source-inventory/deep-research/nips/nips-nostr-com-blossom-58c1b53e/,source-inventory/deep-research/nips/nips-nostr-com-blossom-58c1b53e,Research Source: Blossom,Library,Source inventory,Grundlagenartikel,brauchbar,1464,12,5,4,5,646,679,,Start -> what-is-nostr; People -> people; Apps -> apps/catalog; Relays -> relay-market-directory; NIPs -> nips/complete-index; Privacy -> privacy-security; Wallets -> nip-47-wallet-connect; Media -> music-video-media; Commerce -> content-sale; Governance -> dao-governance; Crays -> nostr-and-crays; Library -> archive-library,,,0,,,Research Source: Blossom,0,,1,Research Source: Blossom,21,0,0,P3,gezielte redaktionelle Politur und Quellenabgleich
https://www.crays.org/nostr/source-inventory/deep-research/nips/nips-nostr-com-bridged-events-e752b7fe/,source-inventory/deep-research/nips/nips-nostr-com-bridged-events-e752b7fe,Research Source: Bridged Events,Library,Source inventory,Grundlagenartikel,brauchbar,1485,12,5,4,5,646,679,,Start -> what-is-nostr; People -> people; Apps -> apps/catalog; Relays -> relay-market-directory; NIPs -> nips/complete-index; Privacy -> privacy-security; Wallets -> nip-47-wallet-connect; Media -> music-video-media; Commerce -> content-sale; Governance -> dao-governance; Crays -> nostr-and-crays; Library -> archive-library,,,0,,,Research Source: Bridged Events,0,,1,Research Source: Bridged Events,21,0,0,P3,gezielte redaktionelle Politur und Quellenabgleich
https://www.crays.org/nostr/source-inventory/deep-research/nips/nips-nostr-com-calendar-events-714012fd/,source-inventory/deep-research/nips/nips-nostr-com-calendar-events-714012fd,Research Source: Calendar Events,Library,Source inventory,Grundlagenartikel,brauchbar,1486,12,5,4,5,646,679,,Start -> what-is-nostr; People -> people; Apps -> apps/catalog; Relays -> relay-market-directory; NIPs -> nips/complete-index; Privacy -> privacy-security; Wallets -> nip-47-wallet-connect; Media -> music-video-media; Commerce -> content-sale; Governance -> dao-governance; Crays -> nostr-and-crays; Library -> archive-library,,,0,,,Research Source: Calendar Events,0,,1,Research Source: Calendar Events,21,0,0,P3,gezielte redaktionelle Politur und Quellenabgleich
https://www.crays.org/nostr/source-inventory/deep-research/nips/nips-nostr-com-chats-ce57ca03/,source-inventory/deep-research/nips/nips-nostr-com-chats-ce57ca03,Research Source: Chats,Library,Source inventory,Grundlagenartikel,brauchbar,1454,12,5,4,5,646,679,,Start -> what-is-nostr; People -> people; Apps -> apps/catalog; Relays -> relay-market-directory; NIPs -> nips/complete-index; Privacy -> privacy-security; Wallets -> nip-47-wallet-connect; Media -> music-video-media; Commerce -> content-sale; Governance -> dao-governance; Crays -> nostr-and-crays; Library -> archive-library,,,0,,,Research Source: Chats,0,,1,Research Source: Chats,21,0,0,P3,gezielte redaktionelle Politur und Quellenabgleich
https://www.crays.org/nostr/source-inventory/deep-research/nips/nips-nostr-com-chess-7292be4a/,source-inventory/deep-research/nips/nips-nostr-com-chess-7292be4a,Research Source: Chess,Library,Source inventory,Grundlagenartikel,brauchbar,1462,12,5,4,5,646,679,,Start -> what-is-nostr; People -> people; Apps -> apps/catalog; Relays -> relay-market-directory; NIPs -> nips/complete-index; Privacy -> privacy-security; Wallets -> nip-47-wallet-connect; Media -> music-video-media; Commerce -> content-sale; Governance -> dao-governance; Crays -> nostr-and-crays; Library -> archive-library,,,0,,,Research Source: Chess,0,,1,Research Source: Chess,21,0,0,P3,gezielte redaktionelle Politur und Quellenabgleich
https://www.crays.org/nostr/source-inventory/deep-research/nips/nips-nostr-com-classified-listings-8635facc/,source-inventory/deep-research/nips/nips-nostr-com-classified-listings-8635facc,Research Source: Classified Listings,Library,Source inventory,Grundlagenartikel,brauchbar,1486,12,5,4,5,646,679,,Start -> what-is-nostr; People -> people; Apps -> apps/catalog; Relays -> relay-market-directory; NIPs -> nips/complete-index; Privacy -> privacy-security; Wallets -> nip-47-wallet-connect; Media -> music-video-media; Commerce -> content-sale; Governance -> dao-governance; Crays -> nostr-and-crays; Library -> archive-library,,,0,,,Research Source: Classified Listings,0,,1,Research Source: Classified Listings,21,0,0,P3,gezielte redaktionelle Politur und Quellenabgleich
https://www.crays.org/nostr/source-inventory/deep-research/nips/nips-nostr-com-code-snippets-b7cb2f4c/,source-inventory/deep-research/nips/nips-nostr-com-code-snippets-b7cb2f4c,Research Source: Code Snippets,Library,Source inventory,Grundlagenartikel,brauchbar,1490,12,5,4,5,646,679,,Start -> what-is-nostr; People -> people; Apps -> apps/catalog; Relays -> relay-market-directory; NIPs -> nips/complete-index; Privacy -> privacy-security; Wallets -> nip-47-wallet-connect; Media -> music-video-media; Commerce -> content-sale; Governance -> dao-governance; Crays -> nostr-and-crays; Library -> archive-library,,,0,,,Research Source: Code Snippets,0,,1,Research Source: Code Snippets,21,0,0,P3,gezielte redaktionelle Politur und Quellenabgleich
https://www.crays.org/nostr/source-inventory/deep-research/nips/nips-nostr-com-comments-2bce5062/,source-inventory/deep-research/nips/nips-nostr-com-comments-2bce5062,Research Source: Comments,Library,Source inventory,Grundlagenartikel,brauchbar,1460,12,5,4,5,646,679,,Start -> what-is-nostr; People -> people; Apps -> apps/catalog; Relays -> relay-market-directory; NIPs -> nips/complete-index; Privacy -> privacy-security; Wallets -> nip-47-wallet-connect; Media -> music-video-media; Commerce -> content-sale; Governance -> dao-governance; Crays -> nostr-and-crays; Library -> archive-library,,,0,,,Research Source: Comments,0,,1,Research Source: Comments,21,0,0,P3,gezielte redaktionelle Politur und Quellenabgleich
https://www.crays.org/nostr/source-inventory/deep-research/nips/nips-nostr-com-counting-results-03e79690/,source-inventory/deep-research/nips/nips-nostr-com-counting-results-03e79690,Research Source: Counting Results,Library,Source inventory,Grundlagenartikel,brauchbar,1492,12,5,4,5,646,679,,Start -> what-is-nostr; People -> people; Apps -> apps/catalog; Relays -> relay-market-directory; NIPs -> nips/complete-index; Privacy -> privacy-security; Wallets -> nip-47-wallet-connect; Media -> music-video-media; Commerce -> content-sale; Governance -> dao-governance; Crays -> nostr-and-crays; Library -> archive-library,,,0,,,Research Source: Counting Results,0,,1,Research Source: Counting Results,21,0,0,P3,gezielte redaktionelle Politur und Quellenabgleich
https://www.crays.org/nostr/source-inventory/deep-research/nips/nips-nostr-com-custom-emoji-b2df57bb/,source-inventory/deep-research/nips/nips-nostr-com-custom-emoji-b2df57bb,Research Source: Custom Emoji,Library,Source inventory,Grundlagenartikel,brauchbar,1493,12,5,4,5,646,679,,Start -> what-is-nostr; People -> people; Apps -> apps/catalog; Relays -> relay-market-directory; NIPs -> nips/complete-index; Privacy -> privacy-security; Wallets -> nip-47-wallet-connect; Media -> music-video-media; Commerce -> content-sale; Governance -> dao-governance; Crays -> nostr-and-crays; Library -> archive-library,,,0,,,Research Source: Custom Emoji,0,,1,Research Source: Custom Emoji,21,0,0,P3,gezielte redaktionelle Politur und Quellenabgleich
https://www.crays.org/nostr/source-inventory/deep-research/nips/nips-nostr-com-data-vending-machines-4f8a15b9/,source-inventory/deep-research/nips/nips-nostr-com-data-vending-machines-4f8a15b9,Research Source: Data Vending Machines,Library,Source inventory,Grundlagenartikel,brauchbar,1517,12,5,4,5,646,679,,Start -> what-is-nostr; People -> people; Apps -> apps/catalog; Relays -> relay-market-directory; NIPs -> nips/complete-index; Privacy -> privacy-security; Wallets -> nip-47-wallet-connect; Media -> music-video-media; Commerce -> content-sale; Governance -> dao-governance; Crays -> nostr-and-crays; Library -> archive-library,,,0,,,Research Source: Data Vending Machines,0,,1,Research Source: Data Vending Machines,21,0,0,P3,gezielte redaktionelle Politur und Quellenabgleich
https://www.crays.org/nostr/source-inventory/deep-research/nips/nips-nostr-com-dealing-with-unknown-events-b0fe82fc/,source-inventory/deep-research/nips/nips-nostr-com-dealing-with-unknown-events-b0fe82fc,Research Source: Dealing with Unknown Events,Library,Source inventory,Grundlagenartikel,brauchbar,1540,12,5,4,5,646,679,,Start -> what-is-nostr; People -> people; Apps -> apps/catalog; Relays -> relay-market-directory; NIPs -> nips/complete-index; Privacy -> privacy-security; Wallets -> nip-47-wallet-connect; Media -> music-video-media; Commerce -> content-sale; Governance -> dao-governance; Crays -> nostr-and-crays; Library -> archive-library,,,0,,,Research Source: Dealing with Unknown Events,0,,1,Research Source: Dealing with Unknown Events,21,0,0,P3,gezielte redaktionelle Politur und Quellenabgleich
https://www.crays.org/nostr/source-inventory/deep-research/nips/nips-nostr-com-delegated-event-signing-517409be/,source-inventory/deep-research/nips/nips-nostr-com-delegated-event-signing-517409be,Research Source: Delegated Event Signing,Library,Source inventory,Grundlagenartikel,brauchbar,1515,12,5,4,5,646,679,,Start -> what-is-nostr; People -> people; Apps -> apps/catalog; Relays -> relay-market-directory; NIPs -> nips/complete-index; Privacy -> privacy-security; Wallets -> nip-47-wallet-connect; Media -> music-video-media; Commerce -> content-sale; Governance -> dao-governance; Crays -> nostr-and-crays; Library -> archive-library,,,0,,,Research Source: Delegated Event Signing,0,,1,Research Source: Delegated Event Signing,21,0,0,P3,gezielte redaktionelle Politur und Quellenabgleich
https://www.crays.org/nostr/source-inventory/deep-research/nips/nips-nostr-com-draft-events-ade30bd1/,source-inventory/deep-research/nips/nips-nostr-com-draft-events-ade30bd1,Research Source: Draft Events,Library,Source inventory,Grundlagenartikel,brauchbar,1488,12,5,4,5,646,679,,Start -> what-is-nostr; People -> people; Apps -> apps/catalog; Relays -> relay-market-directory; NIPs -> nips/complete-index; Privacy -> privacy-security; Wallets -> nip-47-wallet-connect; Media -> music-video-media; Commerce -> content-sale; Governance -> dao-governance; Crays -> nostr-and-crays; Library -> archive-library,,,0,,,Research Source: Draft Events,0,,1,Research Source: Draft Events,21,0,0,P3,gezielte redaktionelle Politur und Quellenabgleich
https://www.crays.org/nostr/source-inventory/deep-research/nips/nips-nostr-com-e2ee-messaging-using-mls-b74988bf/,source-inventory/deep-research/nips/nips-nostr-com-e2ee-messaging-using-mls-b74988bf,Research Source: E2EE Messaging using MLS,Library,Source inventory,Grundlagenartikel,brauchbar,1568,12,5,4,5,646,679,,Start -> what-is-nostr; People -> people; Apps -> apps/catalog; Relays -> relay-market-directory; NIPs -> nips/complete-index; Privacy -> privacy-security; Wallets -> nip-47-wallet-connect; Media -> music-video-media; Commerce -> content-sale; Governance -> dao-governance; Crays -> nostr-and-crays; Library -> archive-library,,,0,,,Research Source: E2EE Messaging using MLS,0,,1,Research Source: E2EE Messaging using MLS,21,0,0,P3,gezielte redaktionelle Politur und Quellenabgleich
https://www.crays.org/nostr/source-inventory/deep-research/nips/nips-nostr-com-ecash-mint-discoverability-ad96dc6c/,source-inventory/deep-research/nips/nips-nostr-com-ecash-mint-discoverability-ad96dc6c,Research Source: Ecash Mint Discoverability,Library,Source inventory,Grundlagenartikel,brauchbar,1518,12,5,4,5,646,679,,Start -> what-is-nostr; People -> people; Apps -> apps/catalog; Relays -> relay-market-directory; NIPs -> nips/complete-index; Privacy -> privacy-security; Wallets -> nip-47-wallet-connect; Media -> music-video-media; Commerce -> content-sale; Governance -> dao-governance; Crays -> nostr-and-crays; Library -> archive-library,,,0,,,Research Source: Ecash Mint Discoverability,0,,1,Research Source: Ecash Mint Discoverability,21,0,0,P3,gezielte redaktionelle Politur und Quellenabgleich
https://www.crays.org/nostr/source-inventory/deep-research/nips/nips-nostr-com-encrypted-direct-message-63e78fed/,source-inventory/deep-research/nips/nips-nostr-com-encrypted-direct-message-63e78fed,Research Source: Encrypted Direct Message,Library,Source inventory,Grundlagenartikel,brauchbar,1534,12,5,4,5,646,679,,Start -> what-is-nostr; People -> people; Apps -> apps/catalog; Relays -> relay-market-directory; NIPs -> nips/complete-index; Privacy -> privacy-security; Wallets -> nip-47-wallet-connect; Media -> music-video-media; Commerce -> content-sale; Governance -> dao-governance; Crays -> nostr-and-crays; Library -> archive-library,,,0,,,Research Source: Encrypted Direct Message,0,,1,Research Source: Encrypted Direct Message,21,0,0,P3,gezielte redaktionelle Politur und Quellenabgleich
https://www.crays.org/nostr/source-inventory/deep-research/nips/nips-nostr-com-event-deletion-request-a6da693d/,source-inventory/deep-research/nips/nips-nostr-com-event-deletion-request-a6da693d,Research Source: Event Deletion Request,Library,Source inventory,Grundlagenartikel,brauchbar,1519,12,5,4,5,646,679,,Start -> what-is-nostr; People -> people; Apps -> apps/catalog; Relays -> relay-market-directory; NIPs -> nips/complete-index; Privacy -> privacy-security; Wallets -> nip-47-wallet-connect; Media -> music-video-media; Commerce -> content-sale; Governance -> dao-governance; Crays -> nostr-and-crays; Library -> archive-library,,,0,,,Research Source: Event Deletion Request,0,,1,Research Source: Event Deletion Request,21,0,0,P3,gezielte redaktionelle Politur und Quellenabgleich
https://www.crays.org/nostr/source-inventory/deep-research/nips/nips-nostr-com-expiration-timestamp-a619fcf1/,source-inventory/deep-research/nips/nips-nostr-com-expiration-timestamp-a619fcf1,Research Source: Expiration Timestamp,Library,Source inventory,Grundlagenartikel,brauchbar,1491,12,5,4,5,646,679,,Start -> what-is-nostr; People -> people; Apps -> apps/catalog; Relays -> relay-market-directory; NIPs -> nips/complete-index; Privacy -> privacy-security; Wallets -> nip-47-wallet-connect; Media -> music-video-media; Commerce -> content-sale; Governance -> dao-governance; Crays -> nostr-and-crays; Library -> archive-library,,,0,,,Research Source: Expiration Timestamp,0,,1,Research Source: Expiration Timestamp,21,0,0,P3,gezielte redaktionelle Politur und Quellenabgleich
https://www.crays.org/nostr/source-inventory/deep-research/nips/nips-nostr-com-external-content-ids-5af7f4b7/,source-inventory/deep-research/nips/nips-nostr-com-external-content-ids-5af7f4b7,Research Source: External Content IDs,Library,Source inventory,Grundlagenartikel,brauchbar,1518,12,5,4,5,646,679,,Start -> what-is-nostr; People -> people; Apps -> apps/catalog; Relays -> relay-market-directory; NIPs -> nips/complete-index; Privacy -> privacy-security; Wallets -> nip-47-wallet-connect; Media -> music-video-media; Commerce -> content-sale; Governance -> dao-governance; Crays -> nostr-and-crays; Library -> archive-library,,,0,,,Research Source: External Content IDs,0,,1,Research Source: External Content IDs,21,0,0,P3,gezielte redaktionelle Politur und Quellenabgleich
https://www.crays.org/nostr/source-inventory/deep-research/nips/nips-nostr-com-external-identities-3cf6ce64/,source-inventory/deep-research/nips/nips-nostr-com-external-identities-3cf6ce64,Research Source: External Identities,Library,Source inventory,Grundlagenartikel,brauchbar,1489,12,5,4,5,646,679,,Start -> what-is-nostr; People -> people; Apps -> apps/catalog; Relays -> relay-market-directory; NIPs -> nips/complete-index; Privacy -> privacy-security; Wallets -> nip-47-wallet-connect; Media -> music-video-media; Commerce -> content-sale; Governance -> dao-governance; Crays -> nostr-and-crays; Library -> archive-library,,,0,,,Research Source: External Identities,0,,1,Research Source: External Identities,21,0,0,P3,gezielte redaktionelle Politur und Quellenabgleich
https://www.crays.org/nostr/source-inventory/deep-research/nips/nips-nostr-com-extra-metadata-fields-and-tags-9b579dd5/,source-inventory/deep-research/nips/nips-nostr-com-extra-metadata-fields-and-tags-9b579dd5,Research Source: Extra metadata fields and tags,Library,Source inventory,Grundlagenartikel,brauchbar,1570,12,5,4,5,646,679,,Start -> what-is-nostr; People -> people; Apps -> apps/catalog; Relays -> relay-market-directory; NIPs -> nips/complete-index; Privacy -> privacy-security; Wallets -> nip-47-wallet-connect; Media -> music-video-media; Commerce -> content-sale; Governance -> dao-governance; Crays -> nostr-and-crays; Library -> archive-library,,,0,,,Research Source: Extra metadata fields and tags,0,,1,Research Source: Extra metadata fields and tags,21,0,0,P3,gezielte redaktionelle Politur und Quellenabgleich
https://www.crays.org/nostr/source-inventory/deep-research/nips/nips-nostr-com-file-metadata-bb09cc32/,source-inventory/deep-research/nips/nips-nostr-com-file-metadata-bb09cc32,Research Source: File Metadata,Library,Source inventory,Grundlagenartikel,brauchbar,1487,12,5,4,5,646,680,,Start -> what-is-nostr; People -> people; Apps -> apps/catalog; Relays -> relay-market-directory; NIPs -> nips/complete-index; Privacy -> privacy-security; Wallets -> nip-47-wallet-connect; Media -> music-video-media; Commerce -> content-sale; Governance -> dao-governance; Crays -> nostr-and-crays; Library -> archive-library,,,0,,,Research Source: File Metadata,0,,1,Research Source: File Metadata,21,0,0,P3,gezielte redaktionelle Politur und Quellenabgleich
https://www.crays.org/nostr/source-inventory/deep-research/nips/nips-nostr-com-follow-list-67cf9cdb/,source-inventory/deep-research/nips/nips-nostr-com-follow-list-67cf9cdb,Research Source: Follow List,Library,Source inventory,Grundlagenartikel,brauchbar,1491,12,5,4,5,646,679,,Start -> what-is-nostr; People -> people; Apps -> apps/catalog; Relays -> relay-market-directory; NIPs -> nips/complete-index; Privacy -> privacy-security; Wallets -> nip-47-wallet-connect; Media -> music-video-media; Commerce -> content-sale; Governance -> dao-governance; Crays -> nostr-and-crays; Library -> archive-library,,,0,,,Research Source: Follow List,0,,1,Research Source: Follow List,21,0,0,P3,gezielte redaktionelle Politur und Quellenabgleich
https://www.crays.org/nostr/source-inventory/deep-research/nips/nips-nostr-com-forum-threads-68c2d46a/,source-inventory/deep-research/nips/nips-nostr-com-forum-threads-68c2d46a,Research Source: Forum Threads,Library,Source inventory,Grundlagenartikel,brauchbar,1487,12,5,4,5,646,679,,Start -> what-is-nostr; People -> people; Apps -> apps/catalog; Relays -> relay-market-directory; NIPs -> nips/complete-index; Privacy -> privacy-security; Wallets -> nip-47-wallet-connect; Media -> music-video-media; Commerce -> content-sale; Governance -> dao-governance; Crays -> nostr-and-crays; Library -> archive-library,,,0,,,Research Source: Forum Threads,0,,1,Research Source: Forum Threads,21,0,0,P3,gezielte redaktionelle Politur und Quellenabgleich
https://www.crays.org/nostr/source-inventory/deep-research/nips/nips-nostr-com-geocaching-03d71ec1/,source-inventory/deep-research/nips/nips-nostr-com-geocaching-03d71ec1,Research Source: Geocaching,Library,Source inventory,Grundlagenartikel,brauchbar,1464,12,5,4,5,646,679,,Start -> what-is-nostr; People -> people; Apps -> apps/catalog; Relays -> relay-market-directory; NIPs -> nips/complete-index; Privacy -> privacy-security; Wallets -> nip-47-wallet-connect; Media -> music-video-media; Commerce -> content-sale; Governance -> dao-governance; Crays -> nostr-and-crays; Library -> archive-library,,,0,,,Research Source: Geocaching,0,,1,Research Source: Geocaching,21,0,0,P3,gezielte redaktionelle Politur und Quellenabgleich
https://www.crays.org/nostr/source-inventory/deep-research/nips/nips-nostr-com-gift-wrap-9a1930f2/,source-inventory/deep-research/nips/nips-nostr-com-gift-wrap-9a1930f2,Research Source: Gift Wrap,Library,Source inventory,Grundlagenartikel,brauchbar,1490,12,5,4,5,646,679,,Start -> what-is-nostr; People -> people; Apps -> apps/catalog; Relays -> relay-market-directory; NIPs -> nips/complete-index; Privacy -> privacy-security; Wallets -> nip-47-wallet-connect; Media -> music-video-media; Commerce -> content-sale; Governance -> dao-governance; Crays -> nostr-and-crays; Library -> archive-library,,,0,,,Research Source: Gift Wrap,0,,1,Research Source: Gift Wrap,21,0,0,P3,gezielte redaktionelle Politur und Quellenabgleich
https://www.crays.org/nostr/source-inventory/deep-research/nips/nips-nostr-com-handling-mentions-9010cc96/,source-inventory/deep-research/nips/nips-nostr-com-handling-mentions-9010cc96,Research Source: Handling Mentions,Library,Source inventory,Grundlagenartikel,brauchbar,1501,12,5,4,5,646,679,,Start -> what-is-nostr; People -> people; Apps -> apps/catalog; Relays -> relay-market-directory; NIPs -> nips/complete-index; Privacy -> privacy-security; Wallets -> nip-47-wallet-connect; Media -> music-video-media; Commerce -> content-sale; Governance -> dao-governance; Crays -> nostr-and-crays; Library -> archive-library,,,0,,,Research Source: Handling Mentions,0,,1,Research Source: Handling Mentions,21,0,0,P3,gezielte redaktionelle Politur und Quellenabgleich
https://www.crays.org/nostr/source-inventory/deep-research/nips/nips-nostr-com-highlights-195679f5/,source-inventory/deep-research/nips/nips-nostr-com-highlights-195679f5,Research Source: Highlights,Library,Source inventory,Grundlagenartikel,brauchbar,1461,12,5,4,5,645,679,,Start -> what-is-nostr; People -> people; Apps -> apps/catalog; Relays -> relay-market-directory; NIPs -> nips/complete-index; Privacy -> privacy-security; Wallets -> nip-47-wallet-connect; Media -> music-video-media; Commerce -> content-sale; Governance -> dao-governance; Crays -> nostr-and-crays; Library -> archive-library,,,0,,,Research Source: Highlights,0,,1,Research Source: Highlights,21,0,0,P3,gezielte redaktionelle Politur und Quellenabgleich
https://www.crays.org/nostr/source-inventory/deep-research/nips/nips-nostr-com-http-auth-a5a398cd/,source-inventory/deep-research/nips/nips-nostr-com-http-auth-a5a398cd,Research Source: HTTP Auth,Library,Source inventory,Grundlagenartikel,brauchbar,1486,12,5,4,5,646,680,,Start -> what-is-nostr; People -> people; Apps -> apps/catalog; Relays -> relay-market-directory; NIPs -> nips/complete-index; Privacy -> privacy-security; Wallets -> nip-47-wallet-connect; Media -> music-video-media; Commerce -> content-sale; Governance -> dao-governance; Crays -> nostr-and-crays; Library -> archive-library,,,0,,,Research Source: HTTP Auth,0,,1,Research Source: HTTP Auth,21,0,0,P3,gezielte redaktionelle Politur und Quellenabgleich
https://www.crays.org/nostr/source-inventory/deep-research/nips/nips-nostr-com-http-file-storage-integration-6bac284e/,source-inventory/deep-research/nips/nips-nostr-com-http-file-storage-integration-6bac284e,Research Source: HTTP File Storage Integration,Library,Source inventory,Grundlagenartikel,brauchbar,1556,12,5,4,5,646,680,,Start -> what-is-nostr; People -> people; Apps -> apps/catalog; Relays -> relay-market-directory; NIPs -> nips/complete-index; Privacy -> privacy-security; Wallets -> nip-47-wallet-connect; Media -> music-video-media; Commerce -> content-sale; Governance -> dao-governance; Crays -> nostr-and-crays; Library -> archive-library,,,0,,,Research Source: HTTP File Storage Integration,0,,1,Research Source: HTTP File Storage Integration,21,0,0,P3,gezielte redaktionelle Politur und Quellenabgleich
https://www.crays.org/nostr/source-inventory/deep-research/nips/nips-nostr-com-labeling-d4279baa/,source-inventory/deep-research/nips/nips-nostr-com-labeling-d4279baa,Research Source: Labeling,Library,Source inventory,Grundlagenartikel,brauchbar,1464,12,5,4,5,646,679,,Start -> what-is-nostr; People -> people; Apps -> apps/catalog; Relays -> relay-market-directory; NIPs -> nips/complete-index; Privacy -> privacy-security; Wallets -> nip-47-wallet-connect; Media -> music-video-media; Commerce -> content-sale; Governance -> dao-governance; Crays -> nostr-and-crays; Library -> archive-library,,,0,,,Research Source: Labeling,0,,1,Research Source: Labeling,21,0,0,P3,gezielte redaktionelle Politur und Quellenabgleich
https://www.crays.org/nostr/source-inventory/deep-research/nips/nips-nostr-com-lists-ab989950/,source-inventory/deep-research/nips/nips-nostr-com-lists-ab989950,Research Source: Lists,Library,Source inventory,Grundlagenartikel,brauchbar,1464,12,5,4,5,646,680,,Start -> what-is-nostr; People -> people; Apps -> apps/catalog; Relays -> relay-market-directory; NIPs -> nips/complete-index; Privacy -> privacy-security; Wallets -> nip-47-wallet-connect; Media -> music-video-media; Commerce -> content-sale; Governance -> dao-governance; Crays -> nostr-and-crays; Library -> archive-library,,,0,,,Research Source: Lists,0,,1,Research Source: Lists,21,0,0,P3,gezielte redaktionelle Politur und Quellenabgleich
https://www.crays.org/nostr/source-inventory/deep-research/nips/nips-nostr-com-live-activities-1ff36d40/,source-inventory/deep-research/nips/nips-nostr-com-live-activities-1ff36d40,Research Source: Live Activities,Library,Source inventory,Grundlagenartikel,brauchbar,1494,12,5,4,5,646,680,,Start -> what-is-nostr; People -> people; Apps -> apps/catalog; Relays -> relay-market-directory; NIPs -> nips/complete-index; Privacy -> privacy-security; Wallets -> nip-47-wallet-connect; Media -> music-video-media; Commerce -> content-sale; Governance -> dao-governance; Crays -> nostr-and-crays; Library -> archive-library,,,0,,,Research Source: Live Activities,0,,1,Research Source: Live Activities,21,0,0,P3,gezielte redaktionelle Politur und Quellenabgleich
https://www.crays.org/nostr/source-inventory/deep-research/nips/nips-nostr-com-mapping-nostr-keys-to-dns-based-identifiers-ece3889c/,source-inventory/deep-research/nips/nips-nostr-com-mapping-nostr-keys-to-dns-based-identifiers-ece3889c,Research Source: Mapping Nostr keys to DNS-based identifiers,Library,Source inventory,Grundlagenartikel,brauchbar,1607,12,5,4,5,646,680,,Start -> what-is-nostr; People -> people; Apps -> apps/catalog; Relays -> relay-market-directory; NIPs -> nips/complete-index; Privacy -> privacy-security; Wallets -> nip-47-wallet-connect; Media -> music-video-media; Commerce -> content-sale; Governance -> dao-governance; Crays -> nostr-and-crays; Library -> archive-library,,,0,,,Research Source: Mapping Nostr keys to DNS-based identifiers,0,,1,Research Source: Mapping Nostr keys to DNS-based identifiers,21,0,0,P3,gezielte redaktionelle Politur und Quellenabgleich
https://www.crays.org/nostr/source-inventory/deep-research/nips/nips-nostr-com-moderated-communities-6d3f6e29/,source-inventory/deep-research/nips/nips-nostr-com-moderated-communities-6d3f6e29,Research Source: Moderated Communities,Library,Source inventory,Grundlagenartikel,brauchbar,1507,12,5,4,5,646,680,,Start -> what-is-nostr; People -> people; Apps -> apps/catalog; Relays -> relay-market-directory; NIPs -> nips/complete-index; Privacy -> privacy-security; Wallets -> nip-47-wallet-connect; Media -> music-video-media; Commerce -> content-sale; Governance -> dao-governance; Crays -> nostr-and-crays; Library -> archive-library,,,0,,,Research Source: Moderated Communities,0,,1,Research Source: Moderated Communities,21,0,0,P3,gezielte redaktionelle Politur und Quellenabgleich
https://www.crays.org/nostr/source-inventory/deep-research/nips/nips-nostr-com-nip-03-opentimestamps-attestations-39a41ab8/,source-inventory/deep-research/nips/nips-nostr-com-nip-03-opentimestamps-attestations-39a41ab8,Research Source: NIP-03: OpenTimestamps Attestations,Library,Source inventory,NIP-Seite,brauchbar,1523,12,5,4,5,646,679,,Start -> what-is-nostr; People -> people; Apps -> apps/catalog; Relays -> relay-market-directory; NIPs -> nips/complete-index; Privacy -> privacy-security; Wallets -> nip-47-wallet-connect; Media -> music-video-media; Commerce -> content-sale; Governance -> dao-governance; Crays -> nostr-and-crays; Library -> archive-library,,,0,,,Research Source: NIP-03: OpenTimestamps Attestations,0,,1,Research Source: NIP-03: OpenTimestamps Attestations,21,0,0,P3,gezielte redaktionelle Politur und Quellenabgleich
https://www.crays.org/nostr/source-inventory/deep-research/nips/nips-nostr-com-nip-07-window-nostr-capability-for-web-browsers-dceb5a95/,source-inventory/deep-research/nips/nips-nostr-com-nip-07-window-nostr-capability-for-web-browsers-dceb5a95,Research Source: NIP-07: window.nostr capability for web browsers,Library,Source inventory,NIP-Seite,brauchbar,1624,12,5,4,5,646,679,,Start -> what-is-nostr; People -> people; Apps -> apps/catalog; Relays -> relay-market-directory; NIPs -> nips/complete-index; Privacy -> privacy-security; Wallets -> nip-47-wallet-connect; Media -> music-video-media; Commerce -> content-sale; Governance -> dao-governance; Crays -> nostr-and-crays; Library -> archive-library,,,0,,,Research Source: NIP-07: window.nostr capability for web browsers,0,,1,Research Source: NIP-07: window.nostr capability for web browsers,21,0,0,P3,gezielte redaktionelle Politur und Quellenabgleich
https://www.crays.org/nostr/source-inventory/deep-research/nips/nips-nostr-com-nip-10-text-notes-and-threads-0fa66998/,source-inventory/deep-research/nips/nips-nostr-com-nip-10-text-notes-and-threads-0fa66998,Research Source: NIP-10: Text Notes and Threads,Library,Source inventory,NIP-Seite,brauchbar,1568,12,5,4,5,646,679,,Start -> what-is-nostr; People -> people; Apps -> apps/catalog; Relays -> relay-market-directory; NIPs -> nips/complete-index; Privacy -> privacy-security; Wallets -> nip-47-wallet-connect; Media -> music-video-media; Commerce -> content-sale; Governance -> dao-governance; Crays -> nostr-and-crays; Library -> archive-library,,,0,,,Research Source: NIP-10: Text Notes and Threads,0,,1,Research Source: NIP-10: Text Notes and Threads,21,0,0,P3,gezielte redaktionelle Politur und Quellenabgleich
https://www.crays.org/nostr/source-inventory/deep-research/nips/nips-nostr-com-nip-11-relay-information-document-6a2d269e/,source-inventory/deep-research/nips/nips-nostr-com-nip-11-relay-information-document-6a2d269e,Research Source: NIP-11: Relay Information Document,Library,Source inventory,NIP-Seite,brauchbar,1533,12,5,4,5,646,679,,Start -> what-is-nostr; People -> people; Apps -> apps/catalog; Relays -> relay-market-directory; NIPs -> nips/complete-index; Privacy -> privacy-security; Wallets -> nip-47-wallet-connect; Media -> music-video-media; Commerce -> content-sale; Governance -> dao-governance; Crays -> nostr-and-crays; Library -> archive-library,,,0,,,Research Source: NIP-11: Relay Information Document,0,,1,Research Source: NIP-11: Relay Information Document,21,0,0,P3,gezielte redaktionelle Politur und Quellenabgleich
https://www.crays.org/nostr/source-inventory/deep-research/nips/nips-nostr-com-nip-13-proof-of-work-ea325e00/,source-inventory/deep-research/nips/nips-nostr-com-nip-13-proof-of-work-ea325e00,Research Source: NIP-13: Proof of Work,Library,Source inventory,NIP-Seite,brauchbar,1534,12,5,4,5,646,679,,Start -> what-is-nostr; People -> people; Apps -> apps/catalog; Relays -> relay-market-directory; NIPs -> nips/complete-index; Privacy -> privacy-security; Wallets -> nip-47-wallet-connect; Media -> music-video-media; Commerce -> content-sale; Governance -> dao-governance; Crays -> nostr-and-crays; Library -> archive-library,,,0,,,Research Source: NIP-13: Proof of Work,0,,1,Research Source: NIP-13: Proof of Work,21,0,0,P3,gezielte redaktionelle Politur und Quellenabgleich
https://www.crays.org/nostr/source-inventory/deep-research/nips/nips-nostr-com-nip-14-subject-tag-0adb5980/,source-inventory/deep-research/nips/nips-nostr-com-nip-14-subject-tag-0adb5980,Research Source: NIP-14: Subject tag,Library,Source inventory,NIP-Seite,brauchbar,1508,12,5,4,5,646,679,,Start -> what-is-nostr; People -> people; Apps -> apps/catalog; Relays -> relay-market-directory; NIPs -> nips/complete-index; Privacy -> privacy-security; Wallets -> nip-47-wallet-connect; Media -> music-video-media; Commerce -> content-sale; Governance -> dao-governance; Crays -> nostr-and-crays; Library -> archive-library,,,0,,,Research Source: NIP-14: Subject tag,0,,1,Research Source: NIP-14: Subject tag,21,0,0,P3,gezielte redaktionelle Politur und Quellenabgleich
https://www.crays.org/nostr/source-inventory/deep-research/nips/nips-nostr-com-nip-17-private-direct-messages-ac2aa5d1/,source-inventory/deep-research/nips/nips-nostr-com-nip-17-private-direct-messages-ac2aa5d1,Research Source: NIP-17: Private Direct Messages,Library,Source inventory,NIP-Seite,brauchbar,1539,12,5,4,5,646,679,,Start -> what-is-nostr; People -> people; Apps -> apps/catalog; Relays -> relay-market-directory; NIPs -> nips/complete-index; Privacy -> privacy-security; Wallets -> nip-47-wallet-connect; Media -> music-video-media; Commerce -> content-sale; Governance -> dao-governance; Crays -> nostr-and-crays; Library -> archive-library,,,0,,,Research Source: NIP-17: Private Direct Messages,0,,1,Research Source: NIP-17: Private Direct Messages,21,0,0,P3,gezielte redaktionelle Politur und Quellenabgleich
https://www.crays.org/nostr/source-inventory/deep-research/nips/nips-nostr-com-nip-18-reposts-8316b42f/,source-inventory/deep-research/nips/nips-nostr-com-nip-18-reposts-8316b42f,Research Source: NIP-18: Reposts,Library,Source inventory,NIP-Seite,brauchbar,1483,12,5,4,5,646,679,,Start -> what-is-nostr; People -> people; Apps -> apps/catalog; Relays -> relay-market-directory; NIPs -> nips/complete-index; Privacy -> privacy-security; Wallets -> nip-47-wallet-connect; Media -> music-video-media; Commerce -> content-sale; Governance -> dao-governance; Crays -> nostr-and-crays; Library -> archive-library,,,0,,,Research Source: NIP-18: Reposts,0,,1,Research Source: NIP-18: Reposts,21,0,0,P3,gezielte redaktionelle Politur und Quellenabgleich
https://www.crays.org/nostr/source-inventory/deep-research/nips/nips-nostr-com-nip-19-bech32-encoded-entities-02389271/,source-inventory/deep-research/nips/nips-nostr-com-nip-19-bech32-encoded-entities-02389271,Research Source: NIP-19: bech32-encoded entities,Library,Source inventory,NIP-Seite,brauchbar,1511,12,5,4,5,646,680,,Start -> what-is-nostr; People -> people; Apps -> apps/catalog; Relays -> relay-market-directory; NIPs -> nips/complete-index; Privacy -> privacy-security; Wallets -> nip-47-wallet-connect; Media -> music-video-media; Commerce -> content-sale; Governance -> dao-governance; Crays -> nostr-and-crays; Library -> archive-library,,,0,,,Research Source: NIP-19: bech32-encoded entities,0,,1,Research Source: NIP-19: bech32-encoded entities,21,0,0,P3,gezielte redaktionelle Politur und Quellenabgleich
https://www.crays.org/nostr/source-inventory/deep-research/nips/nips-nostr-com-nip-21-nostr-uri-scheme-27ff58a1/,source-inventory/deep-research/nips/nips-nostr-com-nip-21-nostr-uri-scheme-27ff58a1,Research Source: NIP-21: nostr: URI scheme,Library,Source inventory,NIP-Seite,brauchbar,1541,12,5,4,5,646,679,,Start -> what-is-nostr; People -> people; Apps -> apps/catalog; Relays -> relay-market-directory; NIPs -> nips/complete-index; Privacy -> privacy-security; Wallets -> nip-47-wallet-connect; Media -> music-video-media; Commerce -> content-sale; Governance -> dao-governance; Crays -> nostr-and-crays; Library -> archive-library,,,0,,,Research Source: NIP-21: nostr: URI scheme,0,,1,Research Source: NIP-21: nostr: URI scheme,21,0,0,P3,gezielte redaktionelle Politur und Quellenabgleich
https://www.crays.org/nostr/source-inventory/deep-research/nips/nips-nostr-com-nip-25-reactions-a6b229ae/,source-inventory/deep-research/nips/nips-nostr-com-nip-25-reactions-a6b229ae,Research Source: NIP-25: Reactions,Library,Source inventory,NIP-Seite,brauchbar,1483,12,5,4,5,646,679,,Start -> what-is-nostr; People -> people; Apps -> apps/catalog; Relays -> relay-market-directory; NIPs -> nips/complete-index; Privacy -> privacy-security; Wallets -> nip-47-wallet-connect; Media -> music-video-media; Commerce -> content-sale; Governance -> dao-governance; Crays -> nostr-and-crays; Library -> archive-library,,,0,,,Research Source: NIP-25: Reactions,0,,1,Research Source: NIP-25: Reactions,21,0,0,P3,gezielte redaktionelle Politur und Quellenabgleich
https://www.crays.org/nostr/source-inventory/deep-research/nips/nips-nostr-com-nip-27-text-note-references-e8514690/,source-inventory/deep-research/nips/nips-nostr-com-nip-27-text-note-references-e8514690,Research Source: NIP-27: Text Note References,Library,Source inventory,NIP-Seite,brauchbar,1546,12,5,4,5,646,679,,Start -> what-is-nostr; People -> people; Apps -> apps/catalog; Relays -> relay-market-directory; NIPs -> nips/complete-index; Privacy -> privacy-security; Wallets -> nip-47-wallet-connect; Media -> music-video-media; Commerce -> content-sale; Governance -> dao-governance; Crays -> nostr-and-crays; Library -> archive-library,,,0,,,Research Source: NIP-27: Text Note References,0,,1,Research Source: NIP-27: Text Note References,21,0,0,P3,gezielte redaktionelle Politur und Quellenabgleich
https://www.crays.org/nostr/source-inventory/deep-research/nips/nips-nostr-com-nip-28-public-chat-eb46b57b/,source-inventory/deep-research/nips/nips-nostr-com-nip-28-public-chat-eb46b57b,Research Source: NIP-28: Public Chat,Library,Source inventory,NIP-Seite,brauchbar,1517,12,5,4,5,646,679,,Start -> what-is-nostr; People -> people; Apps -> apps/catalog; Relays -> relay-market-directory; NIPs -> nips/complete-index; Privacy -> privacy-security; Wallets -> nip-47-wallet-connect; Media -> music-video-media; Commerce -> content-sale; Governance -> dao-governance; Crays -> nostr-and-crays; Library -> archive-library,,,0,,,Research Source: NIP-28: Public Chat,0,,1,Research Source: NIP-28: Public Chat,21,0,0,P3,gezielte redaktionelle Politur und Quellenabgleich
https://www.crays.org/nostr/source-inventory/deep-research/nips/nips-nostr-com-nip-29-relay-based-groups-97782107/,source-inventory/deep-research/nips/nips-nostr-com-nip-29-relay-based-groups-97782107,Research Source: NIP-29: Relay-based Groups,Library,Source inventory,NIP-Seite,brauchbar,1511,12,5,4,5,646,680,,Start -> what-is-nostr; People -> people; Apps -> apps/catalog; Relays -> relay-market-directory; NIPs -> nips/complete-index; Privacy -> privacy-security; Wallets -> nip-47-wallet-connect; Media -> music-video-media; Commerce -> content-sale; Governance -> dao-governance; Crays -> nostr-and-crays; Library -> archive-library,,,0,,,Research Source: NIP-29: Relay-based Groups,0,,1,Research Source: NIP-29: Relay-based Groups,21,0,0,P3,gezielte redaktionelle Politur und Quellenabgleich
https://www.crays.org/nostr/source-inventory/deep-research/nips/nips-nostr-com-nip-34-git-stuff-30ba076a/,source-inventory/deep-research/nips/nips-nostr-com-nip-34-git-stuff-30ba076a,Research Source: NIP-34: git stuff,Library,Source inventory,NIP-Seite,brauchbar,1513,12,5,4,5,646,679,,Start -> what-is-nostr; People -> people; Apps -> apps/catalog; Relays -> relay-market-directory; NIPs -> nips/complete-index; Privacy -> privacy-security; Wallets -> nip-47-wallet-connect; Media -> music-video-media; Commerce -> content-sale; Governance -> dao-governance; Crays -> nostr-and-crays; Library -> archive-library,,,0,,,Research Source: NIP-34: git stuff,0,,1,Research Source: NIP-34: git stuff,21,0,0,P3,gezielte redaktionelle Politur und Quellenabgleich
https://www.crays.org/nostr/source-inventory/deep-research/nips/nips-nostr-com-nip-35-torrents-e20e713b/,source-inventory/deep-research/nips/nips-nostr-com-nip-35-torrents-e20e713b,Research Source: NIP-35: Torrents,Library,Source inventory,NIP-Seite,brauchbar,1482,12,5,4,5,646,679,,Start -> what-is-nostr; People -> people; Apps -> apps/catalog; Relays -> relay-market-directory; NIPs -> nips/complete-index; Privacy -> privacy-security; Wallets -> nip-47-wallet-connect; Media -> music-video-media; Commerce -> content-sale; Governance -> dao-governance; Crays -> nostr-and-crays; Library -> archive-library,,,0,,,Research Source: NIP-35: Torrents,0,,1,Research Source: NIP-35: Torrents,21,0,0,P3,gezielte redaktionelle Politur und Quellenabgleich
https://www.crays.org/nostr/source-inventory/deep-research/nips/nips-nostr-com-nip-36-sensitive-content-89dd2dea/,source-inventory/deep-research/nips/nips-nostr-com-nip-36-sensitive-content-89dd2dea,Research Source: NIP-36: Sensitive Content,Library,Source inventory,NIP-Seite,brauchbar,1511,12,5,4,5,646,679,,Start -> what-is-nostr; People -> people; Apps -> apps/catalog; Relays -> relay-market-directory; NIPs -> nips/complete-index; Privacy -> privacy-security; Wallets -> nip-47-wallet-connect; Media -> music-video-media; Commerce -> content-sale; Governance -> dao-governance; Crays -> nostr-and-crays; Library -> archive-library,,,0,,,Research Source: NIP-36: Sensitive Content,0,,1,Research Source: NIP-36: Sensitive Content,21,0,0,P3,gezielte redaktionelle Politur und Quellenabgleich
https://www.crays.org/nostr/source-inventory/deep-research/nips/nips-nostr-com-nip-38-user-statuses-772d21f1/,source-inventory/deep-research/nips/nips-nostr-com-nip-38-user-statuses-772d21f1,Research Source: NIP-38: User Statuses,Library,Source inventory,NIP-Seite,brauchbar,1505,12,5,4,5,646,679,,Start -> what-is-nostr; People -> people; Apps -> apps/catalog; Relays -> relay-market-directory; NIPs -> nips/complete-index; Privacy -> privacy-security; Wallets -> nip-47-wallet-connect; Media -> music-video-media; Commerce -> content-sale; Governance -> dao-governance; Crays -> nostr-and-crays; Library -> archive-library,,,0,,,Research Source: NIP-38: User Statuses,0,,1,Research Source: NIP-38: User Statuses,21,0,0,P3,gezielte redaktionelle Politur und Quellenabgleich
https://www.crays.org/nostr/source-inventory/deep-research/nips/nips-nostr-com-nip-43-relay-access-metadata-and-requests-fa86ad42/,source-inventory/deep-research/nips/nips-nostr-com-nip-43-relay-access-metadata-and-requests-fa86ad42,Research Source: NIP-43: Relay Access Metadata and Requests,Library,Source inventory,NIP-Seite,brauchbar,1590,12,5,4,5,646,679,,Start -> what-is-nostr; People -> people; Apps -> apps/catalog; Relays -> relay-market-directory; NIPs -> nips/complete-index; Privacy -> privacy-security; Wallets -> nip-47-wallet-connect; Media -> music-video-media; Commerce -> content-sale; Governance -> dao-governance; Crays -> nostr-and-crays; Library -> archive-library,,,0,,,Research Source: NIP-43: Relay Access Metadata and Requests,0,,1,Research Source: NIP-43: Relay Access Metadata and Requests,21,0,0,P3,gezielte redaktionelle Politur und Quellenabgleich
https://www.crays.org/nostr/source-inventory/deep-research/nips/nips-nostr-com-nip-44-versioned-encryption-a6a8f01e/,source-inventory/deep-research/nips/nips-nostr-com-nip-44-versioned-encryption-a6a8f01e,Research Source: NIP-44: Versioned Encryption,Library,Source inventory,NIP-Seite,brauchbar,1506,12,5,4,5,646,680,,Start -> what-is-nostr; People -> people; Apps -> apps/catalog; Relays -> relay-market-directory; NIPs -> nips/complete-index; Privacy -> privacy-security; Wallets -> nip-47-wallet-connect; Media -> music-video-media; Commerce -> content-sale; Governance -> dao-governance; Crays -> nostr-and-crays; Library -> archive-library,,,0,,,Research Source: NIP-44: Versioned Encryption,0,,1,Research Source: NIP-44: Versioned Encryption,21,0,0,P3,gezielte redaktionelle Politur und Quellenabgleich
https://www.crays.org/nostr/source-inventory/deep-research/nips/nips-nostr-com-nip-46-nostr-remote-signing-cc773ae2/,source-inventory/deep-research/nips/nips-nostr-com-nip-46-nostr-remote-signing-cc773ae2,Research Source: NIP-46: Nostr Remote Signing,Library,Source inventory,NIP-Seite,brauchbar,1542,12,5,4,5,646,680,,Start -> what-is-nostr; People -> people; Apps -> apps/catalog; Relays -> relay-market-directory; NIPs -> nips/complete-index; Privacy -> privacy-security; Wallets -> nip-47-wallet-connect; Media -> music-video-media; Commerce -> content-sale; Governance -> dao-governance; Crays -> nostr-and-crays; Library -> archive-library,,,0,,,Research Source: NIP-46: Nostr Remote Signing,0,,1,Research Source: NIP-46: Nostr Remote Signing,21,0,0,P3,gezielte redaktionelle Politur und Quellenabgleich
https://www.crays.org/nostr/source-inventory/deep-research/nips/nips-nostr-com-nip-49-private-key-encryption-40befa49/,source-inventory/deep-research/nips/nips-nostr-com-nip-49-private-key-encryption-40befa49,Research Source: NIP-49: Private Key Encryption,Library,Source inventory,NIP-Seite,brauchbar,1544,12,5,4,5,646,679,,Start -> what-is-nostr; People -> people; Apps -> apps/catalog; Relays -> relay-market-directory; NIPs -> nips/complete-index; Privacy -> privacy-security; Wallets -> nip-47-wallet-connect; Media -> music-video-media; Commerce -> content-sale; Governance -> dao-governance; Crays -> nostr-and-crays; Library -> archive-library,,,0,,,Research Source: NIP-49: Private Key Encryption,0,,1,Research Source: NIP-49: Private Key Encryption,21,0,0,P3,gezielte redaktionelle Politur und Quellenabgleich
https://www.crays.org/nostr/source-inventory/deep-research/nips/nips-nostr-com-nip-50-search-capability-9290be06/,source-inventory/deep-research/nips/nips-nostr-com-nip-50-search-capability-9290be06,Research Source: NIP-50: Search Capability,Library,Source inventory,NIP-Seite,brauchbar,1506,12,5,4,5,646,679,,Start -> what-is-nostr; People -> people; Apps -> apps/catalog; Relays -> relay-market-directory; NIPs -> nips/complete-index; Privacy -> privacy-security; Wallets -> nip-47-wallet-connect; Media -> music-video-media; Commerce -> content-sale; Governance -> dao-governance; Crays -> nostr-and-crays; Library -> archive-library,,,0,,,Research Source: NIP-50: Search Capability,0,,1,Research Source: NIP-50: Search Capability,21,0,0,P3,gezielte redaktionelle Politur und Quellenabgleich
https://www.crays.org/nostr/source-inventory/deep-research/nips/nips-nostr-com-nip-54-wiki-6b29db0d/,source-inventory/deep-research/nips/nips-nostr-com-nip-54-wiki-6b29db0d,Research Source: NIP-54: Wiki,Library,Source inventory,NIP-Seite,brauchbar,1484,12,5,4,5,646,679,,Start -> what-is-nostr; People -> people; Apps -> apps/catalog; Relays -> relay-market-directory; NIPs -> nips/complete-index; Privacy -> privacy-security; Wallets -> nip-47-wallet-connect; Media -> music-video-media; Commerce -> content-sale; Governance -> dao-governance; Crays -> nostr-and-crays; Library -> archive-library,,,0,,,Research Source: NIP-54: Wiki,0,,1,Research Source: NIP-54: Wiki,21,0,0,P3,gezielte redaktionelle Politur und Quellenabgleich
https://www.crays.org/nostr/source-inventory/deep-research/nips/nips-nostr-com-nip-56-reporting-002d89b0/,source-inventory/deep-research/nips/nips-nostr-com-nip-56-reporting-002d89b0,Research Source: NIP-56: Reporting,Library,Source inventory,NIP-Seite,brauchbar,1482,12,5,4,5,646,679,,Start -> what-is-nostr; People -> people; Apps -> apps/catalog; Relays -> relay-market-directory; NIPs -> nips/complete-index; Privacy -> privacy-security; Wallets -> nip-47-wallet-connect; Media -> music-video-media; Commerce -> content-sale; Governance -> dao-governance; Crays -> nostr-and-crays; Library -> archive-library,,,0,,,Research Source: NIP-56: Reporting,0,,1,Research Source: NIP-56: Reporting,21,0,0,P3,gezielte redaktionelle Politur und Quellenabgleich
https://www.crays.org/nostr/source-inventory/deep-research/nips/nips-nostr-com-nip-5a-static-websites-nsites-76a15878/,source-inventory/deep-research/nips/nips-nostr-com-nip-5a-static-websites-nsites-76a15878,Research Source: NIP-5A: Static Websites / nsites,Library,Source inventory,NIP-Seite,brauchbar,1541,12,5,4,5,646,679,,Start -> what-is-nostr; People -> people; Apps -> apps/catalog; Relays -> relay-market-directory; NIPs -> nips/complete-index; Privacy -> privacy-security; Wallets -> nip-47-wallet-connect; Media -> music-video-media; Commerce -> content-sale; Governance -> dao-governance; Crays -> nostr-and-crays; Library -> archive-library,,,0,,,Research Source: NIP-5A: Static Websites / nsites,0,,1,Research Source: NIP-5A: Static Websites / nsites,21,0,0,P3,gezielte redaktionelle Politur und Quellenabgleich
https://www.crays.org/nostr/source-inventory/deep-research/nips/nips-nostr-com-nip-62-request-to-vanish-16cb8319/,source-inventory/deep-research/nips/nips-nostr-com-nip-62-request-to-vanish-16cb8319,Research Source: NIP-62: Request to Vanish,Library,Source inventory,NIP-Seite,brauchbar,1549,12,5,4,5,646,679,,Start -> what-is-nostr; People -> people; Apps -> apps/catalog; Relays -> relay-market-directory; NIPs -> nips/complete-index; Privacy -> privacy-security; Wallets -> nip-47-wallet-connect; Media -> music-video-media; Commerce -> content-sale; Governance -> dao-governance; Crays -> nostr-and-crays; Library -> archive-library,,,0,,,Research Source: NIP-62: Request to Vanish,0,,1,Research Source: NIP-62: Request to Vanish,21,0,0,P3,gezielte redaktionelle Politur und Quellenabgleich
https://www.crays.org/nostr/source-inventory/deep-research/nips/nips-nostr-com-nip-65-relay-list-metadata-c77ba222/,source-inventory/deep-research/nips/nips-nostr-com-nip-65-relay-list-metadata-c77ba222,Research Source: NIP-65: Relay List Metadata,Library,Source inventory,NIP-Seite,brauchbar,1537,12,5,4,5,646,680,,Start -> what-is-nostr; People -> people; Apps -> apps/catalog; Relays -> relay-market-directory; NIPs -> nips/complete-index; Privacy -> privacy-security; Wallets -> nip-47-wallet-connect; Media -> music-video-media; Commerce -> content-sale; Governance -> dao-governance; Crays -> nostr-and-crays; Library -> archive-library,,,0,,,Research Source: NIP-65: Relay List Metadata,0,,1,Research Source: NIP-65: Relay List Metadata,21,0,0,P3,gezielte redaktionelle Politur und Quellenabgleich
https://www.crays.org/nostr/source-inventory/deep-research/nips/nips-nostr-com-nip-66-relay-liveness-monitoring-795beaf1/,source-inventory/deep-research/nips/nips-nostr-com-nip-66-relay-liveness-monitoring-795beaf1,Research Source: NIP-66: Relay Liveness Monitoring,Library,Source inventory,NIP-Seite,brauchbar,1546,12,5,4,5,646,679,,Start -> what-is-nostr; People -> people; Apps -> apps/catalog; Relays -> relay-market-directory; NIPs -> nips/complete-index; Privacy -> privacy-security; Wallets -> nip-47-wallet-connect; Media -> music-video-media; Commerce -> content-sale; Governance -> dao-governance; Crays -> nostr-and-crays; Library -> archive-library,,,0,,,Research Source: NIP-66: Relay Liveness Monitoring,0,,1,Research Source: NIP-66: Relay Liveness Monitoring,21,0,0,P3,gezielte redaktionelle Politur und Quellenabgleich
https://www.crays.org/nostr/source-inventory/deep-research/nips/nips-nostr-com-nip-68-picture-first-feeds-7875f3b7/,source-inventory/deep-research/nips/nips-nostr-com-nip-68-picture-first-feeds-7875f3b7,Research Source: NIP-68: Picture-first feeds,Library,Source inventory,NIP-Seite,brauchbar,1509,12,5,4,5,646,680,,Start -> what-is-nostr; People -> people; Apps -> apps/catalog; Relays -> relay-market-directory; NIPs -> nips/complete-index; Privacy -> privacy-security; Wallets -> nip-47-wallet-connect; Media -> music-video-media; Commerce -> content-sale; Governance -> dao-governance; Crays -> nostr-and-crays; Library -> archive-library,,,0,,,Research Source: NIP-68: Picture-first feeds,0,,1,Research Source: NIP-68: Picture-first feeds,21,0,0,P3,gezielte redaktionelle Politur und Quellenabgleich
https://www.crays.org/nostr/source-inventory/deep-research/nips/nips-nostr-com-nip-69-peer-to-peer-order-events-21baf3e5/,source-inventory/deep-research/nips/nips-nostr-com-nip-69-peer-to-peer-order-events-21baf3e5,Research Source: NIP-69: Peer-to-peer Order events,Library,Source inventory,NIP-Seite,brauchbar,1533,12,5,4,5,646,679,,Start -> what-is-nostr; People -> people; Apps -> apps/catalog; Relays -> relay-market-directory; NIPs -> nips/complete-index; Privacy -> privacy-security; Wallets -> nip-47-wallet-connect; Media -> music-video-media; Commerce -> content-sale; Governance -> dao-governance; Crays -> nostr-and-crays; Library -> archive-library,,,0,,,Research Source: NIP-69: Peer-to-peer Order events,0,,1,Research Source: NIP-69: Peer-to-peer Order events,21,0,0,P3,gezielte redaktionelle Politur und Quellenabgleich
https://www.crays.org/nostr/source-inventory/deep-research/nips/nips-nostr-com-nip-70-protected-events-4fa1f9f3/,source-inventory/deep-research/nips/nips-nostr-com-nip-70-protected-events-4fa1f9f3,Research Source: NIP-70: Protected Events,Library,Source inventory,NIP-Seite,brauchbar,1511,12,5,4,5,646,679,,Start -> what-is-nostr; People -> people; Apps -> apps/catalog; Relays -> relay-market-directory; NIPs -> nips/complete-index; Privacy -> privacy-security; Wallets -> nip-47-wallet-connect; Media -> music-video-media; Commerce -> content-sale; Governance -> dao-governance; Crays -> nostr-and-crays; Library -> archive-library,,,0,,,Research Source: NIP-70: Protected Events,0,,1,Research Source: NIP-70: Protected Events,21,0,0,P3,gezielte redaktionelle Politur und Quellenabgleich
https://www.crays.org/nostr/source-inventory/deep-research/nips/nips-nostr-com-nip-77-negentropy-syncing-6093926e/,source-inventory/deep-research/nips/nips-nostr-com-nip-77-negentropy-syncing-6093926e,Research Source: NIP-77: Negentropy Syncing,Library,Source inventory,NIP-Seite,brauchbar,1507,12,5,4,5,646,679,,Start -> what-is-nostr; People -> people; Apps -> apps/catalog; Relays -> relay-market-directory; NIPs -> nips/complete-index; Privacy -> privacy-security; Wallets -> nip-47-wallet-connect; Media -> music-video-media; Commerce -> content-sale; Governance -> dao-governance; Crays -> nostr-and-crays; Library -> archive-library,,,0,,,Research Source: NIP-77: Negentropy Syncing,0,,1,Research Source: NIP-77: Negentropy Syncing,21,0,0,P3,gezielte redaktionelle Politur und Quellenabgleich
https://www.crays.org/nostr/source-inventory/deep-research/nips/nips-nostr-com-nip-85-trusted-assertions-9269aedb/,source-inventory/deep-research/nips/nips-nostr-com-nip-85-trusted-assertions-9269aedb,Research Source: NIP-85: Trusted Assertions,Library,Source inventory,NIP-Seite,brauchbar,1514,12,5,4,5,646,679,,Start -> what-is-nostr; People -> people; Apps -> apps/catalog; Relays -> relay-market-directory; NIPs -> nips/complete-index; Privacy -> privacy-security; Wallets -> nip-47-wallet-connect; Media -> music-video-media; Commerce -> content-sale; Governance -> dao-governance; Crays -> nostr-and-crays; Library -> archive-library,,,0,,,Research Source: NIP-85: Trusted Assertions,0,,1,Research Source: NIP-85: Trusted Assertions,21,0,0,P3,gezielte redaktionelle Politur und Quellenabgleich
https://www.crays.org/nostr/source-inventory/deep-research/nips/nips-nostr-com-nip-86-relay-management-api-7bddf76f/,source-inventory/deep-research/nips/nips-nostr-com-nip-86-relay-management-api-7bddf76f,Research Source: NIP-86: Relay Management API,Library,Source inventory,NIP-Seite,brauchbar,1536,12,5,4,5,646,679,,Start -> what-is-nostr; People -> people; Apps -> apps/catalog; Relays -> relay-market-directory; NIPs -> nips/complete-index; Privacy -> privacy-security; Wallets -> nip-47-wallet-connect; Media -> music-video-media; Commerce -> content-sale; Governance -> dao-governance; Crays -> nostr-and-crays; Library -> archive-library,,,0,,,Research Source: NIP-86: Relay Management API,0,,1,Research Source: NIP-86: Relay Management API,21,0,0,P3,gezielte redaktionelle Politur und Quellenabgleich
https://www.crays.org/nostr/source-inventory/deep-research/nips/nips-nostr-com-nip-88-polls-54bd2baf/,source-inventory/deep-research/nips/nips-nostr-com-nip-88-polls-54bd2baf,Research Source: NIP-88: Polls,Library,Source inventory,NIP-Seite,brauchbar,1482,12,5,4,5,646,679,,Start -> what-is-nostr; People -> people; Apps -> apps/catalog; Relays -> relay-market-directory; NIPs -> nips/complete-index; Privacy -> privacy-security; Wallets -> nip-47-wallet-connect; Media -> music-video-media; Commerce -> content-sale; Governance -> dao-governance; Crays -> nostr-and-crays; Library -> archive-library,,,0,,,Research Source: NIP-88: Polls,0,,1,Research Source: NIP-88: Polls,21,0,0,P3,gezielte redaktionelle Politur und Quellenabgleich
https://www.crays.org/nostr/source-inventory/deep-research/nips/nips-nostr-com-nip-89-recommended-application-handlers-58a9e463/,source-inventory/deep-research/nips/nips-nostr-com-nip-89-recommended-application-handlers-58a9e463,Research Source: NIP-89: Recommended Application Handlers,Library,Source inventory,NIP-Seite,brauchbar,1538,12,5,4,5,646,679,,Start -> what-is-nostr; People -> people; Apps -> apps/catalog; Relays -> relay-market-directory; NIPs -> nips/complete-index; Privacy -> privacy-security; Wallets -> nip-47-wallet-connect; Media -> music-video-media; Commerce -> content-sale; Governance -> dao-governance; Crays -> nostr-and-crays; Library -> archive-library,,,0,,,Research Source: NIP-89: Recommended Application Handlers,0,,1,Research Source: NIP-89: Recommended Application Handlers,21,0,0,P3,gezielte redaktionelle Politur und Quellenabgleich
https://www.crays.org/nostr/source-inventory/deep-research/nips/nips-nostr-com-nip-a0-voice-messages-55536056/,source-inventory/deep-research/nips/nips-nostr-com-nip-a0-voice-messages-55536056,Research Source: NIP-A0: Voice Messages,Library,Source inventory,Grundlagenartikel,brauchbar,1514,12,5,4,5,646,680,,Start -> what-is-nostr; People -> people; Apps -> apps/catalog; Relays -> relay-market-directory; NIPs -> nips/complete-index; Privacy -> privacy-security; Wallets -> nip-47-wallet-connect; Media -> music-video-media; Commerce -> content-sale; Governance -> dao-governance; Crays -> nostr-and-crays; Library -> archive-library,,,0,,,Research Source: NIP-A0: Voice Messages,0,,1,Research Source: NIP-A0: Voice Messages,21,0,0,P3,gezielte redaktionelle Politur und Quellenabgleich
https://www.crays.org/nostr/source-inventory/deep-research/nips/nips-nostr-com-nip-a4-public-messages-e0935102/,source-inventory/deep-research/nips/nips-nostr-com-nip-a4-public-messages-e0935102,Research Source: NIP-A4: Public Messages,Library,Source inventory,Grundlagenartikel,brauchbar,1505,12,5,4,5,646,679,,Start -> what-is-nostr; People -> people; Apps -> apps/catalog; Relays -> relay-market-directory; NIPs -> nips/complete-index; Privacy -> privacy-security; Wallets -> nip-47-wallet-connect; Media -> music-video-media; Commerce -> content-sale; Governance -> dao-governance; Crays -> nostr-and-crays; Library -> archive-library,,,0,,,Research Source: NIP-A4: Public Messages,0,,1,Research Source: NIP-A4: Public Messages,21,0,0,P3,gezielte redaktionelle Politur und Quellenabgleich
https://www.crays.org/nostr/source-inventory/deep-research/nips/nips-nostr-com-nip-b0-web-bookmarks-f010ceb1/,source-inventory/deep-research/nips/nips-nostr-com-nip-b0-web-bookmarks-f010ceb1,Research Source: NIP-B0: Web Bookmarks,Library,Source inventory,Grundlagenartikel,brauchbar,1509,12,5,4,5,646,680,,Start -> what-is-nostr; People -> people; Apps -> apps/catalog; Relays -> relay-market-directory; NIPs -> nips/complete-index; Privacy -> privacy-security; Wallets -> nip-47-wallet-connect; Media -> music-video-media; Commerce -> content-sale; Governance -> dao-governance; Crays -> nostr-and-crays; Library -> archive-library,,,0,,,Research Source: NIP-B0: Web Bookmarks,0,,1,Research Source: NIP-B0: Web Bookmarks,21,0,0,P3,gezielte redaktionelle Politur und Quellenabgleich
https://www.crays.org/nostr/source-inventory/deep-research/nips/nips-nostr-com-nip-f4-podcasts-a7238e36/,source-inventory/deep-research/nips/nips-nostr-com-nip-f4-podcasts-a7238e36,Research Source: NIP-F4: Podcasts,Library,Source inventory,Grundlagenartikel,brauchbar,1498,12,5,4,5,646,679,,Start -> what-is-nostr; People -> people; Apps -> apps/catalog; Relays -> relay-market-directory; NIPs -> nips/complete-index; Privacy -> privacy-security; Wallets -> nip-47-wallet-connect; Media -> music-video-media; Commerce -> content-sale; Governance -> dao-governance; Crays -> nostr-and-crays; Library -> archive-library,,,0,,,Research Source: NIP-F4: Podcasts,0,,1,Research Source: NIP-F4: Podcasts,21,0,0,P3,gezielte redaktionelle Politur und Quellenabgleich
https://www.crays.org/nostr/source-inventory/deep-research/nips/nips-nostr-com-nips-mirror-5d8c1c7f/,source-inventory/deep-research/nips/nips-nostr-com-nips-mirror-5d8c1c7f,Research Source: NIPs mirror,Library,Source inventory,Grundlagenartikel,brauchbar,1485,12,5,4,5,645,680,,Start -> what-is-nostr; People -> people; Apps -> apps/catalog; Relays -> relay-market-directory; NIPs -> nips/complete-index; Privacy -> privacy-security; Wallets -> nip-47-wallet-connect; Media -> music-video-media; Commerce -> content-sale; Governance -> dao-governance; Crays -> nostr-and-crays; Library -> archive-library,,,0,,,Research Source: NIPs mirror,0,,1,Research Source: NIPs mirror,22,0,0,P3,gezielte redaktionelle Politur und Quellenabgleich
https://www.crays.org/nostr/source-inventory/deep-research/nips/relay-groups-nip29-com-nip-29-groups-relay-6b6aecbd/,source-inventory/deep-research/nips/relay-groups-nip29-com-nip-29-groups-relay-6b6aecbd,Research Source: NIP-29 Groups Relay,Library,Source inventory,NIP-Seite,brauchbar,1490,12,5,4,5,645,680,,Start -> what-is-nostr; People -> people; Apps -> apps/catalog; Relays -> relay-market-directory; NIPs -> nips/complete-index; Privacy -> privacy-security; Wallets -> nip-47-wallet-connect; Media -> music-video-media; Commerce -> content-sale; Governance -> dao-governance; Crays -> nostr-and-crays; Library -> archive-library,,,0,,,Research Source: NIP-29 Groups Relay,0,,1,Research Source: NIP-29 Groups Relay,21,0,0,P3,gezielte redaktionelle Politur und Quellenabgleich
https://www.crays.org/nostr/source-inventory/deep-research/reads/,source-inventory/deep-research/reads,"Deep Research: Reads, essays and research",Library,Source inventory,Grundlagenartikel,brauchbar,1355,9,4,4,4,645,677,signer -> nip-07-signers,Start -> what-is-nostr; People -> people; Apps -> apps/catalog; Relays -> relay-market-directory; NIPs -> nips/complete-index; Privacy -> privacy-security; Wallets -> nip-47-wallet-connect; Media -> music-video-media; Commerce -> content-sale; Governance -> dao-governance; Crays -> nostr-and-crays; Library -> archive-library,,,0,,,"Deep Research: Reads, essays and research",0,,1,"Deep Research: Reads, essays and research",17,0,0,P3,gezielte redaktionelle Politur und Quellenabgleich
https://www.crays.org/nostr/source-inventory/deep-research/reads/arxiv-org-an-empirical-analysis-of-the-nostr-social-network-3dcc6d3a/,source-inventory/deep-research/reads/arxiv-org-an-empirical-analysis-of-the-nostr-social-network-3dcc6d3a,Research Source: An Empirical Analysis of the Nostr Social Network,Library,Source inventory,Grundlagenartikel,brauchbar,1595,11,5,4,4,644,680,signer -> nip-07-signers,Start -> what-is-nostr; People -> people; Apps -> apps/catalog; Relays -> relay-market-directory; NIPs -> nips/complete-index; Privacy -> privacy-security; Wallets -> nip-47-wallet-connect; Media -> music-video-media; Commerce -> content-sale; Governance -> dao-governance; Crays -> nostr-and-crays; Library -> archive-library,,,0,,,Research Source: An Empirical Analysis of the Nostr Social Network,0,,1,Research Source: An Empirical Analysis of the Nostr Social Network,22,0,0,P3,gezielte redaktionelle Politur und Quellenabgleich
https://www.crays.org/nostr/source-inventory/deep-research/reads/en-wikipedia-org-wikipedia-nostr-bca5a0f7/,source-inventory/deep-research/reads/en-wikipedia-org-wikipedia-nostr-bca5a0f7,Research Source: Wikipedia — Nostr,Library,Source inventory,Grundlagenartikel,brauchbar,1517,12,5,4,4,644,680,signer -> nip-07-signers,Start -> what-is-nostr; People -> people; Apps -> apps/catalog; Relays -> relay-market-directory; NIPs -> nips/complete-index; Privacy -> privacy-security; Wallets -> nip-47-wallet-connect; Media -> music-video-media; Commerce -> content-sale; Governance -> dao-governance; Crays -> nostr-and-crays; Library -> archive-library,,,0,,,Research Source: Wikipedia — Nostr,0,,1,Research Source: Wikipedia — Nostr,22,0,0,P3,gezielte redaktionelle Politur und Quellenabgleich
https://www.crays.org/nostr/source-inventory/deep-research/reads/forbes-com-forbes-guide-to-nostr-5dd04b9f/,source-inventory/deep-research/reads/forbes-com-forbes-guide-to-nostr-5dd04b9f,Research Source: Forbes — Guide to Nostr,Library,Source inventory,Grundlagenartikel,brauchbar,1695,10,5,4,5,644,680,,Start -> what-is-nostr; People -> people; Apps -> apps/catalog; Relays -> relay-market-directory; NIPs -> nips/complete-index; Privacy -> privacy-security; Wallets -> nip-47-wallet-connect; Media -> music-video-media; Commerce -> content-sale; Governance -> dao-governance; Crays -> nostr-and-crays; Library -> archive-library,,,0,,,Research Source: Forbes — Guide to Nostr,0,,1,Research Source: Forbes — Guide to Nostr,39,0,0,P3,gezielte redaktionelle Politur und Quellenabgleich
https://www.crays.org/nostr/source-inventory/deep-research/reads/lynalden-com-lyn-alden-the-power-of-nostr-22f6ab55/,source-inventory/deep-research/reads/lynalden-com-lyn-alden-the-power-of-nostr-22f6ab55,Research Source: Lyn Alden — The Power of Nostr,Library,Source inventory,Grundlagenartikel,brauchbar,1782,10,5,4,5,644,682,,Start -> what-is-nostr; People -> people; Apps -> apps/catalog; Relays -> relay-market-directory; NIPs -> nips/complete-index; Privacy -> privacy-security; Wallets -> nip-47-wallet-connect; Media -> music-video-media; Commerce -> content-sale; Governance -> dao-governance; Crays -> nostr-and-crays; Library -> archive-library,,,0,,,Research Source: Lyn Alden — The Power of Nostr,0,,1,Research Source: Lyn Alden — The Power of Nostr,39,0,0,P3,gezielte redaktionelle Politur und Quellenabgleich
https://www.crays.org/nostr/source-inventory/deep-research/reads/news-ycombinator-com-hacker-news-nostr-discussions-56ef18f3/,source-inventory/deep-research/reads/news-ycombinator-com-hacker-news-nostr-discussions-56ef18f3,Research Source: Hacker News — Nostr discussions,Library,Source inventory,Grundlagenartikel,brauchbar,1740,10,5,4,5,644,680,,Start -> what-is-nostr; People -> people; Apps -> apps/catalog; Relays -> relay-market-directory; NIPs -> nips/complete-index; Privacy -> privacy-security; Wallets -> nip-47-wallet-connect; Media -> music-video-media; Commerce -> content-sale; Governance -> dao-governance; Crays -> nostr-and-crays; Library -> archive-library,,,0,,,Research Source: Hacker News — Nostr discussions,0,,1,Research Source: Hacker News — Nostr discussions,39,0,0,P3,gezielte redaktionelle Politur und Quellenabgleich
https://www.crays.org/nostr/source-inventory/deep-research/reads/nobsbitcoin-com-no-bullshit-bitcoin-primal-v2-0-c1586e69/,source-inventory/deep-research/reads/nobsbitcoin-com-no-bullshit-bitcoin-primal-v2-0-c1586e69,Research Source: No Bullshit Bitcoin — Primal v2.0,Library,Source inventory,Grundlagenartikel,brauchbar,1638,10,5,4,5,644,681,,Start -> what-is-nostr; People -> people; Apps -> apps/catalog; Relays -> relay-market-directory; NIPs -> nips/complete-index; Privacy -> privacy-security; Wallets -> nip-47-wallet-connect; Media -> music-video-media; Commerce -> content-sale; Governance -> dao-governance; Crays -> nostr-and-crays; Library -> archive-library,,,0,,,Research Source: No Bullshit Bitcoin — Primal v2.0,0,,1,Research Source: No Bullshit Bitcoin — Primal v2.0,34,0,0,P3,gezielte redaktionelle Politur und Quellenabgleich
https://www.crays.org/nostr/source-inventory/deep-research/reads/nostr-com-nostr-com-explore-c6055bdf/,source-inventory/deep-research/reads/nostr-com-nostr-com-explore-c6055bdf,Research Source: Nostr.com Explore,Library,Source inventory,Grundlagenartikel,brauchbar,1567,12,5,4,4,644,680,signer -> nip-07-signers,Start -> what-is-nostr; People -> people; Apps -> apps/catalog; Relays -> relay-market-directory; NIPs -> nips/complete-index; Privacy -> privacy-security; Wallets -> nip-47-wallet-connect; Media -> music-video-media; Commerce -> content-sale; Governance -> dao-governance; Crays -> nostr-and-crays; Library -> archive-library,,,0,,,Research Source: Nostr.com Explore,0,,1,Research Source: Nostr.com Explore,22,0,0,P3,gezielte redaktionelle Politur und Quellenabgleich
https://www.crays.org/nostr/source-inventory/deep-research/reads/nostr-com-nostr-com-f03f54fd/,source-inventory/deep-research/reads/nostr-com-nostr-com-f03f54fd,Research Source: Nostr.com,Library,Source inventory,Grundlagenartikel,brauchbar,1484,11,5,4,4,644,680,signer -> nip-07-signers,Start -> what-is-nostr; People -> people; Apps -> apps/catalog; Relays -> relay-market-directory; NIPs -> nips/complete-index; Privacy -> privacy-security; Wallets -> nip-47-wallet-connect; Media -> music-video-media; Commerce -> content-sale; Governance -> dao-governance; Crays -> nostr-and-crays; Library -> archive-library,,,0,,,Research Source: Nostr.com,0,,1,Research Source: Nostr.com,24,0,0,P3,gezielte redaktionelle Politur und Quellenabgleich
https://www.crays.org/nostr/source-inventory/deep-research/reads/nostr-com-nostr-com-indexed-primal-reads-note-06f4100f/,source-inventory/deep-research/reads/nostr-com-nostr-com-indexed-primal-reads-note-06f4100f,Research Source: Nostr.com indexed Primal Reads note,Library,Source inventory,Grundlagenartikel,brauchbar,1620,12,5,4,4,644,680,signer -> nip-07-signers,Start -> what-is-nostr; People -> people; Apps -> apps/catalog; Relays -> relay-market-directory; NIPs -> nips/complete-index; Privacy -> privacy-security; Wallets -> nip-47-wallet-connect; Media -> music-video-media; Commerce -> content-sale; Governance -> dao-governance; Crays -> nostr-and-crays; Library -> archive-library,,,0,,,Research Source: Nostr.com indexed Primal Reads note,0,,1,Research Source: Nostr.com indexed Primal Reads note,22,0,0,P3,gezielte redaktionelle Politur und Quellenabgleich
https://www.crays.org/nostr/source-inventory/deep-research/reads/nostrbook-dev-the-nostr-book-475892ec/,source-inventory/deep-research/reads/nostrbook-dev-the-nostr-book-475892ec,Research Source: The Nostr Book,Library,Source inventory,Grundlagenartikel,brauchbar,1546,12,5,4,4,644,680,signer -> nip-07-signers,Start -> what-is-nostr; People -> people; Apps -> apps/catalog; Relays -> relay-market-directory; NIPs -> nips/complete-index; Privacy -> privacy-security; Wallets -> nip-47-wallet-connect; Media -> music-video-media; Commerce -> content-sale; Governance -> dao-governance; Crays -> nostr-and-crays; Library -> archive-library,,,0,,,Research Source: The Nostr Book,0,,1,Research Source: The Nostr Book,22,0,0,P3,gezielte redaktionelle Politur und Quellenabgleich
https://www.crays.org/nostr/source-inventory/deep-research/reads/nostrcompass-org-nostr-compass-cef5c45e/,source-inventory/deep-research/reads/nostrcompass-org-nostr-compass-cef5c45e,Research Source: Nostr Compass,Library,Source inventory,Grundlagenartikel,brauchbar,1508,12,5,4,4,644,680,signer -> nip-07-signers,Start -> what-is-nostr; People -> people; Apps -> apps/catalog; Relays -> relay-market-directory; NIPs -> nips/complete-index; Privacy -> privacy-security; Wallets -> nip-47-wallet-connect; Media -> music-video-media; Commerce -> content-sale; Governance -> dao-governance; Crays -> nostr-and-crays; Library -> archive-library,,,0,,,Research Source: Nostr Compass,0,,1,Research Source: Nostr Compass,22,0,0,P3,gezielte redaktionelle Politur und Quellenabgleich
https://www.crays.org/nostr/source-inventory/deep-research/reads/nostrcompass-org-nostr-compass-newsletters-7af8d1f1/,source-inventory/deep-research/reads/nostrcompass-org-nostr-compass-newsletters-7af8d1f1,Research Source: Nostr Compass Newsletters,Library,Source inventory,Grundlagenartikel,brauchbar,1626,10,5,4,5,644,680,,Start -> what-is-nostr; People -> people; Apps -> apps/catalog; Relays -> relay-market-directory; NIPs -> nips/complete-index; Privacy -> privacy-security; Wallets -> nip-47-wallet-connect; Media -> music-video-media; Commerce -> content-sale; Governance -> dao-governance; Crays -> nostr-and-crays; Library -> archive-library,,,0,,,Research Source: Nostr Compass Newsletters,0,,1,Research Source: Nostr Compass Newsletters,39,0,0,P3,gezielte redaktionelle Politur und Quellenabgleich
https://www.crays.org/nostr/source-inventory/deep-research/reads/nostrdesign-org-nostr-design-docs-d82325af/,source-inventory/deep-research/reads/nostrdesign-org-nostr-design-docs-d82325af,Research Source: Nostr Design docs,Library,Source inventory,Grundlagenartikel,brauchbar,1534,12,5,4,4,644,680,signer -> nip-07-signers,Start -> what-is-nostr; People -> people; Apps -> apps/catalog; Relays -> relay-market-directory; NIPs -> nips/complete-index; Privacy -> privacy-security; Wallets -> nip-47-wallet-connect; Media -> music-video-media; Commerce -> content-sale; Governance -> dao-governance; Crays -> nostr-and-crays; Library -> archive-library,,,0,,,Research Source: Nostr Design docs,0,,1,Research Source: Nostr Design docs,22,0,0,P3,gezielte redaktionelle Politur und Quellenabgleich
https://www.crays.org/nostr/source-inventory/deep-research/reads/podcast-nostrcompass-org-nostr-compass-podcast-42981d77/,source-inventory/deep-research/reads/podcast-nostrcompass-org-nostr-compass-podcast-42981d77,Research Source: Nostr Compass Podcast,Library,Source inventory,Grundlagenartikel,brauchbar,1535,12,5,4,4,644,680,signer -> nip-07-signers,Start -> what-is-nostr; People -> people; Apps -> apps/catalog; Relays -> relay-market-directory; NIPs -> nips/complete-index; Privacy -> privacy-security; Wallets -> nip-47-wallet-connect; Media -> music-video-media; Commerce -> content-sale; Governance -> dao-governance; Crays -> nostr-and-crays; Library -> archive-library,,,0,,,Research Source: Nostr Compass Podcast,0,,1,Research Source: Nostr Compass Podcast,22,0,0,P3,gezielte redaktionelle Politur und Quellenabgleich
https://www.crays.org/nostr/source-inventory/deep-research/reads/reddit-com-reddit-r-nostr-abecebca/,source-inventory/deep-research/reads/reddit-com-reddit-r-nostr-abecebca,Research Source: Reddit r/nostr,Library,Source inventory,Grundlagenartikel,brauchbar,1531,12,5,4,4,644,681,signer -> nip-07-signers,Start -> what-is-nostr; People -> people; Apps -> apps/catalog; Relays -> relay-market-directory; NIPs -> nips/complete-index; Privacy -> privacy-security; Wallets -> nip-47-wallet-connect; Media -> music-video-media; Commerce -> content-sale; Governance -> dao-governance; Crays -> nostr-and-crays; Library -> archive-library,,,0,,,Research Source: Reddit r/nostr,0,,1,Research Source: Reddit r/nostr,22,0,0,P3,gezielte redaktionelle Politur und Quellenabgleich
https://www.crays.org/nostr/source-inventory/deep-research/reads/soapbox-pub-soapbox-nostr-101-713c840f/,source-inventory/deep-research/reads/soapbox-pub-soapbox-nostr-101-713c840f,Research Source: Soapbox — Nostr 101,Library,Source inventory,Grundlagenartikel,brauchbar,1540,12,5,4,4,644,680,signer -> nip-07-signers,Start -> what-is-nostr; People -> people; Apps -> apps/catalog; Relays -> relay-market-directory; NIPs -> nips/complete-index; Privacy -> privacy-security; Wallets -> nip-47-wallet-connect; Media -> music-video-media; Commerce -> content-sale; Governance -> dao-governance; Crays -> nostr-and-crays; Library -> archive-library,,,0,,,Research Source: Soapbox — Nostr 101,0,,1,Research Source: Soapbox — Nostr 101,22,0,0,P3,gezielte redaktionelle Politur und Quellenabgleich
https://www.crays.org/nostr/source-inventory/deep-research/relays/,source-inventory/deep-research/relays,"Deep Research: Relays, infrastructure and storage",Library,Source inventory,Grundlagenartikel,brauchbar,1385,9,4,4,4,684,676,signer -> nip-07-signers,Start -> what-is-nostr; People -> people; Apps -> apps/catalog; Relays -> relay-market-directory; NIPs -> nips/complete-index; Privacy -> privacy-security; Wallets -> nip-47-wallet-connect; Media -> music-video-media; Commerce -> content-sale; Governance -> dao-governance; Crays -> nostr-and-crays; Library -> archive-library,,,0,,,"Deep Research: Relays, infrastructure and storage",0,,1,"Deep Research: Relays, infrastructure and storage",23,0,0,P3,gezielte redaktionelle Politur und Quellenabgleich
https://www.crays.org/nostr/source-inventory/deep-research/relays/github-com-bitvora-wot-relay-1f19fbc3/,source-inventory/deep-research/relays/github-com-bitvora-wot-relay-1f19fbc3,Research Source: bitvora/wot-relay,Library,Source inventory,Grundlagenartikel,brauchbar,1524,12,5,4,4,645,679,signer -> nip-07-signers,Start -> what-is-nostr; People -> people; Apps -> apps/catalog; Relays -> relay-market-directory; NIPs -> nips/complete-index; Privacy -> privacy-security; Wallets -> nip-47-wallet-connect; Media -> music-video-media; Commerce -> content-sale; Governance -> dao-governance; Crays -> nostr-and-crays; Library -> archive-library,,,0,,,Research Source: bitvora/wot-relay,0,,1,Research Source: bitvora/wot-relay,24,0,0,P3,gezielte redaktionelle Politur und Quellenabgleich
https://www.crays.org/nostr/source-inventory/deep-research/relays/github-com-blossom-github-cbcb2935/,source-inventory/deep-research/relays/github-com-blossom-github-cbcb2935,Research Source: Blossom GitHub,Library,Source inventory,Grundlagenartikel,brauchbar,1528,12,5,4,4,645,680,signer -> nip-07-signers,Start -> what-is-nostr; People -> people; Apps -> apps/catalog; Relays -> relay-market-directory; NIPs -> nips/complete-index; Privacy -> privacy-security; Wallets -> nip-47-wallet-connect; Media -> music-video-media; Commerce -> content-sale; Governance -> dao-governance; Crays -> nostr-and-crays; Library -> archive-library,,,0,,,Research Source: Blossom GitHub,0,,1,Research Source: Blossom GitHub,24,0,0,P3,gezielte redaktionelle Politur und Quellenabgleich
https://www.crays.org/nostr/source-inventory/deep-research/relays/github-com-grain-3d031a52/,source-inventory/deep-research/relays/github-com-grain-3d031a52,Research Source: grain,Library,Source inventory,Grundlagenartikel,brauchbar,1503,12,5,4,4,645,679,signer -> nip-07-signers,Start -> what-is-nostr; People -> people; Apps -> apps/catalog; Relays -> relay-market-directory; NIPs -> nips/complete-index; Privacy -> privacy-security; Wallets -> nip-47-wallet-connect; Media -> music-video-media; Commerce -> content-sale; Governance -> dao-governance; Crays -> nostr-and-crays; Library -> archive-library,,,0,,,Research Source: grain,0,,1,Research Source: grain,24,0,0,P3,gezielte redaktionelle Politur und Quellenabgleich
https://www.crays.org/nostr/source-inventory/deep-research/relays/github-com-khatru-36b970b4/,source-inventory/deep-research/relays/github-com-khatru-36b970b4,Research Source: Khatru,Library,Source inventory,Grundlagenartikel,brauchbar,1501,12,5,4,4,645,680,signer -> nip-07-signers,Start -> what-is-nostr; People -> people; Apps -> apps/catalog; Relays -> relay-market-directory; NIPs -> nips/complete-index; Privacy -> privacy-security; Wallets -> nip-47-wallet-connect; Media -> music-video-media; Commerce -> content-sale; Governance -> dao-governance; Crays -> nostr-and-crays; Library -> archive-library,,,0,,,Research Source: Khatru,0,,1,Research Source: Khatru,24,0,0,P3,gezielte redaktionelle Politur und Quellenabgleich
https://www.crays.org/nostr/source-inventory/deep-research/relays/github-com-nostr-wine-filter-relay-c62d9d7a/,source-inventory/deep-research/relays/github-com-nostr-wine-filter-relay-c62d9d7a,Research Source: nostr.wine/filter-relay,Library,Source inventory,Grundlagenartikel,brauchbar,1550,12,5,4,4,645,679,signer -> nip-07-signers,Start -> what-is-nostr; People -> people; Apps -> apps/catalog; Relays -> relay-market-directory; NIPs -> nips/complete-index; Privacy -> privacy-security; Wallets -> nip-47-wallet-connect; Media -> music-video-media; Commerce -> content-sale; Governance -> dao-governance; Crays -> nostr-and-crays; Library -> archive-library,,,0,,,Research Source: nostr.wine/filter-relay,0,,1,Research Source: nostr.wine/filter-relay,24,0,0,P3,gezielte redaktionelle Politur und Quellenabgleich
https://www.crays.org/nostr/source-inventory/deep-research/relays/github-com-nostream-b3e3803e/,source-inventory/deep-research/relays/github-com-nostream-b3e3803e,Research Source: nostream,Library,Source inventory,Grundlagenartikel,brauchbar,1499,12,5,4,4,645,679,signer -> nip-07-signers,Start -> what-is-nostr; People -> people; Apps -> apps/catalog; Relays -> relay-market-directory; NIPs -> nips/complete-index; Privacy -> privacy-security; Wallets -> nip-47-wallet-connect; Media -> music-video-media; Commerce -> content-sale; Governance -> dao-governance; Crays -> nostr-and-crays; Library -> archive-library,,,0,,,Research Source: nostream,0,,1,Research Source: nostream,24,0,0,P3,gezielte redaktionelle Politur und Quellenabgleich
https://www.crays.org/nostr/source-inventory/deep-research/relays/github-com-sesseor-nostr-relays-list-8f8578ae/,source-inventory/deep-research/relays/github-com-sesseor-nostr-relays-list-8f8578ae,Research Source: sesseor/nostr-relays-list,Library,Source inventory,Grundlagenartikel,brauchbar,1535,12,5,4,4,645,679,signer -> nip-07-signers,Start -> what-is-nostr; People -> people; Apps -> apps/catalog; Relays -> relay-market-directory; NIPs -> nips/complete-index; Privacy -> privacy-security; Wallets -> nip-47-wallet-connect; Media -> music-video-media; Commerce -> content-sale; Governance -> dao-governance; Crays -> nostr-and-crays; Library -> archive-library,,,0,,,Research Source: sesseor/nostr-relays-list,0,,1,Research Source: sesseor/nostr-relays-list,24,0,0,P3,gezielte redaktionelle Politur und Quellenabgleich
https://www.crays.org/nostr/source-inventory/deep-research/relays/github-com-strfry-41435a63/,source-inventory/deep-research/relays/github-com-strfry-41435a63,Research Source: strfry,Library,Source inventory,Grundlagenartikel,brauchbar,1502,12,5,4,4,645,680,signer -> nip-07-signers,Start -> what-is-nostr; People -> people; Apps -> apps/catalog; Relays -> relay-market-directory; NIPs -> nips/complete-index; Privacy -> privacy-security; Wallets -> nip-47-wallet-connect; Media -> music-video-media; Commerce -> content-sale; Governance -> dao-governance; Crays -> nostr-and-crays; Library -> archive-library,,,0,,,Research Source: strfry,0,,1,Research Source: strfry,24,0,0,P3,gezielte redaktionelle Politur und Quellenabgleich
https://www.crays.org/nostr/source-inventory/deep-research/relays/myrelay-page-myrelay-page-ff1c85b8/,source-inventory/deep-research/relays/myrelay-page-myrelay-page-ff1c85b8,Research Source: myrelay.page,Library,Source inventory,Grundlagenartikel,brauchbar,1524,12,5,4,4,645,679,signer -> nip-07-signers,Start -> what-is-nostr; People -> people; Apps -> apps/catalog; Relays -> relay-market-directory; NIPs -> nips/complete-index; Privacy -> privacy-security; Wallets -> nip-47-wallet-connect; Media -> music-video-media; Commerce -> content-sale; Governance -> dao-governance; Crays -> nostr-and-crays; Library -> archive-library,,,0,,,Research Source: myrelay.page,0,,1,Research Source: myrelay.page,24,0,0,P3,gezielte redaktionelle Politur und Quellenabgleich
https://www.crays.org/nostr/source-inventory/deep-research/relays/nostr-co-uk-nostr-co-uk-relays-7b93eb9a/,source-inventory/deep-research/relays/nostr-co-uk-nostr-co-uk-relays-7b93eb9a,Research Source: nostr.co.uk Relays,Library,Source inventory,Grundlagenartikel,brauchbar,1649,10,5,4,5,645,680,,Start -> what-is-nostr; People -> people; Apps -> apps/catalog; Relays -> relay-market-directory; NIPs -> nips/complete-index; Privacy -> privacy-security; Wallets -> nip-47-wallet-connect; Media -> music-video-media; Commerce -> content-sale; Governance -> dao-governance; Crays -> nostr-and-crays; Library -> archive-library,,,0,,,Research Source: nostr.co.uk Relays,0,,1,Research Source: nostr.co.uk Relays,39,0,0,P3,gezielte redaktionelle Politur und Quellenabgleich
https://www.crays.org/nostr/source-inventory/deep-research/relays/nostr-com-relay-setup-101-nostr-com-ea399408/,source-inventory/deep-research/relays/nostr-com-relay-setup-101-nostr-com-ea399408,Research Source: Relay Setup 101 — Nostr.com,Library,Source inventory,Grundlagenartikel,brauchbar,1593,12,5,4,4,645,679,signer -> nip-07-signers,Start -> what-is-nostr; People -> people; Apps -> apps/catalog; Relays -> relay-market-directory; NIPs -> nips/complete-index; Privacy -> privacy-security; Wallets -> nip-47-wallet-connect; Media -> music-video-media; Commerce -> content-sale; Governance -> dao-governance; Crays -> nostr-and-crays; Library -> archive-library,,,0,,,Research Source: Relay Setup 101 — Nostr.com,0,,1,Research Source: Relay Setup 101 — Nostr.com,24,0,0,P3,gezielte redaktionelle Politur und Quellenabgleich
https://www.crays.org/nostr/source-inventory/deep-research/relays/nostr-how-nostr-how-relays-aa1ea78e/,source-inventory/deep-research/relays/nostr-how-nostr-how-relays-aa1ea78e,Research Source: Nostr.how — Relays,Library,Source inventory,Grundlagenartikel,brauchbar,1555,12,5,4,4,645,679,signer -> nip-07-signers,Start -> what-is-nostr; People -> people; Apps -> apps/catalog; Relays -> relay-market-directory; NIPs -> nips/complete-index; Privacy -> privacy-security; Wallets -> nip-47-wallet-connect; Media -> music-video-media; Commerce -> content-sale; Governance -> dao-governance; Crays -> nostr-and-crays; Library -> archive-library,,,0,,,Research Source: Nostr.how — Relays,0,,1,Research Source: Nostr.how — Relays,24,0,0,P3,gezielte redaktionelle Politur und Quellenabgleich
https://www.crays.org/nostr/source-inventory/deep-research/relays/nostr-watch-nostr-watch-fd956c29/,source-inventory/deep-research/relays/nostr-watch-nostr-watch-fd956c29,Research Source: Nostr Watch,Library,Source inventory,Grundlagenartikel,brauchbar,1533,12,5,4,4,645,679,signer -> nip-07-signers,Start -> what-is-nostr; People -> people; Apps -> apps/catalog; Relays -> relay-market-directory; NIPs -> nips/complete-index; Privacy -> privacy-security; Wallets -> nip-47-wallet-connect; Media -> music-video-media; Commerce -> content-sale; Governance -> dao-governance; Crays -> nostr-and-crays; Library -> archive-library,,,0,,,Research Source: Nostr Watch,0,,1,Research Source: Nostr Watch,26,0,0,P3,gezielte redaktionelle Politur und Quellenabgleich
https://www.crays.org/nostr/source-inventory/deep-research/relays/nostr-wine-nostr-wine-a7f7309b/,source-inventory/deep-research/relays/nostr-wine-nostr-wine-a7f7309b,Research Source: nostr.wine,Library,Source inventory,Grundlagenartikel,brauchbar,1487,11,5,4,4,645,679,signer -> nip-07-signers,Start -> what-is-nostr; People -> people; Apps -> apps/catalog; Relays -> relay-market-directory; NIPs -> nips/complete-index; Privacy -> privacy-security; Wallets -> nip-47-wallet-connect; Media -> music-video-media; Commerce -> content-sale; Governance -> dao-governance; Crays -> nostr-and-crays; Library -> archive-library,,,0,,,Research Source: nostr.wine,0,,1,Research Source: nostr.wine,27,0,0,P3,gezielte redaktionelle Politur und Quellenabgleich
https://www.crays.org/nostr/source-inventory/deep-research/relays/nostrapps-com-citrine-cd7c6765/,source-inventory/deep-research/relays/nostrapps-com-citrine-cd7c6765,Research Source: Citrine,Library,Source inventory,Grundlagenartikel,brauchbar,1480,12,5,4,4,645,680,signer -> nip-07-signers,Start -> what-is-nostr; People -> people; Apps -> apps/catalog; Relays -> relay-market-directory; NIPs -> nips/complete-index; Privacy -> privacy-security; Wallets -> nip-47-wallet-connect; Media -> music-video-media; Commerce -> content-sale; Governance -> dao-governance; Crays -> nostr-and-crays; Library -> archive-library,,,0,,,Research Source: Citrine,0,,1,Research Source: Citrine,24,0,0,P3,gezielte redaktionelle Politur und Quellenabgleich
https://www.crays.org/nostr/source-inventory/deep-research/relays/nostrapps-com-nostr-relay-tray-d5766179/,source-inventory/deep-research/relays/nostrapps-com-nostr-relay-tray-d5766179,Research Source: Nostr Relay Tray,Library,Source inventory,Grundlagenartikel,brauchbar,1530,12,5,4,4,645,681,signer -> nip-07-signers,Start -> what-is-nostr; People -> people; Apps -> apps/catalog; Relays -> relay-market-directory; NIPs -> nips/complete-index; Privacy -> privacy-security; Wallets -> nip-47-wallet-connect; Media -> music-video-media; Commerce -> content-sale; Governance -> dao-governance; Crays -> nostr-and-crays; Library -> archive-library,,,0,,,Research Source: Nostr Relay Tray,0,,1,Research Source: Nostr Relay Tray,24,0,0,P3,gezielte redaktionelle Politur und Quellenabgleich
https://www.crays.org/nostr/source-inventory/deep-research/relays/nostrdesign-org-nostr-design-relays-82495325/,source-inventory/deep-research/relays/nostrdesign-org-nostr-design-relays-82495325,Research Source: Nostr Design — Relays,Library,Source inventory,Grundlagenartikel,brauchbar,1541,10,5,4,5,645,679,,Start -> what-is-nostr; People -> people; Apps -> apps/catalog; Relays -> relay-market-directory; NIPs -> nips/complete-index; Privacy -> privacy-security; Wallets -> nip-47-wallet-connect; Media -> music-video-media; Commerce -> content-sale; Governance -> dao-governance; Crays -> nostr-and-crays; Library -> archive-library,,,0,,,Research Source: Nostr Design — Relays,0,,1,Research Source: Nostr Design — Relays,36,0,0,P3,gezielte redaktionelle Politur und Quellenabgleich
https://www.crays.org/nostr/source-inventory/deep-research/relays/nostrify-dev-nostrify-c97be148/,source-inventory/deep-research/relays/nostrify-dev-nostrify-c97be148,Research Source: Nostrify,Library,Source inventory,Grundlagenartikel,brauchbar,1524,11,5,4,5,645,680,,Start -> what-is-nostr; People -> people; Apps -> apps/catalog; Relays -> relay-market-directory; NIPs -> nips/complete-index; Privacy -> privacy-security; Wallets -> nip-47-wallet-connect; Media -> music-video-media; Commerce -> content-sale; Governance -> dao-governance; Crays -> nostr-and-crays; Library -> archive-library,,,0,,,Research Source: Nostrify,0,,1,Research Source: Nostrify,31,0,0,P3,gezielte redaktionelle Politur und Quellenabgleich
https://www.crays.org/nostr/source-inventory/deep-research/relays/npmjs-com-route66-npm-1478be26/,source-inventory/deep-research/relays/npmjs-com-route66-npm-1478be26,Research Source: route66 NPM,Library,Source inventory,Grundlagenartikel,brauchbar,1505,12,5,4,4,645,679,signer -> nip-07-signers,Start -> what-is-nostr; People -> people; Apps -> apps/catalog; Relays -> relay-market-directory; NIPs -> nips/complete-index; Privacy -> privacy-security; Wallets -> nip-47-wallet-connect; Media -> music-video-media; Commerce -> content-sale; Governance -> dao-governance; Crays -> nostr-and-crays; Library -> archive-library,,,0,,,Research Source: route66 NPM,0,,1,Research Source: route66 NPM,24,0,0,P3,gezielte redaktionelle Politur und Quellenabgleich
https://www.crays.org/nostr/source-inventory/deep-research/relays/raw-githubusercontent-com-sesseor-raw-relay-list-2944c991/,source-inventory/deep-research/relays/raw-githubusercontent-com-sesseor-raw-relay-list-2944c991,Research Source: sesseor raw relay list,Library,Source inventory,Grundlagenartikel,brauchbar,1551,12,5,4,4,645,679,signer -> nip-07-signers,Start -> what-is-nostr; People -> people; Apps -> apps/catalog; Relays -> relay-market-directory; NIPs -> nips/complete-index; Privacy -> privacy-security; Wallets -> nip-47-wallet-connect; Media -> music-video-media; Commerce -> content-sale; Governance -> dao-governance; Crays -> nostr-and-crays; Library -> archive-library,,,0,,,Research Source: sesseor raw relay list,0,,1,Research Source: sesseor raw relay list,24,0,0,P3,gezielte redaktionelle Politur und Quellenabgleich
https://www.crays.org/nostr/source-inventory/deep-research/relays/relay-nostr-net-relay-nostr-net-info-b9609149/,source-inventory/deep-research/relays/relay-nostr-net-relay-nostr-net-info-b9609149,Research Source: relay.nostr.net info,Library,Source inventory,Grundlagenartikel,brauchbar,1553,12,5,4,4,645,679,signer -> nip-07-signers,Start -> what-is-nostr; People -> people; Apps -> apps/catalog; Relays -> relay-market-directory; NIPs -> nips/complete-index; Privacy -> privacy-security; Wallets -> nip-47-wallet-connect; Media -> music-video-media; Commerce -> content-sale; Governance -> dao-governance; Crays -> nostr-and-crays; Library -> archive-library,,,0,,,Research Source: relay.nostr.net info,0,,1,Research Source: relay.nostr.net info,24,0,0,P3,gezielte redaktionelle Politur und Quellenabgleich
https://www.crays.org/nostr/source-inventory/deep-research/relays/sr-ht-nostr-rs-relay-8395309f/,source-inventory/deep-research/relays/sr-ht-nostr-rs-relay-8395309f,Research Source: nostr-rs-relay,Library,Source inventory,Grundlagenartikel,brauchbar,1456,11,5,4,4,645,679,signer -> nip-07-signers,Start -> what-is-nostr; People -> people; Apps -> apps/catalog; Relays -> relay-market-directory; NIPs -> nips/complete-index; Privacy -> privacy-security; Wallets -> nip-47-wallet-connect; Media -> music-video-media; Commerce -> content-sale; Governance -> dao-governance; Crays -> nostr-and-crays; Library -> archive-library,,,0,,,Research Source: nostr-rs-relay,0,,1,Research Source: nostr-rs-relay,28,0,0,P3,gezielte redaktionelle Politur und Quellenabgleich
https://www.crays.org/nostr/source-inventory/deep-research/security/,source-inventory/deep-research/security,"Deep Research: Security, wallets and trust",Library,Source inventory,Grundlagenartikel,brauchbar,1148,9,4,4,4,645,676,signer -> nip-07-signers,Start -> what-is-nostr; People -> people; Apps -> apps/catalog; Relays -> relay-market-directory; NIPs -> nips/complete-index; Privacy -> privacy-security; Wallets -> nip-47-wallet-connect; Media -> music-video-media; Commerce -> content-sale; Governance -> dao-governance; Crays -> nostr-and-crays; Library -> archive-library,,,0,,,"Deep Research: Security, wallets and trust",0,,1,"Deep Research: Security, wallets and trust",17,0,0,P3,gezielte redaktionelle Politur und Quellenabgleich
https://www.crays.org/nostr/source-inventory/nostr-co-uk/,source-inventory/nostr-co-uk,Research Map: nostr.co.uk,Library,Source inventory,Grundlagenartikel,brauchbar,2749,8,5,4,5,648,678,,Start -> what-is-nostr; People -> people; Apps -> apps/catalog; Relays -> relay-market-directory; NIPs -> nips/complete-index; Privacy -> privacy-security; Wallets -> nip-47-wallet-connect; Media -> music-video-media; Commerce -> content-sale; Governance -> dao-governance; Crays -> nostr-and-crays; Library -> archive-library,,,0,,,Research Map: nostr.co.uk,0,,1,Research Map: nostr.co.uk,109,0,0,P3,gezielte redaktionelle Politur und Quellenabgleich
https://www.crays.org/nostr/source-inventory/nostr-com/,source-inventory/nostr-com,Research Map: nostr.com,Library,Source inventory,Grundlagenartikel,brauchbar,1519,14,5,4,4,702,678,signer -> nip-07-signers,Start -> what-is-nostr; People -> people; Apps -> apps/catalog; Relays -> relay-market-directory; NIPs -> nips/complete-index; Privacy -> privacy-security; Wallets -> nip-47-wallet-connect; Media -> music-video-media; Commerce -> content-sale; Governance -> dao-governance; Crays -> nostr-and-crays; Library -> archive-library,,,0,,,Research Map: nostr.com,0,,1,Research Map: nostr.com,21,0,0,P3,gezielte redaktionelle Politur und Quellenabgleich
https://www.crays.org/nostr/source-inventory/nostr-how/,source-inventory/nostr-how,Research Map: nostr.how,Library,Source inventory,Grundlagenartikel,brauchbar,1502,12,5,4,5,686,678,,Start -> what-is-nostr; People -> people; Apps -> apps/catalog; Relays -> relay-market-directory; NIPs -> nips/complete-index; Privacy -> privacy-security; Wallets -> nip-47-wallet-connect; Media -> music-video-media; Commerce -> content-sale; Governance -> dao-governance; Crays -> nostr-and-crays; Library -> archive-library,,,0,,,Research Map: nostr.how,0,,1,Research Map: nostr.how,29,0,0,P3,gezielte redaktionelle Politur und Quellenabgleich
https://www.crays.org/nostr/source-inventory/nostr-net/,source-inventory/nostr-net,Research Map: nostr.net,Library,Source inventory,Grundlagenartikel,brauchbar,1509,14,5,4,4,646,678,signer -> nip-07-signers,Start -> what-is-nostr; People -> people; Apps -> apps/catalog; Relays -> relay-market-directory; NIPs -> nips/complete-index; Privacy -> privacy-security; Wallets -> nip-47-wallet-connect; Media -> music-video-media; Commerce -> content-sale; Governance -> dao-governance; Crays -> nostr-and-crays; Library -> archive-library,,,0,,,Research Map: nostr.net,0,,1,Research Map: nostr.net,21,0,0,P3,gezielte redaktionelle Politur und Quellenabgleich
https://www.crays.org/nostr/source-inventory/nostr-org/,source-inventory/nostr-org,Research Map: nostr.org,Library,Source inventory,Grundlagenartikel,brauchbar,1509,14,5,4,4,791,678,signer -> nip-07-signers,Start -> what-is-nostr; People -> people; Apps -> apps/catalog; Relays -> relay-market-directory; NIPs -> nips/complete-index; Privacy -> privacy-security; Wallets -> nip-47-wallet-connect; Media -> music-video-media; Commerce -> content-sale; Governance -> dao-governance; Crays -> nostr-and-crays; Library -> archive-library,,,0,,,Research Map: nostr.org,0,,1,Research Map: nostr.org,21,0,0,P3,gezielte redaktionelle Politur und Quellenabgleich
https://www.crays.org/nostr/source-inventory/nostrapps-com/,source-inventory/nostrapps-com,Research Map: nostrapps.com,Library,Source inventory,Grundlagenartikel,brauchbar,1331,8,4,4,5,644,672,,Start -> what-is-nostr; People -> people; Apps -> apps/catalog; Relays -> relay-market-directory; NIPs -> nips/complete-index; Privacy -> privacy-security; Wallets -> nip-47-wallet-connect; Media -> music-video-media; Commerce -> content-sale; Governance -> dao-governance; Crays -> nostr-and-crays; Library -> archive-library,,,0,,,Research Map: nostrapps.com,0,,1,Research Map: nostrapps.com,93,0,0,P3,gezielte redaktionelle Politur und Quellenabgleich
https://www.crays.org/nostr/source-inventory/nostrlogin-org/,source-inventory/nostrlogin-org,Research Map: nostrlogin.org,Library,Source inventory,Grundlagenartikel,brauchbar,1516,14,5,4,4,644,678,signer -> nip-07-signers,Start -> what-is-nostr; People -> people; Apps -> apps/catalog; Relays -> relay-market-directory; NIPs -> nips/complete-index; Privacy -> privacy-security; Wallets -> nip-47-wallet-connect; Media -> music-video-media; Commerce -> content-sale; Governance -> dao-governance; Crays -> nostr-and-crays; Library -> archive-library,,,0,,,Research Map: nostrlogin.org,0,,1,Research Map: nostrlogin.org,22,0,0,P3,gezielte redaktionelle Politur und Quellenabgleich
https://www.crays.org/nostr/apps/category-blogging/,apps/category-blogging,Nostr Apps: Blogging,Media,App categories,Tool- / Client- / App-Seite,brauchbar,1571,14,5,4,5,330,95,,Start -> what-is-nostr; People -> people; Apps -> apps/catalog; Relays -> relay-market-directory; NIPs -> nips/complete-index; Privacy -> privacy-security; Wallets -> nip-47-wallet-connect; Media -> music-video-media; Commerce -> content-sale; Governance -> dao-governance; Crays -> nostr-and-crays; Library -> archive-library,,,0,,,Nostr Apps: Blogging,0,,1,Nostr Apps: Blogging,32,0,0,P3,gezielte redaktionelle Politur und Quellenabgleich
https://www.crays.org/nostr/apps/category-media/,apps/category-media,Nostr Apps: Media,Media,App categories,Tool- / Client- / App-Seite,brauchbar,1444,14,5,4,5,1418,85,,Start -> what-is-nostr; People -> people; Apps -> apps/catalog; Relays -> relay-market-directory; NIPs -> nips/complete-index; Privacy -> privacy-security; Wallets -> nip-47-wallet-connect; Media -> music-video-media; Commerce -> content-sale; Governance -> dao-governance; Crays -> nostr-and-crays; Library -> archive-library,,,0,,,Nostr Apps: Media,0,,1,Nostr Apps: Media,22,0,0,P3,gezielte redaktionelle Politur und Quellenabgleich
https://www.crays.org/nostr/apps/category-microblogging/,apps/category-microblogging,Nostr Apps: Microblogging,Media,App categories,Tool- / Client- / App-Seite,brauchbar,1607,13,5,4,5,330,110,,Start -> what-is-nostr; People -> people; Apps -> apps/catalog; Relays -> relay-market-directory; NIPs -> nips/complete-index; Privacy -> privacy-security; Wallets -> nip-47-wallet-connect; Media -> music-video-media; Commerce -> content-sale; Governance -> dao-governance; Crays -> nostr-and-crays; Library -> archive-library,,,0,,,Nostr Apps: Microblogging,0,,1,Nostr Apps: Microblogging,47,0,0,P3,gezielte redaktionelle Politur und Quellenabgleich
https://www.crays.org/nostr/apps/category-music/,apps/category-music,Nostr Apps: Music,Media,App categories,Tool- / Client- / App-Seite,brauchbar,1454,14,5,4,5,498,85,,Start -> what-is-nostr; People -> people; Apps -> apps/catalog; Relays -> relay-market-directory; NIPs -> nips/complete-index; Privacy -> privacy-security; Wallets -> nip-47-wallet-connect; Media -> music-video-media; Commerce -> content-sale; Governance -> dao-governance; Crays -> nostr-and-crays; Library -> archive-library,,,0,,,Nostr Apps: Music,0,,1,Nostr Apps: Music,22,0,0,P3,gezielte redaktionelle Politur und Quellenabgleich
https://www.crays.org/nostr/apps/category-photos/,apps/category-photos,Nostr Apps: Photos,Media,App categories,Tool- / Client- / App-Seite,brauchbar,1513,14,5,4,5,338,90,,Start -> what-is-nostr; People -> people; Apps -> apps/catalog; Relays -> relay-market-directory; NIPs -> nips/complete-index; Privacy -> privacy-security; Wallets -> nip-47-wallet-connect; Media -> music-video-media; Commerce -> content-sale; Governance -> dao-governance; Crays -> nostr-and-crays; Library -> archive-library,,,0,,,Nostr Apps: Photos,0,,1,Nostr Apps: Photos,27,0,0,P3,gezielte redaktionelle Politur und Quellenabgleich
https://www.crays.org/nostr/apps/category-streaming/,apps/category-streaming,Nostr Apps: Streaming,Media,App categories,Tool- / Client- / App-Seite,brauchbar,1515,14,5,4,5,338,89,,Start -> what-is-nostr; People -> people; Apps -> apps/catalog; Relays -> relay-market-directory; NIPs -> nips/complete-index; Privacy -> privacy-security; Wallets -> nip-47-wallet-connect; Media -> music-video-media; Commerce -> content-sale; Governance -> dao-governance; Crays -> nostr-and-crays; Library -> archive-library,,,0,,,Nostr Apps: Streaming,0,,1,Nostr Apps: Streaming,26,0,0,P3,gezielte redaktionelle Politur und Quellenabgleich
https://www.crays.org/nostr/apps/category-video/,apps/category-video,Nostr Apps: Video,Media,App categories,Tool- / Client- / App-Seite,brauchbar,1471,14,5,4,5,67,86,,Start -> what-is-nostr; People -> people; Apps -> apps/catalog; Relays -> relay-market-directory; NIPs -> nips/complete-index; Privacy -> privacy-security; Wallets -> nip-47-wallet-connect; Media -> music-video-media; Commerce -> content-sale; Governance -> dao-governance; Crays -> nostr-and-crays; Library -> archive-library,,,0,,,Nostr Apps: Video,0,,1,Nostr Apps: Video,23,0,0,P3,gezielte redaktionelle Politur und Quellenabgleich
https://www.crays.org/nostr/apps/category-videos/,apps/category-videos,Nostr Apps: Videos,Media,App categories,Tool- / Client- / App-Seite,brauchbar,1473,14,5,4,5,60,86,,Start -> what-is-nostr; People -> people; Apps -> apps/catalog; Relays -> relay-market-directory; NIPs -> nips/complete-index; Privacy -> privacy-security; Wallets -> nip-47-wallet-connect; Media -> music-video-media; Commerce -> content-sale; Governance -> dao-governance; Crays -> nostr-and-crays; Library -> archive-library,,,0,,,Nostr Apps: Videos,0,,1,Nostr Apps: Videos,23,0,0,P3,gezielte redaktionelle Politur und Quellenabgleich
https://www.crays.org/nostr/apps/research/nostrapps-category-blogging/,apps/research/nostrapps-category-blogging,NostrApps category — Blogging,Media,App profiles,Tool- / Client- / App-Seite,brauchbar,1441,12,5,4,4,51,82,signer -> nip-07-signers,Start -> what-is-nostr; People -> people; Apps -> apps/catalog; Relays -> relay-market-directory; NIPs -> nips/complete-index; Privacy -> privacy-security; Wallets -> nip-47-wallet-connect; Media -> music-video-media; Commerce -> content-sale; Governance -> dao-governance; Crays -> nostr-and-crays; Library -> archive-library,,,0,,,NostrApps category — Blogging,0,,1,NostrApps category — Blogging,21,0,0,P3,gezielte redaktionelle Politur und Quellenabgleich
https://www.crays.org/nostr/apps/research/nostrapps-category-microblogging-clients/,apps/research/nostrapps-category-microblogging-clients,NostrApps category — Microblogging clients,Media,App profiles,Tool- / Client- / App-Seite,brauchbar,1472,12,5,4,4,51,82,signer -> nip-07-signers,Start -> what-is-nostr; People -> people; Apps -> apps/catalog; Relays -> relay-market-directory; NIPs -> nips/complete-index; Privacy -> privacy-security; Wallets -> nip-47-wallet-connect; Media -> music-video-media; Commerce -> content-sale; Governance -> dao-governance; Crays -> nostr-and-crays; Library -> archive-library,,,0,,,NostrApps category — Microblogging clients,0,,1,NostrApps category — Microblogging clients,21,0,0,P3,gezielte redaktionelle Politur und Quellenabgleich
https://www.crays.org/nostr/apps/research/nostrapps-category-music/,apps/research/nostrapps-category-music,NostrApps category — Music,Media,App profiles,Tool- / Client- / App-Seite,brauchbar,1441,12,5,4,4,51,82,signer -> nip-07-signers,Start -> what-is-nostr; People -> people; Apps -> apps/catalog; Relays -> relay-market-directory; NIPs -> nips/complete-index; Privacy -> privacy-security; Wallets -> nip-47-wallet-connect; Media -> music-video-media; Commerce -> content-sale; Governance -> dao-governance; Crays -> nostr-and-crays; Library -> archive-library,,,0,,,NostrApps category — Music,0,,1,NostrApps category — Music,21,0,0,P3,gezielte redaktionelle Politur und Quellenabgleich
https://www.crays.org/nostr/apps/research/nostrapps-category-photos/,apps/research/nostrapps-category-photos,NostrApps category — Photos,Media,App profiles,Tool- / Client- / App-Seite,brauchbar,1441,12,5,4,4,51,82,signer -> nip-07-signers,Start -> what-is-nostr; People -> people; Apps -> apps/catalog; Relays -> relay-market-directory; NIPs -> nips/complete-index; Privacy -> privacy-security; Wallets -> nip-47-wallet-connect; Media -> music-video-media; Commerce -> content-sale; Governance -> dao-governance; Crays -> nostr-and-crays; Library -> archive-library,,,0,,,NostrApps category — Photos,0,,1,NostrApps category — Photos,21,0,0,P3,gezielte redaktionelle Politur und Quellenabgleich
https://www.crays.org/nostr/apps/research/nostrapps-category-streaming/,apps/research/nostrapps-category-streaming,NostrApps category — Streaming,Media,App profiles,Tool- / Client- / App-Seite,brauchbar,1441,12,5,4,4,51,82,signer -> nip-07-signers,Start -> what-is-nostr; People -> people; Apps -> apps/catalog; Relays -> relay-market-directory; NIPs -> nips/complete-index; Privacy -> privacy-security; Wallets -> nip-47-wallet-connect; Media -> music-video-media; Commerce -> content-sale; Governance -> dao-governance; Crays -> nostr-and-crays; Library -> archive-library,,,0,,,NostrApps category — Streaming,0,,1,NostrApps category — Streaming,21,0,0,P3,gezielte redaktionelle Politur und Quellenabgleich
https://www.crays.org/nostr/apps/research/nostrapps-category-video/,apps/research/nostrapps-category-video,NostrApps category — Video,Media,App profiles,Tool- / Client- / App-Seite,brauchbar,1441,12,5,4,4,51,82,signer -> nip-07-signers,Start -> what-is-nostr; People -> people; Apps -> apps/catalog; Relays -> relay-market-directory; NIPs -> nips/complete-index; Privacy -> privacy-security; Wallets -> nip-47-wallet-connect; Media -> music-video-media; Commerce -> content-sale; Governance -> dao-governance; Crays -> nostr-and-crays; Library -> archive-library,,,0,,,NostrApps category — Video,0,,1,NostrApps category — Video,21,0,0,P3,gezielte redaktionelle Politur und Quellenabgleich
https://www.crays.org/nostr/archive-library/reads-research/long-form-content/,archive-library/reads-research/long-form-content,Long-form Content,Media,Media and creators,Oekosystem-Seite,brauchbar,1433,12,5,4,4,51,83,signer -> nip-07-signers,Start -> what-is-nostr; People -> people; Apps -> apps/catalog; Relays -> relay-market-directory; NIPs -> nips/complete-index; Privacy -> privacy-security; Wallets -> nip-47-wallet-connect; Media -> music-video-media; Commerce -> content-sale; Governance -> dao-governance; Crays -> nostr-and-crays; Library -> archive-library,,,0,,,Long-form Content,0,,1,Long-form Content,19,0,0,P3,gezielte redaktionelle Politur und Quellenabgleich
https://www.crays.org/nostr/creators/,creators,Nostr for Creators,Media,Media and creators,Oekosystem-Seite,brauchbar,1488,15,5,4,4,90,82,signer -> nip-07-signers,Start -> what-is-nostr; People -> people; Apps -> apps/catalog; Relays -> relay-market-directory; NIPs -> nips/complete-index; Privacy -> privacy-security; Wallets -> nip-47-wallet-connect; Media -> music-video-media; Commerce -> content-sale; Governance -> dao-governance; Crays -> nostr-and-crays; Library -> archive-library,,,0,,,Nostr for Creators,0,,1,Nostr for Creators,18,0,0,P3,gezielte redaktionelle Politur und Quellenabgleich
https://www.crays.org/nostr/deep-dives/long-form-publishing/,deep-dives/long-form-publishing,Long-Form Publishing,Media,Deep dives,Tiefenartikel,brauchbar,1624,15,5,4,5,95,88,,Start -> what-is-nostr; People -> people; Apps -> apps/catalog; Relays -> relay-market-directory; NIPs -> nips/complete-index; Privacy -> privacy-security; Wallets -> nip-47-wallet-connect; Media -> music-video-media; Commerce -> content-sale; Governance -> dao-governance; Crays -> nostr-and-crays; Library -> archive-library,,,0,,,Long-Form Publishing,0,,1,Long-Form Publishing,20,0,0,P3,gezielte redaktionelle Politur und Quellenabgleich
https://www.crays.org/nostr/deep-dives/media-attachments-and-blossom/,deep-dives/media-attachments-and-blossom,Media Attachments and Blossom,Media,Deep dives,Tiefenartikel,brauchbar,1678,15,5,4,5,52,88,,Start -> what-is-nostr; People -> people; Apps -> apps/catalog; Relays -> relay-market-directory; NIPs -> nips/complete-index; Privacy -> privacy-security; Wallets -> nip-47-wallet-connect; Media -> music-video-media; Commerce -> content-sale; Governance -> dao-governance; Crays -> nostr-and-crays; Library -> archive-library,,,0,,,Media Attachments and Blossom,0,,1,Media Attachments and Blossom,20,0,0,P3,gezielte redaktionelle Politur und Quellenabgleich
https://www.crays.org/nostr/deep-dives/nostr-for-creators-business/,deep-dives/nostr-for-creators-business,Nostr for Creator Business,Media,Deep dives,Tiefenartikel,brauchbar,1678,15,5,4,5,134,88,,Start -> what-is-nostr; People -> people; Apps -> apps/catalog; Relays -> relay-market-directory; NIPs -> nips/complete-index; Privacy -> privacy-security; Wallets -> nip-47-wallet-connect; Media -> music-video-media; Commerce -> content-sale; Governance -> dao-governance; Crays -> nostr-and-crays; Library -> archive-library,,,0,,,Nostr for Creator Business,0,,1,Nostr for Creator Business,20,0,0,P3,gezielte redaktionelle Politur und Quellenabgleich
https://www.crays.org/nostr/deep-dives/nostr-for-music/,deep-dives/nostr-for-music,Nostr for Music,Media,Deep dives,Tiefenartikel,brauchbar,1650,15,5,4,5,50,88,,Start -> what-is-nostr; People -> people; Apps -> apps/catalog; Relays -> relay-market-directory; NIPs -> nips/complete-index; Privacy -> privacy-security; Wallets -> nip-47-wallet-connect; Media -> music-video-media; Commerce -> content-sale; Governance -> dao-governance; Crays -> nostr-and-crays; Library -> archive-library,,,0,,,Nostr for Music,0,,1,Nostr for Music,20,0,0,P3,gezielte redaktionelle Politur und Quellenabgleich
https://www.crays.org/nostr/deep-dives/nostr-for-photos/,deep-dives/nostr-for-photos,Nostr for Photos,Media,Deep dives,Tiefenartikel,brauchbar,1650,15,5,4,5,50,89,,Start -> what-is-nostr; People -> people; Apps -> apps/catalog; Relays -> relay-market-directory; NIPs -> nips/complete-index; Privacy -> privacy-security; Wallets -> nip-47-wallet-connect; Media -> music-video-media; Commerce -> content-sale; Governance -> dao-governance; Crays -> nostr-and-crays; Library -> archive-library,,,0,,,Nostr for Photos,0,,1,Nostr for Photos,20,0,0,P3,gezielte redaktionelle Politur und Quellenabgleich
https://www.crays.org/nostr/deep-dives/nostr-for-video-streaming/,deep-dives/nostr-for-video-streaming,Nostr for Video and Streaming,Media,Deep dives,Tiefenartikel,brauchbar,1700,15,5,4,5,50,90,,Start -> what-is-nostr; People -> people; Apps -> apps/catalog; Relays -> relay-market-directory; NIPs -> nips/complete-index; Privacy -> privacy-security; Wallets -> nip-47-wallet-connect; Media -> music-video-media; Commerce -> content-sale; Governance -> dao-governance; Crays -> nostr-and-crays; Library -> archive-library,,,0,,,Nostr for Video and Streaming,0,,1,Nostr for Video and Streaming,20,0,0,P3,gezielte redaktionelle Politur und Quellenabgleich
https://www.crays.org/nostr/field-guide/creator-diaries/,field-guide/creator-diaries,Creator Diaries: Nostr Field Guide,Media,Field guides,Oekosystem-Seite,brauchbar,1848,19,5,4,5,50,81,,Start -> what-is-nostr; People -> people; Apps -> apps/catalog; Relays -> relay-market-directory; NIPs -> nips/complete-index; Privacy -> privacy-security; Wallets -> nip-47-wallet-connect; Media -> music-video-media; Commerce -> content-sale; Governance -> dao-governance; Crays -> nostr-and-crays; Library -> archive-library,,,0,,,Creator Diaries: Nostr Field Guide,0,,1,Creator Diaries: Nostr Field Guide,19,0,0,P3,gezielte redaktionelle Politur und Quellenabgleich
https://www.crays.org/nostr/field-guide/creator-economy/,field-guide/creator-economy,Creator Economy: Nostr Field Guide,Media,Field guides,Oekosystem-Seite,brauchbar,2725,27,5,4,5,50,81,,Start -> what-is-nostr; People -> people; Apps -> apps/catalog; Relays -> relay-market-directory; NIPs -> nips/complete-index; Privacy -> privacy-security; Wallets -> nip-47-wallet-connect; Media -> music-video-media; Commerce -> content-sale; Governance -> dao-governance; Crays -> nostr-and-crays; Library -> archive-library,,,0,,,Creator Economy: Nostr Field Guide,0,,1,Creator Economy: Nostr Field Guide,19,0,0,P3,gezielte redaktionelle Politur und Quellenabgleich
https://www.crays.org/nostr/field-guide/long-form-articles/,field-guide/long-form-articles,Long-Form Articles: Nostr Field Guide,Media,Field guides,Oekosystem-Seite,brauchbar,2729,27,5,4,5,60,79,,Start -> what-is-nostr; People -> people; Apps -> apps/catalog; Relays -> relay-market-directory; NIPs -> nips/complete-index; Privacy -> privacy-security; Wallets -> nip-47-wallet-connect; Media -> music-video-media; Commerce -> content-sale; Governance -> dao-governance; Crays -> nostr-and-crays; Library -> archive-library,,,0,,,Long-Form Articles: Nostr Field Guide,0,,1,Long-Form Articles: Nostr Field Guide,19,0,0,P3,gezielte redaktionelle Politur und Quellenabgleich
https://www.crays.org/nostr/field-guide/music/,field-guide/music,Music on Nostr: Nostr Field Guide,Media,Field guides,Oekosystem-Seite,brauchbar,2763,27,5,4,5,50,79,,Start -> what-is-nostr; People -> people; Apps -> apps/catalog; Relays -> relay-market-directory; NIPs -> nips/complete-index; Privacy -> privacy-security; Wallets -> nip-47-wallet-connect; Media -> music-video-media; Commerce -> content-sale; Governance -> dao-governance; Crays -> nostr-and-crays; Library -> archive-library,,,0,,,Music on Nostr: Nostr Field Guide,0,,1,Music on Nostr: Nostr Field Guide,19,0,0,P3,gezielte redaktionelle Politur und Quellenabgleich
https://www.crays.org/nostr/field-guide/music-scenes/,field-guide/music-scenes,Music Scenes: Nostr Field Guide,Media,Field guides,Oekosystem-Seite,brauchbar,1845,19,5,4,5,50,81,,Start -> what-is-nostr; People -> people; Apps -> apps/catalog; Relays -> relay-market-directory; NIPs -> nips/complete-index; Privacy -> privacy-security; Wallets -> nip-47-wallet-connect; Media -> music-video-media; Commerce -> content-sale; Governance -> dao-governance; Crays -> nostr-and-crays; Library -> archive-library,,,0,,,Music Scenes: Nostr Field Guide,0,,1,Music Scenes: Nostr Field Guide,19,0,0,P3,gezielte redaktionelle Politur und Quellenabgleich
https://www.crays.org/nostr/field-guide/photos/,field-guide/photos,Photos on Nostr: Nostr Field Guide,Media,Field guides,Oekosystem-Seite,brauchbar,2780,27,5,4,5,50,80,,Start -> what-is-nostr; People -> people; Apps -> apps/catalog; Relays -> relay-market-directory; NIPs -> nips/complete-index; Privacy -> privacy-security; Wallets -> nip-47-wallet-connect; Media -> music-video-media; Commerce -> content-sale; Governance -> dao-governance; Crays -> nostr-and-crays; Library -> archive-library,,,0,,,Photos on Nostr: Nostr Field Guide,0,,1,Photos on Nostr: Nostr Field Guide,19,0,0,P3,gezielte redaktionelle Politur und Quellenabgleich
https://www.crays.org/nostr/field-guide/video-events/,field-guide/video-events,Video Events: Nostr Field Guide,Media,Field guides,Oekosystem-Seite,brauchbar,2723,27,5,4,5,51,79,,Start -> what-is-nostr; People -> people; Apps -> apps/catalog; Relays -> relay-market-directory; NIPs -> nips/complete-index; Privacy -> privacy-security; Wallets -> nip-47-wallet-connect; Media -> music-video-media; Commerce -> content-sale; Governance -> dao-governance; Crays -> nostr-and-crays; Library -> archive-library,,,0,,,Video Events: Nostr Field Guide,0,,1,Video Events: Nostr Field Guide,19,0,0,P3,gezielte redaktionelle Politur und Quellenabgleich
https://www.crays.org/nostr/music-video-media/,music-video-media,"Nostr Music, Video and Media",Media,Media and creators,Oekosystem-Seite,brauchbar,1532,16,5,4,4,1419,82,signer -> nip-07-signers,Start -> what-is-nostr; People -> people; Apps -> apps/catalog; Relays -> relay-market-directory; NIPs -> nips/complete-index; Privacy -> privacy-security; Wallets -> nip-47-wallet-connect; Commerce -> content-sale; Governance -> dao-governance; Crays -> nostr-and-crays; Library -> archive-library; Creators -> creators,,,0,,,"Nostr Music, Video and Media",0,,1,"Nostr Music, Video and Media",19,0,0,P3,gezielte redaktionelle Politur und Quellenabgleich
https://www.crays.org/nostr/nip-23-long-form/,nip-23-long-form,NIP-23: Long-Form Content,Media,NIP explainer pages,NIP-Seite,brauchbar,1182,10,4,4,4,313,74,zap -> nip-57-zaps-lightning,Start -> what-is-nostr; People -> people; Apps -> apps/catalog; Relays -> relay-market-directory; NIPs -> nips/complete-index; Privacy -> privacy-security; Wallets -> nip-47-wallet-connect; Media -> music-video-media; Commerce -> content-sale; Governance -> dao-governance; Crays -> nostr-and-crays; Library -> archive-library,,,0,,,NIP-23: Long-Form Content,0,,1,NIP-23: Long-Form Content,18,0,0,P3,gezielte redaktionelle Politur und Quellenabgleich
https://www.crays.org/nostr/nips/research/media-attachments-metadata/,nips/research/media-attachments-metadata,Media Attachments Metadata,Media,NIP reference pages,NIP-Seite,brauchbar,1466,12,5,4,4,51,81,signer -> nip-07-signers,Start -> what-is-nostr; People -> people; Apps -> apps/catalog; Relays -> relay-market-directory; NIPs -> nips/complete-index; Privacy -> privacy-security; Wallets -> nip-47-wallet-connect; Media -> music-video-media; Commerce -> content-sale; Governance -> dao-governance; Crays -> nostr-and-crays; Library -> archive-library,,,0,,,Media Attachments Metadata,0,,1,Media Attachments Metadata,19,0,0,P3,gezielte redaktionelle Politur und Quellenabgleich
https://www.crays.org/nostr/nips/research/nip-23-long-form-content/,nips/research/nip-23-long-form-content,NIP-23: Long-form Content,Media,NIP reference pages,NIP-Seite,brauchbar,1470,12,5,4,4,51,82,signer -> nip-07-signers,Start -> what-is-nostr; People -> people; Apps -> apps/catalog; Relays -> relay-market-directory; NIPs -> nips/complete-index; Privacy -> privacy-security; Wallets -> nip-47-wallet-connect; Media -> music-video-media; Commerce -> content-sale; Governance -> dao-governance; Crays -> nostr-and-crays; Library -> archive-library,,,0,,,NIP-23: Long-form Content,0,,1,NIP-23: Long-form Content,19,0,0,P3,gezielte redaktionelle Politur und Quellenabgleich
https://www.crays.org/nostr/nips/research/nip-71-video-events/,nips/research/nip-71-video-events,NIP-71: Video Events,Media,NIP reference pages,NIP-Seite,brauchbar,1466,12,5,4,4,51,81,signer -> nip-07-signers,Start -> what-is-nostr; People -> people; Apps -> apps/catalog; Relays -> relay-market-directory; NIPs -> nips/complete-index; Privacy -> privacy-security; Wallets -> nip-47-wallet-connect; Media -> music-video-media; Commerce -> content-sale; Governance -> dao-governance; Crays -> nostr-and-crays; Library -> archive-library,,,0,,,NIP-71: Video Events,0,,1,NIP-71: Video Events,19,0,0,P3,gezielte redaktionelle Politur und Quellenabgleich
https://www.crays.org/nostr/nips/research/nip-92-media-attachments-metadata/,nips/research/nip-92-media-attachments-metadata,NIP-92: Media Attachments Metadata,Media,NIP reference pages,NIP-Seite,brauchbar,1495,12,5,4,4,51,81,signer -> nip-07-signers,Start -> what-is-nostr; People -> people; Apps -> apps/catalog; Relays -> relay-market-directory; NIPs -> nips/complete-index; Privacy -> privacy-security; Wallets -> nip-47-wallet-connect; Media -> music-video-media; Commerce -> content-sale; Governance -> dao-governance; Crays -> nostr-and-crays; Library -> archive-library,,,0,,,NIP-92: Media Attachments Metadata,0,,1,NIP-92: Media Attachments Metadata,19,0,0,P3,gezielte redaktionelle Politur und Quellenabgleich
https://www.crays.org/nostr/nips/research/video-events/,nips/research/video-events,Video Events,Media,NIP reference pages,NIP-Seite,brauchbar,1437,12,5,4,4,51,81,signer -> nip-07-signers,Start -> what-is-nostr; People -> people; Apps -> apps/catalog; Relays -> relay-market-directory; NIPs -> nips/complete-index; Privacy -> privacy-security; Wallets -> nip-47-wallet-connect; Media -> music-video-media; Commerce -> content-sale; Governance -> dao-governance; Crays -> nostr-and-crays; Library -> archive-library,,,0,,,Video Events,0,,1,Video Events,19,0,0,P3,gezielte redaktionelle Politur und Quellenabgleich
https://www.crays.org/nostr/source-inventory/deep-research/apps/divine-video-divine-cc83350d/,source-inventory/deep-research/apps/divine-video-divine-cc83350d,Research Source: diVine,Media,Source inventory,Oekosystem-Seite,brauchbar,1473,12,5,4,5,52,83,,Start -> what-is-nostr; People -> people; Apps -> apps/catalog; Relays -> relay-market-directory; NIPs -> nips/complete-index; Privacy -> privacy-security; Wallets -> nip-47-wallet-connect; Media -> music-video-media; Commerce -> content-sale; Governance -> dao-governance; Crays -> nostr-and-crays; Library -> archive-library,,,0,,,Research Source: diVine,0,,1,Research Source: diVine,23,0,0,P3,gezielte redaktionelle Politur und Quellenabgleich
https://www.crays.org/nostr/source-inventory/deep-research/apps/nostrapps-com-nostrapps-category-blogging-e6bfb924/,source-inventory/deep-research/apps/nostrapps-com-nostrapps-category-blogging-e6bfb924,Research Source: NostrApps category — Blogging,Media,Source inventory,Oekosystem-Seite,brauchbar,1540,12,5,4,5,51,89,,Start -> what-is-nostr; People -> people; Apps -> apps/catalog; Relays -> relay-market-directory; NIPs -> nips/complete-index; Privacy -> privacy-security; Wallets -> nip-47-wallet-connect; Media -> music-video-media; Commerce -> content-sale; Governance -> dao-governance; Crays -> nostr-and-crays; Library -> archive-library,,,0,,,Research Source: NostrApps category — Blogging,0,,1,Research Source: NostrApps category — Blogging,23,0,0,P3,gezielte redaktionelle Politur und Quellenabgleich
https://www.crays.org/nostr/source-inventory/deep-research/apps/nostrapps-com-nostrapps-category-microblogging-clients-22a67541/,source-inventory/deep-research/apps/nostrapps-com-nostrapps-category-microblogging-clients-22a67541,Research Source: NostrApps category — Microblogging clients,Media,Source inventory,Oekosystem-Seite,brauchbar,1565,12,5,4,5,51,89,,Start -> what-is-nostr; People -> people; Apps -> apps/catalog; Relays -> relay-market-directory; NIPs -> nips/complete-index; Privacy -> privacy-security; Wallets -> nip-47-wallet-connect; Media -> music-video-media; Commerce -> content-sale; Governance -> dao-governance; Crays -> nostr-and-crays; Library -> archive-library,,,0,,,Research Source: NostrApps category — Microblogging clients,0,,1,Research Source: NostrApps category — Microblogging clients,23,0,0,P3,gezielte redaktionelle Politur und Quellenabgleich
https://www.crays.org/nostr/source-inventory/deep-research/apps/nostrapps-com-nostrapps-category-music-6cf5785f/,source-inventory/deep-research/apps/nostrapps-com-nostrapps-category-music-6cf5785f,Research Source: NostrApps category — Music,Media,Source inventory,Oekosystem-Seite,brauchbar,1541,12,5,4,5,51,89,,Start -> what-is-nostr; People -> people; Apps -> apps/catalog; Relays -> relay-market-directory; NIPs -> nips/complete-index; Privacy -> privacy-security; Wallets -> nip-47-wallet-connect; Media -> music-video-media; Commerce -> content-sale; Governance -> dao-governance; Crays -> nostr-and-crays; Library -> archive-library,,,0,,,Research Source: NostrApps category — Music,0,,1,Research Source: NostrApps category — Music,23,0,0,P3,gezielte redaktionelle Politur und Quellenabgleich
https://www.crays.org/nostr/source-inventory/deep-research/apps/nostrapps-com-nostrapps-category-photos-d9432208/,source-inventory/deep-research/apps/nostrapps-com-nostrapps-category-photos-d9432208,Research Source: NostrApps category — Photos,Media,Source inventory,Oekosystem-Seite,brauchbar,1541,12,5,4,5,51,88,,Start -> what-is-nostr; People -> people; Apps -> apps/catalog; Relays -> relay-market-directory; NIPs -> nips/complete-index; Privacy -> privacy-security; Wallets -> nip-47-wallet-connect; Media -> music-video-media; Commerce -> content-sale; Governance -> dao-governance; Crays -> nostr-and-crays; Library -> archive-library,,,0,,,Research Source: NostrApps category — Photos,0,,1,Research Source: NostrApps category — Photos,23,0,0,P3,gezielte redaktionelle Politur und Quellenabgleich
https://www.crays.org/nostr/source-inventory/deep-research/apps/nostrapps-com-nostrapps-category-streaming-7bec976d/,source-inventory/deep-research/apps/nostrapps-com-nostrapps-category-streaming-7bec976d,Research Source: NostrApps category — Streaming,Media,Source inventory,Oekosystem-Seite,brauchbar,1541,12,5,4,5,51,89,,Start -> what-is-nostr; People -> people; Apps -> apps/catalog; Relays -> relay-market-directory; NIPs -> nips/complete-index; Privacy -> privacy-security; Wallets -> nip-47-wallet-connect; Media -> music-video-media; Commerce -> content-sale; Governance -> dao-governance; Crays -> nostr-and-crays; Library -> archive-library,,,0,,,Research Source: NostrApps category — Streaming,0,,1,Research Source: NostrApps category — Streaming,23,0,0,P3,gezielte redaktionelle Politur und Quellenabgleich
https://www.crays.org/nostr/source-inventory/deep-research/apps/nostrapps-com-nostrapps-category-video-5e6a6dbb/,source-inventory/deep-research/apps/nostrapps-com-nostrapps-category-video-5e6a6dbb,Research Source: NostrApps category — Video,Media,Source inventory,Oekosystem-Seite,brauchbar,1539,12,5,4,5,51,89,,Start -> what-is-nostr; People -> people; Apps -> apps/catalog; Relays -> relay-market-directory; NIPs -> nips/complete-index; Privacy -> privacy-security; Wallets -> nip-47-wallet-connect; Media -> music-video-media; Commerce -> content-sale; Governance -> dao-governance; Crays -> nostr-and-crays; Library -> archive-library,,,0,,,Research Source: NostrApps category — Video,0,,1,Research Source: NostrApps category — Video,23,0,0,P3,gezielte redaktionelle Politur und Quellenabgleich
https://www.crays.org/nostr/source-inventory/deep-research/nips/github-com-long-form-content-2256357c/,source-inventory/deep-research/nips/github-com-long-form-content-2256357c,Research Source: Long-form Content,Media,Source inventory,Oekosystem-Seite,brauchbar,1500,12,5,4,5,51,83,,Start -> what-is-nostr; People -> people; Apps -> apps/catalog; Relays -> relay-market-directory; NIPs -> nips/complete-index; Privacy -> privacy-security; Wallets -> nip-47-wallet-connect; Media -> music-video-media; Commerce -> content-sale; Governance -> dao-governance; Crays -> nostr-and-crays; Library -> archive-library,,,0,,,Research Source: Long-form Content,0,,1,Research Source: Long-form Content,21,0,0,P3,gezielte redaktionelle Politur und Quellenabgleich
https://www.crays.org/nostr/source-inventory/deep-research/nips/github-com-media-attachments-metadata-cc879268/,source-inventory/deep-research/nips/github-com-media-attachments-metadata-cc879268,Research Source: Media Attachments Metadata,Media,Source inventory,Oekosystem-Seite,brauchbar,1518,12,5,4,5,51,82,,Start -> what-is-nostr; People -> people; Apps -> apps/catalog; Relays -> relay-market-directory; NIPs -> nips/complete-index; Privacy -> privacy-security; Wallets -> nip-47-wallet-connect; Media -> music-video-media; Commerce -> content-sale; Governance -> dao-governance; Crays -> nostr-and-crays; Library -> archive-library,,,0,,,Research Source: Media Attachments Metadata,0,,1,Research Source: Media Attachments Metadata,21,0,0,P3,gezielte redaktionelle Politur und Quellenabgleich
https://www.crays.org/nostr/source-inventory/deep-research/nips/github-com-nip-71-video-events-894cb3f1/,source-inventory/deep-research/nips/github-com-nip-71-video-events-894cb3f1,Research Source: NIP-71: Video Events,Media,Source inventory,NIP-Seite,brauchbar,1512,12,5,4,5,51,82,,Start -> what-is-nostr; People -> people; Apps -> apps/catalog; Relays -> relay-market-directory; NIPs -> nips/complete-index; Privacy -> privacy-security; Wallets -> nip-47-wallet-connect; Media -> music-video-media; Commerce -> content-sale; Governance -> dao-governance; Crays -> nostr-and-crays; Library -> archive-library,,,0,,,Research Source: NIP-71: Video Events,0,,1,Research Source: NIP-71: Video Events,21,0,0,P3,gezielte redaktionelle Politur und Quellenabgleich
https://www.crays.org/nostr/source-inventory/deep-research/nips/nips-nostr-com-long-form-content-702ad6ff/,source-inventory/deep-research/nips/nips-nostr-com-long-form-content-702ad6ff,Research Source: Long-form Content,Media,Source inventory,Oekosystem-Seite,brauchbar,1477,12,5,4,5,51,83,,Start -> what-is-nostr; People -> people; Apps -> apps/catalog; Relays -> relay-market-directory; NIPs -> nips/complete-index; Privacy -> privacy-security; Wallets -> nip-47-wallet-connect; Media -> music-video-media; Commerce -> content-sale; Governance -> dao-governance; Crays -> nostr-and-crays; Library -> archive-library,,,0,,,Research Source: Long-form Content,0,,1,Research Source: Long-form Content,21,0,0,P3,gezielte redaktionelle Politur und Quellenabgleich
https://www.crays.org/nostr/source-inventory/deep-research/nips/nips-nostr-com-media-attachments-metadata-74241bd4/,source-inventory/deep-research/nips/nips-nostr-com-media-attachments-metadata-74241bd4,Research Source: Media Attachments Metadata,Media,Source inventory,Oekosystem-Seite,brauchbar,1499,12,5,4,5,51,82,,Start -> what-is-nostr; People -> people; Apps -> apps/catalog; Relays -> relay-market-directory; NIPs -> nips/complete-index; Privacy -> privacy-security; Wallets -> nip-47-wallet-connect; Media -> music-video-media; Commerce -> content-sale; Governance -> dao-governance; Crays -> nostr-and-crays; Library -> archive-library,,,0,,,Research Source: Media Attachments Metadata,0,,1,Research Source: Media Attachments Metadata,21,0,0,P3,gezielte redaktionelle Politur und Quellenabgleich
https://www.crays.org/nostr/source-inventory/deep-research/nips/nips-nostr-com-nip-71-video-events-656374aa/,source-inventory/deep-research/nips/nips-nostr-com-nip-71-video-events-656374aa,Research Source: NIP-71: Video Events,Media,Source inventory,NIP-Seite,brauchbar,1490,12,5,4,5,51,82,,Start -> what-is-nostr; People -> people; Apps -> apps/catalog; Relays -> relay-market-directory; NIPs -> nips/complete-index; Privacy -> privacy-security; Wallets -> nip-47-wallet-connect; Media -> music-video-media; Commerce -> content-sale; Governance -> dao-governance; Crays -> nostr-and-crays; Library -> archive-library,,,0,,,Research Source: NIP-71: Video Events,0,,1,Research Source: NIP-71: Video Events,21,0,0,P3,gezielte redaktionelle Politur und Quellenabgleich
https://www.crays.org/nostr/videos/,videos,"Nostr Videos, Talks and Audio Trail",Media,Media and creators,Oekosystem-Seite,brauchbar,1552,17,5,4,4,695,83,signer -> nip-07-signers,Start -> what-is-nostr; People -> people; Apps -> apps/catalog; Relays -> relay-market-directory; NIPs -> nips/complete-index; Privacy -> privacy-security; Wallets -> nip-47-wallet-connect; Media -> music-video-media; Commerce -> content-sale; Governance -> dao-governance; Crays -> nostr-and-crays; Library -> archive-library,,,0,,,"Nostr Videos, Talks and Audio Trail",0,,1,"Nostr Videos, Talks and Audio Trail",20,0,0,P3,gezielte redaktionelle Politur und Quellenabgleich
https://www.crays.org/nostr/events-and-kinds/,events-and-kinds,Nostr Events and Event Kinds,NIPs,Protocol orientation,Grundlagenartikel,brauchbar,1558,16,5,4,5,1403,273,,Start -> what-is-nostr; People -> people; Apps -> apps/catalog; Relays -> relay-market-directory; NIPs -> nips/complete-index; Privacy -> privacy-security; Wallets -> nip-47-wallet-connect; Media -> music-video-media; Commerce -> content-sale; Governance -> dao-governance; Crays -> nostr-and-crays; Library -> archive-library,,,0,,,Nostr Events and Event Kinds,0,,1,Nostr Events and Event Kinds,18,0,0,P3,gezielte redaktionelle Politur und Quellenabgleich
https://www.crays.org/nostr/nip-05-identifiers/,nip-05-identifiers,NIP-05: DNS-Based Identifiers,NIPs,NIP explainer pages,NIP-Seite,brauchbar,1184,10,4,4,5,744,266,,Start -> what-is-nostr; People -> people; Apps -> apps/catalog; Relays -> relay-market-directory; NIPs -> nips/complete-index; Privacy -> privacy-security; Wallets -> nip-47-wallet-connect; Media -> music-video-media; Commerce -> content-sale; Governance -> dao-governance; Crays -> nostr-and-crays; Library -> archive-library,,,0,,,NIP-05: DNS-Based Identifiers,0,,1,NIP-05: DNS-Based Identifiers,18,0,0,P3,gezielte redaktionelle Politur und Quellenabgleich
https://www.crays.org/nostr/nip-19-addresses/,nip-19-addresses,"NIP-19: npub, nsec and Nostr Addresses",NIPs,NIP explainer pages,NIP-Seite,brauchbar,1194,10,4,4,5,253,266,,Start -> what-is-nostr; People -> people; Apps -> apps/catalog; Relays -> relay-market-directory; NIPs -> nips/complete-index; Privacy -> privacy-security; Wallets -> nip-47-wallet-connect; Media -> music-video-media; Commerce -> content-sale; Governance -> dao-governance; Crays -> nostr-and-crays; Library -> archive-library,,,0,,,"NIP-19: npub, nsec and Nostr Addresses",0,,1,"NIP-19: npub, nsec and Nostr Addresses",18,0,0,P3,gezielte redaktionelle Politur und Quellenabgleich
https://www.crays.org/nostr/nip-94-files/,nip-94-files,NIP-94: File Metadata,NIPs,NIP explainer pages,NIP-Seite,brauchbar,1181,10,4,4,5,368,266,,Start -> what-is-nostr; People -> people; Apps -> apps/catalog; Relays -> relay-market-directory; NIPs -> nips/complete-index; Privacy -> privacy-security; Wallets -> nip-47-wallet-connect; Media -> music-video-media; Commerce -> content-sale; Governance -> dao-governance; Crays -> nostr-and-crays; Library -> archive-library,,,0,,,NIP-94: File Metadata,0,,1,NIP-94: File Metadata,18,0,0,P3,gezielte redaktionelle Politur und Quellenabgleich
https://www.crays.org/nostr/nip-96-file-storage/,nip-96-file-storage,NIP-96: HTTP File Storage,NIPs,NIP explainer pages,NIP-Seite,brauchbar,1194,10,4,4,5,331,266,,Start -> what-is-nostr; People -> people; Apps -> apps/catalog; Relays -> relay-market-directory; NIPs -> nips/complete-index; Privacy -> privacy-security; Wallets -> nip-47-wallet-connect; Media -> music-video-media; Commerce -> content-sale; Governance -> dao-governance; Crays -> nostr-and-crays; Library -> archive-library,,,0,,,NIP-96: HTTP File Storage,0,,1,NIP-96: HTTP File Storage,18,0,0,P3,gezielte redaktionelle Politur und Quellenabgleich
https://www.crays.org/nostr/nips/,nips,Nostr NIPs,NIPs,Protocol orientation,Grundlagenartikel,brauchbar,1491,16,5,4,5,808,271,,Start -> what-is-nostr; People -> people; Apps -> apps/catalog; Relays -> relay-market-directory; NIPs -> nips/complete-index; Privacy -> privacy-security; Wallets -> nip-47-wallet-connect; Media -> music-video-media; Commerce -> content-sale; Governance -> dao-governance; Crays -> nostr-and-crays; Library -> archive-library,,,0,,,Nostr NIPs,0,,1,Nostr NIPs,18,0,0,P3,gezielte redaktionelle Politur und Quellenabgleich
https://www.crays.org/nostr/nips/complete-index/,nips/complete-index,Complete NIP Archive Index,NIPs,NIP reference pages,NIP-Seite,brauchbar,1155,8,4,4,5,1419,269,,Start -> what-is-nostr; People -> people; Apps -> apps/catalog; Relays -> relay-market-directory; Privacy -> privacy-security; Wallets -> nip-47-wallet-connect; Media -> music-video-media; Commerce -> content-sale; Governance -> dao-governance; Crays -> nostr-and-crays; Library -> archive-library; Events -> events-and-kinds,,,0,,,Complete NIP Archive Index,0,,1,Complete NIP Archive Index,18,0,0,P3,gezielte redaktionelle Politur und Quellenabgleich
https://www.crays.org/nostr/nips/nip-01/,nips/nip-01,NIP-01: NIP-01,NIPs,NIP reference pages,NIP-Seite,brauchbar,1484,13,5,4,5,242,267,,Start -> what-is-nostr; People -> people; Apps -> apps/catalog; Relays -> relay-market-directory; NIPs -> nips/complete-index; Privacy -> privacy-security; Wallets -> nip-47-wallet-connect; Media -> music-video-media; Commerce -> content-sale; Governance -> dao-governance; Crays -> nostr-and-crays; Library -> archive-library,,,0,,,NIP-01: NIP-01,0,,1,NIP-01: NIP-01,20,0,0,P3,gezielte redaktionelle Politur und Quellenabgleich
https://www.crays.org/nostr/nips/nip-02/,nips/nip-02,NIP-02: NIP-02,NIPs,NIP reference pages,NIP-Seite,brauchbar,1543,13,5,4,5,240,267,,Start -> what-is-nostr; People -> people; Apps -> apps/catalog; Relays -> relay-market-directory; NIPs -> nips/complete-index; Privacy -> privacy-security; Wallets -> nip-47-wallet-connect; Media -> music-video-media; Commerce -> content-sale; Governance -> dao-governance; Crays -> nostr-and-crays; Library -> archive-library,,,0,,,NIP-02: NIP-02,0,,1,NIP-02: NIP-02,20,0,0,P3,gezielte redaktionelle Politur und Quellenabgleich
https://www.crays.org/nostr/nips/nip-03/,nips/nip-03,NIP-03: NIP-03,NIPs,NIP reference pages,NIP-Seite,brauchbar,1514,13,5,4,5,240,267,,Start -> what-is-nostr; People -> people; Apps -> apps/catalog; Relays -> relay-market-directory; NIPs -> nips/complete-index; Privacy -> privacy-security; Wallets -> nip-47-wallet-connect; Media -> music-video-media; Commerce -> content-sale; Governance -> dao-governance; Crays -> nostr-and-crays; Library -> archive-library,,,0,,,NIP-03: NIP-03,0,,1,NIP-03: NIP-03,20,0,0,P3,gezielte redaktionelle Politur und Quellenabgleich
https://www.crays.org/nostr/nips/nip-04/,nips/nip-04,NIP-04: NIP-04,NIPs,NIP reference pages,NIP-Seite,brauchbar,1517,13,5,4,5,240,267,,Start -> what-is-nostr; People -> people; Apps -> apps/catalog; Relays -> relay-market-directory; NIPs -> nips/complete-index; Privacy -> privacy-security; Wallets -> nip-47-wallet-connect; Media -> music-video-media; Commerce -> content-sale; Governance -> dao-governance; Crays -> nostr-and-crays; Library -> archive-library,,,0,,,NIP-04: NIP-04,0,,1,NIP-04: NIP-04,20,0,0,P3,gezielte redaktionelle Politur und Quellenabgleich
https://www.crays.org/nostr/nips/nip-05/,nips/nip-05,NIP-05: NIP-05,NIPs,NIP reference pages,NIP-Seite,brauchbar,1514,13,5,4,5,240,268,,Start -> what-is-nostr; People -> people; Apps -> apps/catalog; Relays -> relay-market-directory; NIPs -> nips/complete-index; Privacy -> privacy-security; Wallets -> nip-47-wallet-connect; Media -> music-video-media; Commerce -> content-sale; Governance -> dao-governance; Crays -> nostr-and-crays; Library -> archive-library,,,0,,,NIP-05: NIP-05,0,,1,NIP-05: NIP-05,20,0,0,P3,gezielte redaktionelle Politur und Quellenabgleich
https://www.crays.org/nostr/nips/nip-06/,nips/nip-06,NIP-06: NIP-06,NIPs,NIP reference pages,NIP-Seite,brauchbar,1532,13,5,4,5,240,267,,Start -> what-is-nostr; People -> people; Apps -> apps/catalog; Relays -> relay-market-directory; NIPs -> nips/complete-index; Privacy -> privacy-security; Wallets -> nip-47-wallet-connect; Media -> music-video-media; Commerce -> content-sale; Governance -> dao-governance; Crays -> nostr-and-crays; Library -> archive-library,,,0,,,NIP-06: NIP-06,0,,1,NIP-06: NIP-06,20,0,0,P3,gezielte redaktionelle Politur und Quellenabgleich
https://www.crays.org/nostr/nips/nip-07/,nips/nip-07,NIP-07: NIP-07,NIPs,NIP reference pages,NIP-Seite,brauchbar,1516,13,5,4,5,240,267,,Start -> what-is-nostr; People -> people; Apps -> apps/catalog; Relays -> relay-market-directory; NIPs -> nips/complete-index; Privacy -> privacy-security; Wallets -> nip-47-wallet-connect; Media -> music-video-media; Commerce -> content-sale; Governance -> dao-governance; Crays -> nostr-and-crays; Library -> archive-library,,,0,,,NIP-07: NIP-07,0,,1,NIP-07: NIP-07,20,0,0,P3,gezielte redaktionelle Politur und Quellenabgleich
https://www.crays.org/nostr/nips/nip-08/,nips/nip-08,NIP-08: NIP-08,NIPs,NIP reference pages,NIP-Seite,brauchbar,1536,13,5,4,5,240,267,,Start -> what-is-nostr; People -> people; Apps -> apps/catalog; Relays -> relay-market-directory; NIPs -> nips/complete-index; Privacy -> privacy-security; Wallets -> nip-47-wallet-connect; Media -> music-video-media; Commerce -> content-sale; Governance -> dao-governance; Crays -> nostr-and-crays; Library -> archive-library,,,0,,,NIP-08: NIP-08,0,,1,NIP-08: NIP-08,20,0,0,P3,gezielte redaktionelle Politur und Quellenabgleich
https://www.crays.org/nostr/nips/nip-09/,nips/nip-09,NIP-09: NIP-09,NIPs,NIP reference pages,NIP-Seite,brauchbar,1545,13,5,4,5,240,268,,Start -> what-is-nostr; People -> people; Apps -> apps/catalog; Relays -> relay-market-directory; NIPs -> nips/complete-index; Privacy -> privacy-security; Wallets -> nip-47-wallet-connect; Media -> music-video-media; Commerce -> content-sale; Governance -> dao-governance; Crays -> nostr-and-crays; Library -> archive-library,,,0,,,NIP-09: NIP-09,0,,1,NIP-09: NIP-09,20,0,0,P3,gezielte redaktionelle Politur und Quellenabgleich
https://www.crays.org/nostr/nips/nip-10/,nips/nip-10,NIP-10: NIP-10,NIPs,NIP reference pages,NIP-Seite,brauchbar,1547,13,5,4,5,240,267,,Start -> what-is-nostr; People -> people; Apps -> apps/catalog; Relays -> relay-market-directory; NIPs -> nips/complete-index; Privacy -> privacy-security; Wallets -> nip-47-wallet-connect; Media -> music-video-media; Commerce -> content-sale; Governance -> dao-governance; Crays -> nostr-and-crays; Library -> archive-library,,,0,,,NIP-10: NIP-10,0,,1,NIP-10: NIP-10,20,0,0,P3,gezielte redaktionelle Politur und Quellenabgleich
https://www.crays.org/nostr/nips/nip-12/,nips/nip-12,NIP-12: NIP-12,NIPs,NIP reference pages,NIP-Seite,brauchbar,1491,13,5,4,5,240,267,,Start -> what-is-nostr; People -> people; Apps -> apps/catalog; Relays -> relay-market-directory; NIPs -> nips/complete-index; Privacy -> privacy-security; Wallets -> nip-47-wallet-connect; Media -> music-video-media; Commerce -> content-sale; Governance -> dao-governance; Crays -> nostr-and-crays; Library -> archive-library,,,0,,,NIP-12: NIP-12,0,,1,NIP-12: NIP-12,20,0,0,P3,gezielte redaktionelle Politur und Quellenabgleich
https://www.crays.org/nostr/nips/nip-13/,nips/nip-13,NIP-13: NIP-13,NIPs,NIP reference pages,NIP-Seite,brauchbar,1555,13,5,4,5,240,268,,Start -> what-is-nostr; People -> people; Apps -> apps/catalog; Relays -> relay-market-directory; NIPs -> nips/complete-index; Privacy -> privacy-security; Wallets -> nip-47-wallet-connect; Media -> music-video-media; Commerce -> content-sale; Governance -> dao-governance; Crays -> nostr-and-crays; Library -> archive-library,,,0,,,NIP-13: NIP-13,0,,1,NIP-13: NIP-13,20,0,0,P3,gezielte redaktionelle Politur und Quellenabgleich
https://www.crays.org/nostr/nips/nip-14/,nips/nip-14,NIP-14: NIP-14,NIPs,NIP reference pages,NIP-Seite,brauchbar,1544,13,5,4,5,240,267,,Start -> what-is-nostr; People -> people; Apps -> apps/catalog; Relays -> relay-market-directory; NIPs -> nips/complete-index; Privacy -> privacy-security; Wallets -> nip-47-wallet-connect; Media -> music-video-media; Commerce -> content-sale; Governance -> dao-governance; Crays -> nostr-and-crays; Library -> archive-library,,,0,,,NIP-14: NIP-14,0,,1,NIP-14: NIP-14,20,0,0,P3,gezielte redaktionelle Politur und Quellenabgleich
https://www.crays.org/nostr/nips/nip-15/,nips/nip-15,NIP-15: NIP-15,NIPs,NIP reference pages,NIP-Seite,brauchbar,1534,13,5,4,5,240,269,,Start -> what-is-nostr; People -> people; Apps -> apps/catalog; Relays -> relay-market-directory; NIPs -> nips/complete-index; Privacy -> privacy-security; Wallets -> nip-47-wallet-connect; Media -> music-video-media; Commerce -> content-sale; Governance -> dao-governance; Crays -> nostr-and-crays; Library -> archive-library,,,0,,,NIP-15: NIP-15,0,,1,NIP-15: NIP-15,20,0,0,P3,gezielte redaktionelle Politur und Quellenabgleich
https://www.crays.org/nostr/nips/nip-16/,nips/nip-16,NIP-16: NIP-16,NIPs,NIP reference pages,NIP-Seite,brauchbar,1490,13,5,4,5,240,267,,Start -> what-is-nostr; People -> people; Apps -> apps/catalog; Relays -> relay-market-directory; NIPs -> nips/complete-index; Privacy -> privacy-security; Wallets -> nip-47-wallet-connect; Media -> music-video-media; Commerce -> content-sale; Governance -> dao-governance; Crays -> nostr-and-crays; Library -> archive-library,,,0,,,NIP-16: NIP-16,0,,1,NIP-16: NIP-16,20,0,0,P3,gezielte redaktionelle Politur und Quellenabgleich
https://www.crays.org/nostr/nips/nip-17/,nips/nip-17,NIP-17: NIP-17,NIPs,NIP reference pages,NIP-Seite,brauchbar,1534,13,5,4,5,240,270,,Start -> what-is-nostr; People -> people; Apps -> apps/catalog; Relays -> relay-market-directory; NIPs -> nips/complete-index; Privacy -> privacy-security; Wallets -> nip-47-wallet-connect; Media -> music-video-media; Commerce -> content-sale; Governance -> dao-governance; Crays -> nostr-and-crays; Library -> archive-library,,,0,,,NIP-17: NIP-17,0,,1,NIP-17: NIP-17,20,0,0,P3,gezielte redaktionelle Politur und Quellenabgleich
https://www.crays.org/nostr/nips/nip-18/,nips/nip-18,NIP-18: NIP-18,NIPs,NIP reference pages,NIP-Seite,brauchbar,1546,13,5,4,5,240,267,,Start -> what-is-nostr; People -> people; Apps -> apps/catalog; Relays -> relay-market-directory; NIPs -> nips/complete-index; Privacy -> privacy-security; Wallets -> nip-47-wallet-connect; Media -> music-video-media; Commerce -> content-sale; Governance -> dao-governance; Crays -> nostr-and-crays; Library -> archive-library,,,0,,,NIP-18: NIP-18,0,,1,NIP-18: NIP-18,20,0,0,P3,gezielte redaktionelle Politur und Quellenabgleich
https://www.crays.org/nostr/nips/nip-19/,nips/nip-19,NIP-19: NIP-19,NIPs,NIP reference pages,NIP-Seite,brauchbar,1529,13,5,4,5,240,267,,Start -> what-is-nostr; People -> people; Apps -> apps/catalog; Relays -> relay-market-directory; NIPs -> nips/complete-index; Privacy -> privacy-security; Wallets -> nip-47-wallet-connect; Media -> music-video-media; Commerce -> content-sale; Governance -> dao-governance; Crays -> nostr-and-crays; Library -> archive-library,,,0,,,NIP-19: NIP-19,0,,1,NIP-19: NIP-19,20,0,0,P3,gezielte redaktionelle Politur und Quellenabgleich
https://www.crays.org/nostr/nips/nip-20/,nips/nip-20,NIP-20: NIP-20,NIPs,NIP reference pages,NIP-Seite,brauchbar,1490,13,5,4,5,240,267,,Start -> what-is-nostr; People -> people; Apps -> apps/catalog; Relays -> relay-market-directory; NIPs -> nips/complete-index; Privacy -> privacy-security; Wallets -> nip-47-wallet-connect; Media -> music-video-media; Commerce -> content-sale; Governance -> dao-governance; Crays -> nostr-and-crays; Library -> archive-library,,,0,,,NIP-20: NIP-20,0,,1,NIP-20: NIP-20,20,0,0,P3,gezielte redaktionelle Politur und Quellenabgleich
https://www.crays.org/nostr/nips/nip-21/,nips/nip-21,NIP-21: NIP-21,NIPs,NIP reference pages,NIP-Seite,brauchbar,1511,13,5,4,5,240,267,,Start -> what-is-nostr; People -> people; Apps -> apps/catalog; Relays -> relay-market-directory; NIPs -> nips/complete-index; Privacy -> privacy-security; Wallets -> nip-47-wallet-connect; Media -> music-video-media; Commerce -> content-sale; Governance -> dao-governance; Crays -> nostr-and-crays; Library -> archive-library,,,0,,,NIP-21: NIP-21,0,,1,NIP-21: NIP-21,20,0,0,P3,gezielte redaktionelle Politur und Quellenabgleich
https://www.crays.org/nostr/nips/nip-22/,nips/nip-22,NIP-22: NIP-22,NIPs,NIP reference pages,NIP-Seite,brauchbar,1543,13,5,4,5,240,267,,Start -> what-is-nostr; People -> people; Apps -> apps/catalog; Relays -> relay-market-directory; NIPs -> nips/complete-index; Privacy -> privacy-security; Wallets -> nip-47-wallet-connect; Media -> music-video-media; Commerce -> content-sale; Governance -> dao-governance; Crays -> nostr-and-crays; Library -> archive-library,,,0,,,NIP-22: NIP-22,0,,1,NIP-22: NIP-22,20,0,0,P3,gezielte redaktionelle Politur und Quellenabgleich
https://www.crays.org/nostr/nips/nip-23/,nips/nip-23,NIP-23: NIP-23,NIPs,NIP reference pages,NIP-Seite,brauchbar,1517,13,5,4,5,240,268,,Start -> what-is-nostr; People -> people; Apps -> apps/catalog; Relays -> relay-market-directory; NIPs -> nips/complete-index; Privacy -> privacy-security; Wallets -> nip-47-wallet-connect; Media -> music-video-media; Commerce -> content-sale; Governance -> dao-governance; Crays -> nostr-and-crays; Library -> archive-library,,,0,,,NIP-23: NIP-23,0,,1,NIP-23: NIP-23,20,0,0,P3,gezielte redaktionelle Politur und Quellenabgleich
https://www.crays.org/nostr/nips/nip-24/,nips/nip-24,NIP-24: NIP-24,NIPs,NIP reference pages,NIP-Seite,brauchbar,1545,13,5,4,5,240,267,,Start -> what-is-nostr; People -> people; Apps -> apps/catalog; Relays -> relay-market-directory; NIPs -> nips/complete-index; Privacy -> privacy-security; Wallets -> nip-47-wallet-connect; Media -> music-video-media; Commerce -> content-sale; Governance -> dao-governance; Crays -> nostr-and-crays; Library -> archive-library,,,0,,,NIP-24: NIP-24,0,,1,NIP-24: NIP-24,20,0,0,P3,gezielte redaktionelle Politur und Quellenabgleich
https://www.crays.org/nostr/nips/nip-25/,nips/nip-25,NIP-25: NIP-25,NIPs,NIP reference pages,NIP-Seite,brauchbar,1539,13,5,4,5,240,267,,Start -> what-is-nostr; People -> people; Apps -> apps/catalog; Relays -> relay-market-directory; NIPs -> nips/complete-index; Privacy -> privacy-security; Wallets -> nip-47-wallet-connect; Media -> music-video-media; Commerce -> content-sale; Governance -> dao-governance; Crays -> nostr-and-crays; Library -> archive-library,,,0,,,NIP-25: NIP-25,0,,1,NIP-25: NIP-25,20,0,0,P3,gezielte redaktionelle Politur und Quellenabgleich
https://www.crays.org/nostr/nips/nip-26/,nips/nip-26,NIP-26: Delegator:,NIPs,NIP reference pages,NIP-Seite,brauchbar,1531,13,5,4,5,240,267,,Start -> what-is-nostr; People -> people; Apps -> apps/catalog; Relays -> relay-market-directory; NIPs -> nips/complete-index; Privacy -> privacy-security; Wallets -> nip-47-wallet-connect; Media -> music-video-media; Commerce -> content-sale; Governance -> dao-governance; Crays -> nostr-and-crays; Library -> archive-library,,,0,,,NIP-26: Delegator:,0,,1,NIP-26: Delegator:,20,0,0,P3,gezielte redaktionelle Politur und Quellenabgleich
https://www.crays.org/nostr/nips/nip-27/,nips/nip-27,NIP-27: NIP-27,NIPs,NIP reference pages,NIP-Seite,brauchbar,1530,13,5,4,5,240,267,,Start -> what-is-nostr; People -> people; Apps -> apps/catalog; Relays -> relay-market-directory; NIPs -> nips/complete-index; Privacy -> privacy-security; Wallets -> nip-47-wallet-connect; Media -> music-video-media; Commerce -> content-sale; Governance -> dao-governance; Crays -> nostr-and-crays; Library -> archive-library,,,0,,,NIP-27: NIP-27,0,,1,NIP-27: NIP-27,20,0,0,P3,gezielte redaktionelle Politur und Quellenabgleich
https://www.crays.org/nostr/nips/nip-28/,nips/nip-28,NIP-28: NIP-28,NIPs,NIP reference pages,NIP-Seite,brauchbar,1536,13,5,4,5,241,268,,Start -> what-is-nostr; People -> people; Apps -> apps/catalog; Relays -> relay-market-directory; NIPs -> nips/complete-index; Privacy -> privacy-security; Wallets -> nip-47-wallet-connect; Media -> music-video-media; Commerce -> content-sale; Governance -> dao-governance; Crays -> nostr-and-crays; Library -> archive-library,,,0,,,NIP-28: NIP-28,0,,1,NIP-28: NIP-28,20,0,0,P3,gezielte redaktionelle Politur und Quellenabgleich
https://www.crays.org/nostr/nips/nip-29/,nips/nip-29,NIP-29: NIP-29,NIPs,NIP reference pages,NIP-Seite,brauchbar,1540,13,5,4,5,240,267,,Start -> what-is-nostr; People -> people; Apps -> apps/catalog; Relays -> relay-market-directory; NIPs -> nips/complete-index; Privacy -> privacy-security; Wallets -> nip-47-wallet-connect; Media -> music-video-media; Commerce -> content-sale; Governance -> dao-governance; Crays -> nostr-and-crays; Library -> archive-library,,,0,,,NIP-29: NIP-29,0,,1,NIP-29: NIP-29,20,0,0,P3,gezielte redaktionelle Politur und Quellenabgleich
https://www.crays.org/nostr/nips/nip-30/,nips/nip-30,NIP-30: NIP-30,NIPs,NIP reference pages,NIP-Seite,brauchbar,1538,13,5,4,5,240,267,,Start -> what-is-nostr; People -> people; Apps -> apps/catalog; Relays -> relay-market-directory; NIPs -> nips/complete-index; Privacy -> privacy-security; Wallets -> nip-47-wallet-connect; Media -> music-video-media; Commerce -> content-sale; Governance -> dao-governance; Crays -> nostr-and-crays; Library -> archive-library,,,0,,,NIP-30: NIP-30,0,,1,NIP-30: NIP-30,20,0,0,P3,gezielte redaktionelle Politur und Quellenabgleich
https://www.crays.org/nostr/nips/nip-31/,nips/nip-31,NIP-31: NIP-31,NIPs,NIP reference pages,NIP-Seite,brauchbar,1544,13,5,4,5,240,267,,Start -> what-is-nostr; People -> people; Apps -> apps/catalog; Relays -> relay-market-directory; NIPs -> nips/complete-index; Privacy -> privacy-security; Wallets -> nip-47-wallet-connect; Media -> music-video-media; Commerce -> content-sale; Governance -> dao-governance; Crays -> nostr-and-crays; Library -> archive-library,,,0,,,NIP-31: NIP-31,0,,1,NIP-31: NIP-31,20,0,0,P3,gezielte redaktionelle Politur und Quellenabgleich
https://www.crays.org/nostr/nips/nip-32/,nips/nip-32,NIP-32: NIP-32,NIPs,NIP reference pages,NIP-Seite,brauchbar,1539,13,5,4,5,240,267,,Start -> what-is-nostr; People -> people; Apps -> apps/catalog; Relays -> relay-market-directory; NIPs -> nips/complete-index; Privacy -> privacy-security; Wallets -> nip-47-wallet-connect; Media -> music-video-media; Commerce -> content-sale; Governance -> dao-governance; Crays -> nostr-and-crays; Library -> archive-library,,,0,,,NIP-32: NIP-32,0,,1,NIP-32: NIP-32,20,0,0,P3,gezielte redaktionelle Politur und Quellenabgleich
https://www.crays.org/nostr/nips/nip-33/,nips/nip-33,NIP-33: NIP-33,NIPs,NIP reference pages,NIP-Seite,brauchbar,1496,13,5,4,5,240,267,,Start -> what-is-nostr; People -> people; Apps -> apps/catalog; Relays -> relay-market-directory; NIPs -> nips/complete-index; Privacy -> privacy-security; Wallets -> nip-47-wallet-connect; Media -> music-video-media; Commerce -> content-sale; Governance -> dao-governance; Crays -> nostr-and-crays; Library -> archive-library,,,0,,,NIP-33: NIP-33,0,,1,NIP-33: NIP-33,20,0,0,P3,gezielte redaktionelle Politur und Quellenabgleich
https://www.crays.org/nostr/nips/nip-34/,nips/nip-34,NIP-34: NIP-34,NIPs,NIP reference pages,NIP-Seite,brauchbar,1537,13,5,4,5,240,269,,Start -> what-is-nostr; People -> people; Apps -> apps/catalog; Relays -> relay-market-directory; NIPs -> nips/complete-index; Privacy -> privacy-security; Wallets -> nip-47-wallet-connect; Media -> music-video-media; Commerce -> content-sale; Governance -> dao-governance; Crays -> nostr-and-crays; Library -> archive-library,,,0,,,NIP-34: NIP-34,0,,1,NIP-34: NIP-34,20,0,0,P3,gezielte redaktionelle Politur und Quellenabgleich
https://www.crays.org/nostr/nips/nip-35/,nips/nip-35,NIP-35: NIP-35,NIPs,NIP reference pages,NIP-Seite,brauchbar,1537,13,5,4,5,240,268,,Start -> what-is-nostr; People -> people; Apps -> apps/catalog; Relays -> relay-market-directory; NIPs -> nips/complete-index; Privacy -> privacy-security; Wallets -> nip-47-wallet-connect; Media -> music-video-media; Commerce -> content-sale; Governance -> dao-governance; Crays -> nostr-and-crays; Library -> archive-library,,,0,,,NIP-35: NIP-35,0,,1,NIP-35: NIP-35,20,0,0,P3,gezielte redaktionelle Politur und Quellenabgleich
https://www.crays.org/nostr/nips/nip-36/,nips/nip-36,NIP-36: NIP-36,NIPs,NIP reference pages,NIP-Seite,brauchbar,1542,13,5,4,5,240,267,,Start -> what-is-nostr; People -> people; Apps -> apps/catalog; Relays -> relay-market-directory; NIPs -> nips/complete-index; Privacy -> privacy-security; Wallets -> nip-47-wallet-connect; Media -> music-video-media; Commerce -> content-sale; Governance -> dao-governance; Crays -> nostr-and-crays; Library -> archive-library,,,0,,,NIP-36: NIP-36,0,,1,NIP-36: NIP-36,20,0,0,P3,gezielte redaktionelle Politur und Quellenabgleich
https://www.crays.org/nostr/nips/nip-37/,nips/nip-37,NIP-37: NIP-37,NIPs,NIP reference pages,NIP-Seite,brauchbar,1530,13,5,4,5,240,268,,Start -> what-is-nostr; People -> people; Apps -> apps/catalog; Relays -> relay-market-directory; NIPs -> nips/complete-index; Privacy -> privacy-security; Wallets -> nip-47-wallet-connect; Media -> music-video-media; Commerce -> content-sale; Governance -> dao-governance; Crays -> nostr-and-crays; Library -> archive-library,,,0,,,NIP-37: NIP-37,0,,1,NIP-37: NIP-37,20,0,0,P3,gezielte redaktionelle Politur und Quellenabgleich
https://www.crays.org/nostr/nips/nip-38/,nips/nip-38,NIP-38: NIP-38,NIPs,NIP reference pages,NIP-Seite,brauchbar,1545,13,5,4,5,240,269,,Start -> what-is-nostr; People -> people; Apps -> apps/catalog; Relays -> relay-market-directory; NIPs -> nips/complete-index; Privacy -> privacy-security; Wallets -> nip-47-wallet-connect; Media -> music-video-media; Commerce -> content-sale; Governance -> dao-governance; Crays -> nostr-and-crays; Library -> archive-library,,,0,,,NIP-38: NIP-38,0,,1,NIP-38: NIP-38,20,0,0,P3,gezielte redaktionelle Politur und Quellenabgleich
https://www.crays.org/nostr/nips/nip-39/,nips/nip-39,NIP-39: NIP-39,NIPs,NIP reference pages,NIP-Seite,brauchbar,1504,13,5,4,5,240,267,,Start -> what-is-nostr; People -> people; Apps -> apps/catalog; Relays -> relay-market-directory; NIPs -> nips/complete-index; Privacy -> privacy-security; Wallets -> nip-47-wallet-connect; Media -> music-video-media; Commerce -> content-sale; Governance -> dao-governance; Crays -> nostr-and-crays; Library -> archive-library,,,0,,,NIP-39: NIP-39,0,,1,NIP-39: NIP-39,20,0,0,P3,gezielte redaktionelle Politur und Quellenabgleich
https://www.crays.org/nostr/nips/nip-40/,nips/nip-40,NIP-40: NIP-40,NIPs,NIP reference pages,NIP-Seite,brauchbar,1528,13,5,4,5,240,268,,Start -> what-is-nostr; People -> people; Apps -> apps/catalog; Relays -> relay-market-directory; NIPs -> nips/complete-index; Privacy -> privacy-security; Wallets -> nip-47-wallet-connect; Media -> music-video-media; Commerce -> content-sale; Governance -> dao-governance; Crays -> nostr-and-crays; Library -> archive-library,,,0,,,NIP-40: NIP-40,0,,1,NIP-40: NIP-40,20,0,0,P3,gezielte redaktionelle Politur und Quellenabgleich
https://www.crays.org/nostr/nips/nip-42/,nips/nip-42,NIP-42: NIP-42,NIPs,NIP reference pages,NIP-Seite,brauchbar,1530,13,5,4,5,240,267,,Start -> what-is-nostr; People -> people; Apps -> apps/catalog; Relays -> relay-market-directory; NIPs -> nips/complete-index; Privacy -> privacy-security; Wallets -> nip-47-wallet-connect; Media -> music-video-media; Commerce -> content-sale; Governance -> dao-governance; Crays -> nostr-and-crays; Library -> archive-library,,,0,,,NIP-42: NIP-42,0,,1,NIP-42: NIP-42,20,0,0,P3,gezielte redaktionelle Politur und Quellenabgleich
https://www.crays.org/nostr/nips/nip-43/,nips/nip-43,NIP-43: NIP-43,NIPs,NIP reference pages,NIP-Seite,brauchbar,1546,13,5,4,5,240,267,,Start -> what-is-nostr; People -> people; Apps -> apps/catalog; Relays -> relay-market-directory; NIPs -> nips/complete-index; Privacy -> privacy-security; Wallets -> nip-47-wallet-connect; Media -> music-video-media; Commerce -> content-sale; Governance -> dao-governance; Crays -> nostr-and-crays; Library -> archive-library,,,0,,,NIP-43: NIP-43,0,,1,NIP-43: NIP-43,20,0,0,P3,gezielte redaktionelle Politur und Quellenabgleich
https://www.crays.org/nostr/nips/nip-44/,nips/nip-44,NIP-44: Calculates length of the padded byte array.,NIPs,NIP reference pages,NIP-Seite,brauchbar,1567,13,5,4,5,240,268,,Start -> what-is-nostr; People -> people; Apps -> apps/catalog; Relays -> relay-market-directory; NIPs -> nips/complete-index; Privacy -> privacy-security; Wallets -> nip-47-wallet-connect; Media -> music-video-media; Commerce -> content-sale; Governance -> dao-governance; Crays -> nostr-and-crays; Library -> archive-library,,,0,,,NIP-44: Calculates length of the padded byte array.,0,,1,NIP-44: Calculates length of the padded byte array.,20,0,0,P3,gezielte redaktionelle Politur und Quellenabgleich
https://www.crays.org/nostr/nips/nip-45/,nips/nip-45,NIP-45: NIP-45,NIPs,NIP reference pages,NIP-Seite,brauchbar,1542,13,5,4,5,240,267,,Start -> what-is-nostr; People -> people; Apps -> apps/catalog; Relays -> relay-market-directory; NIPs -> nips/complete-index; Privacy -> privacy-security; Wallets -> nip-47-wallet-connect; Media -> music-video-media; Commerce -> content-sale; Governance -> dao-governance; Crays -> nostr-and-crays; Library -> archive-library,,,0,,,NIP-45: NIP-45,0,,1,NIP-45: NIP-45,20,0,0,P3,gezielte redaktionelle Politur und Quellenabgleich
https://www.crays.org/nostr/nips/nip-46/,nips/nip-46,NIP-46: NIP-46,NIPs,NIP reference pages,NIP-Seite,brauchbar,1524,13,5,4,5,240,267,,Start -> what-is-nostr; People -> people; Apps -> apps/catalog; Relays -> relay-market-directory; NIPs -> nips/complete-index; Privacy -> privacy-security; Wallets -> nip-47-wallet-connect; Media -> music-video-media; Commerce -> content-sale; Governance -> dao-governance; Crays -> nostr-and-crays; Library -> archive-library,,,0,,,NIP-46: NIP-46,0,,1,NIP-46: NIP-46,20,0,0,P3,gezielte redaktionelle Politur und Quellenabgleich
https://www.crays.org/nostr/nips/nip-47/,nips/nip-47,NIP-47: NIP-47,NIPs,NIP reference pages,NIP-Seite,brauchbar,1535,13,5,4,5,240,268,,Start -> what-is-nostr; People -> people; Apps -> apps/catalog; Relays -> relay-market-directory; NIPs -> nips/complete-index; Privacy -> privacy-security; Wallets -> nip-47-wallet-connect; Media -> music-video-media; Commerce -> content-sale; Governance -> dao-governance; Crays -> nostr-and-crays; Library -> archive-library,,,0,,,NIP-47: NIP-47,0,,1,NIP-47: NIP-47,20,0,0,P3,gezielte redaktionelle Politur und Quellenabgleich
https://www.crays.org/nostr/nips/nip-48/,nips/nip-48,NIP-48: NIP-48,NIPs,NIP reference pages,NIP-Seite,brauchbar,1542,13,5,4,5,240,267,,Start -> what-is-nostr; People -> people; Apps -> apps/catalog; Relays -> relay-market-directory; NIPs -> nips/complete-index; Privacy -> privacy-security; Wallets -> nip-47-wallet-connect; Media -> music-video-media; Commerce -> content-sale; Governance -> dao-governance; Crays -> nostr-and-crays; Library -> archive-library,,,0,,,NIP-48: NIP-48,0,,1,NIP-48: NIP-48,20,0,0,P3,gezielte redaktionelle Politur und Quellenabgleich
https://www.crays.org/nostr/nips/nip-49/,nips/nip-49,NIP-49: NIP-49,NIPs,NIP reference pages,NIP-Seite,brauchbar,1523,13,5,4,5,240,268,,Start -> what-is-nostr; People -> people; Apps -> apps/catalog; Relays -> relay-market-directory; NIPs -> nips/complete-index; Privacy -> privacy-security; Wallets -> nip-47-wallet-connect; Media -> music-video-media; Commerce -> content-sale; Governance -> dao-governance; Crays -> nostr-and-crays; Library -> archive-library,,,0,,,NIP-49: NIP-49,0,,1,NIP-49: NIP-49,20,0,0,P3,gezielte redaktionelle Politur und Quellenabgleich
https://www.crays.org/nostr/nips/nip-51/,nips/nip-51,NIP-51: NIP-51,NIPs,NIP reference pages,NIP-Seite,brauchbar,1542,13,5,4,5,240,268,,Start -> what-is-nostr; People -> people; Apps -> apps/catalog; Relays -> relay-market-directory; NIPs -> nips/complete-index; Privacy -> privacy-security; Wallets -> nip-47-wallet-connect; Media -> music-video-media; Commerce -> content-sale; Governance -> dao-governance; Crays -> nostr-and-crays; Library -> archive-library,,,0,,,NIP-51: NIP-51,0,,1,NIP-51: NIP-51,20,0,0,P3,gezielte redaktionelle Politur und Quellenabgleich
https://www.crays.org/nostr/nips/nip-52/,nips/nip-52,NIP-52: NIP-52,NIPs,NIP reference pages,NIP-Seite,brauchbar,1543,13,5,4,5,240,268,,Start -> what-is-nostr; People -> people; Apps -> apps/catalog; Relays -> relay-market-directory; NIPs -> nips/complete-index; Privacy -> privacy-security; Wallets -> nip-47-wallet-connect; Media -> music-video-media; Commerce -> content-sale; Governance -> dao-governance; Crays -> nostr-and-crays; Library -> archive-library,,,0,,,NIP-52: NIP-52,0,,1,NIP-52: NIP-52,20,0,0,P3,gezielte redaktionelle Politur und Quellenabgleich
https://www.crays.org/nostr/nips/nip-53/,nips/nip-53,NIP-53: NIP-53,NIPs,NIP reference pages,NIP-Seite,brauchbar,1539,13,5,4,5,240,269,,Start -> what-is-nostr; People -> people; Apps -> apps/catalog; Relays -> relay-market-directory; NIPs -> nips/complete-index; Privacy -> privacy-security; Wallets -> nip-47-wallet-connect; Media -> music-video-media; Commerce -> content-sale; Governance -> dao-governance; Crays -> nostr-and-crays; Library -> archive-library,,,0,,,NIP-53: NIP-53,0,,1,NIP-53: NIP-53,20,0,0,P3,gezielte redaktionelle Politur und Quellenabgleich
https://www.crays.org/nostr/nips/nip-54/,nips/nip-54,NIP-54: NIP-54,NIPs,NIP reference pages,NIP-Seite,brauchbar,1530,13,5,4,5,240,268,,Start -> what-is-nostr; People -> people; Apps -> apps/catalog; Relays -> relay-market-directory; NIPs -> nips/complete-index; Privacy -> privacy-security; Wallets -> nip-47-wallet-connect; Media -> music-video-media; Commerce -> content-sale; Governance -> dao-governance; Crays -> nostr-and-crays; Library -> archive-library,,,0,,,NIP-54: NIP-54,0,,1,NIP-54: NIP-54,20,0,0,P3,gezielte redaktionelle Politur und Quellenabgleich
https://www.crays.org/nostr/nips/nip-55/,nips/nip-55,NIP-55: NIP-55,NIPs,NIP reference pages,NIP-Seite,brauchbar,1539,13,5,4,5,240,267,,Start -> what-is-nostr; People -> people; Apps -> apps/catalog; Relays -> relay-market-directory; NIPs -> nips/complete-index; Privacy -> privacy-security; Wallets -> nip-47-wallet-connect; Media -> music-video-media; Commerce -> content-sale; Governance -> dao-governance; Crays -> nostr-and-crays; Library -> archive-library,,,0,,,NIP-55: NIP-55,0,,1,NIP-55: NIP-55,20,0,0,P3,gezielte redaktionelle Politur und Quellenabgleich
https://www.crays.org/nostr/nips/nip-56/,nips/nip-56,NIP-56: NIP-56,NIPs,NIP reference pages,NIP-Seite,brauchbar,1519,13,5,4,5,240,268,,Start -> what-is-nostr; People -> people; Apps -> apps/catalog; Relays -> relay-market-directory; NIPs -> nips/complete-index; Privacy -> privacy-security; Wallets -> nip-47-wallet-connect; Media -> music-video-media; Commerce -> content-sale; Governance -> dao-governance; Crays -> nostr-and-crays; Library -> archive-library,,,0,,,NIP-56: NIP-56,0,,1,NIP-56: NIP-56,20,0,0,P3,gezielte redaktionelle Politur und Quellenabgleich
https://www.crays.org/nostr/nips/nip-57/,nips/nip-57,NIP-57: NIP-57,NIPs,NIP reference pages,NIP-Seite,brauchbar,1526,13,5,4,5,240,267,,Start -> what-is-nostr; People -> people; Apps -> apps/catalog; Relays -> relay-market-directory; NIPs -> nips/complete-index; Privacy -> privacy-security; Wallets -> nip-47-wallet-connect; Media -> music-video-media; Commerce -> content-sale; Governance -> dao-governance; Crays -> nostr-and-crays; Library -> archive-library,,,0,,,NIP-57: NIP-57,0,,1,NIP-57: NIP-57,20,0,0,P3,gezielte redaktionelle Politur und Quellenabgleich
https://www.crays.org/nostr/nips/nip-58/,nips/nip-58,NIP-58: NIP-58,NIPs,NIP reference pages,NIP-Seite,brauchbar,1534,13,5,4,5,240,268,,Start -> what-is-nostr; People -> people; Apps -> apps/catalog; Relays -> relay-market-directory; NIPs -> nips/complete-index; Privacy -> privacy-security; Wallets -> nip-47-wallet-connect; Media -> music-video-media; Commerce -> content-sale; Governance -> dao-governance; Crays -> nostr-and-crays; Library -> archive-library,,,0,,,NIP-58: NIP-58,0,,1,NIP-58: NIP-58,20,0,0,P3,gezielte redaktionelle Politur und Quellenabgleich
https://www.crays.org/nostr/nips/nip-59/,nips/nip-59,NIP-59: NIP-59,NIPs,NIP reference pages,NIP-Seite,brauchbar,1534,13,5,4,5,240,268,,Start -> what-is-nostr; People -> people; Apps -> apps/catalog; Relays -> relay-market-directory; NIPs -> nips/complete-index; Privacy -> privacy-security; Wallets -> nip-47-wallet-connect; Media -> music-video-media; Commerce -> content-sale; Governance -> dao-governance; Crays -> nostr-and-crays; Library -> archive-library,,,0,,,NIP-59: NIP-59,0,,1,NIP-59: NIP-59,20,0,0,P3,gezielte redaktionelle Politur und Quellenabgleich
https://www.crays.org/nostr/nips/nip-60/,nips/nip-60,NIP-60: NIP-60,NIPs,NIP reference pages,NIP-Seite,brauchbar,1529,13,5,4,5,240,269,,Start -> what-is-nostr; People -> people; Apps -> apps/catalog; Relays -> relay-market-directory; NIPs -> nips/complete-index; Privacy -> privacy-security; Wallets -> nip-47-wallet-connect; Media -> music-video-media; Commerce -> content-sale; Governance -> dao-governance; Crays -> nostr-and-crays; Library -> archive-library,,,0,,,NIP-60: NIP-60,0,,1,NIP-60: NIP-60,20,0,0,P3,gezielte redaktionelle Politur und Quellenabgleich
https://www.crays.org/nostr/nips/nip-61/,nips/nip-61,NIP-61: NIP-61,NIPs,NIP reference pages,NIP-Seite,brauchbar,1548,13,5,4,5,240,269,,Start -> what-is-nostr; People -> people; Apps -> apps/catalog; Relays -> relay-market-directory; NIPs -> nips/complete-index; Privacy -> privacy-security; Wallets -> nip-47-wallet-connect; Media -> music-video-media; Commerce -> content-sale; Governance -> dao-governance; Crays -> nostr-and-crays; Library -> archive-library,,,0,,,NIP-61: NIP-61,0,,1,NIP-61: NIP-61,20,0,0,P3,gezielte redaktionelle Politur und Quellenabgleich
https://www.crays.org/nostr/nips/nip-62/,nips/nip-62,NIP-62: NIP-62,NIPs,NIP reference pages,NIP-Seite,brauchbar,1535,13,5,4,5,240,268,,Start -> what-is-nostr; People -> people; Apps -> apps/catalog; Relays -> relay-market-directory; NIPs -> nips/complete-index; Privacy -> privacy-security; Wallets -> nip-47-wallet-connect; Media -> music-video-media; Commerce -> content-sale; Governance -> dao-governance; Crays -> nostr-and-crays; Library -> archive-library,,,0,,,NIP-62: NIP-62,0,,1,NIP-62: NIP-62,20,0,0,P3,gezielte redaktionelle Politur und Quellenabgleich
https://www.crays.org/nostr/nips/nip-64/,nips/nip-64,NIP-64: NIP-64,NIPs,NIP reference pages,NIP-Seite,brauchbar,1525,13,5,4,5,240,268,,Start -> what-is-nostr; People -> people; Apps -> apps/catalog; Relays -> relay-market-directory; NIPs -> nips/complete-index; Privacy -> privacy-security; Wallets -> nip-47-wallet-connect; Media -> music-video-media; Commerce -> content-sale; Governance -> dao-governance; Crays -> nostr-and-crays; Library -> archive-library,,,0,,,NIP-64: NIP-64,0,,1,NIP-64: NIP-64,20,0,0,P3,gezielte redaktionelle Politur und Quellenabgleich
https://www.crays.org/nostr/nips/nip-65/,nips/nip-65,NIP-65: NIP-65,NIPs,NIP reference pages,NIP-Seite,brauchbar,1530,13,5,4,5,240,268,,Start -> what-is-nostr; People -> people; Apps -> apps/catalog; Relays -> relay-market-directory; NIPs -> nips/complete-index; Privacy -> privacy-security; Wallets -> nip-47-wallet-connect; Media -> music-video-media; Commerce -> content-sale; Governance -> dao-governance; Crays -> nostr-and-crays; Library -> archive-library,,,0,,,NIP-65: NIP-65,0,,1,NIP-65: NIP-65,20,0,0,P3,gezielte redaktionelle Politur und Quellenabgleich
https://www.crays.org/nostr/nips/nip-68/,nips/nip-68,NIP-68: NIP-68,NIPs,NIP reference pages,NIP-Seite,brauchbar,1532,13,5,4,5,240,267,,Start -> what-is-nostr; People -> people; Apps -> apps/catalog; Relays -> relay-market-directory; NIPs -> nips/complete-index; Privacy -> privacy-security; Wallets -> nip-47-wallet-connect; Media -> music-video-media; Commerce -> content-sale; Governance -> dao-governance; Crays -> nostr-and-crays; Library -> archive-library,,,0,,,NIP-68: NIP-68,0,,1,NIP-68: NIP-68,20,0,0,P3,gezielte redaktionelle Politur und Quellenabgleich
https://www.crays.org/nostr/nips/nip-69/,nips/nip-69,NIP-69: NIP-69,NIPs,NIP reference pages,NIP-Seite,brauchbar,1537,13,5,4,5,240,267,,Start -> what-is-nostr; People -> people; Apps -> apps/catalog; Relays -> relay-market-directory; NIPs -> nips/complete-index; Privacy -> privacy-security; Wallets -> nip-47-wallet-connect; Media -> music-video-media; Commerce -> content-sale; Governance -> dao-governance; Crays -> nostr-and-crays; Library -> archive-library,,,0,,,NIP-69: NIP-69,0,,1,NIP-69: NIP-69,20,0,0,P3,gezielte redaktionelle Politur und Quellenabgleich
https://www.crays.org/nostr/nips/nip-70/,nips/nip-70,NIP-70: NIP-70,NIPs,NIP reference pages,NIP-Seite,brauchbar,1540,13,5,4,5,240,268,,Start -> what-is-nostr; People -> people; Apps -> apps/catalog; Relays -> relay-market-directory; NIPs -> nips/complete-index; Privacy -> privacy-security; Wallets -> nip-47-wallet-connect; Media -> music-video-media; Commerce -> content-sale; Governance -> dao-governance; Crays -> nostr-and-crays; Library -> archive-library,,,0,,,NIP-70: NIP-70,0,,1,NIP-70: NIP-70,20,0,0,P3,gezielte redaktionelle Politur und Quellenabgleich
https://www.crays.org/nostr/nips/nip-71/,nips/nip-71,NIP-71: NIP-71,NIPs,NIP reference pages,NIP-Seite,brauchbar,1533,13,5,4,5,240,269,,Start -> what-is-nostr; People -> people; Apps -> apps/catalog; Relays -> relay-market-directory; NIPs -> nips/complete-index; Privacy -> privacy-security; Wallets -> nip-47-wallet-connect; Media -> music-video-media; Commerce -> content-sale; Governance -> dao-governance; Crays -> nostr-and-crays; Library -> archive-library,,,0,,,NIP-71: NIP-71,0,,1,NIP-71: NIP-71,20,0,0,P3,gezielte redaktionelle Politur und Quellenabgleich
https://www.crays.org/nostr/nips/nip-72/,nips/nip-72,NIP-72: NIP-72,NIPs,NIP reference pages,NIP-Seite,brauchbar,1529,13,5,4,5,240,269,,Start -> what-is-nostr; People -> people; Apps -> apps/catalog; Relays -> relay-market-directory; NIPs -> nips/complete-index; Privacy -> privacy-security; Wallets -> nip-47-wallet-connect; Media -> music-video-media; Commerce -> content-sale; Governance -> dao-governance; Crays -> nostr-and-crays; Library -> archive-library,,,0,,,NIP-72: NIP-72,0,,1,NIP-72: NIP-72,20,0,0,P3,gezielte redaktionelle Politur und Quellenabgleich
https://www.crays.org/nostr/nips/nip-73/,nips/nip-73,NIP-73: NIP-73,NIPs,NIP reference pages,NIP-Seite,brauchbar,1520,13,5,4,5,240,268,,Start -> what-is-nostr; People -> people; Apps -> apps/catalog; Relays -> relay-market-directory; NIPs -> nips/complete-index; Privacy -> privacy-security; Wallets -> nip-47-wallet-connect; Media -> music-video-media; Commerce -> content-sale; Governance -> dao-governance; Crays -> nostr-and-crays; Library -> archive-library,,,0,,,NIP-73: NIP-73,0,,1,NIP-73: NIP-73,20,0,0,P3,gezielte redaktionelle Politur und Quellenabgleich
https://www.crays.org/nostr/nips/nip-75/,nips/nip-75,NIP-75: NIP-75,NIPs,NIP reference pages,NIP-Seite,brauchbar,1542,13,5,4,5,240,268,,Start -> what-is-nostr; People -> people; Apps -> apps/catalog; Relays -> relay-market-directory; NIPs -> nips/complete-index; Privacy -> privacy-security; Wallets -> nip-47-wallet-connect; Media -> music-video-media; Commerce -> content-sale; Governance -> dao-governance; Crays -> nostr-and-crays; Library -> archive-library,,,0,,,NIP-75: NIP-75,0,,1,NIP-75: NIP-75,20,0,0,P3,gezielte redaktionelle Politur und Quellenabgleich
https://www.crays.org/nostr/nips/nip-77/,nips/nip-77,NIP-77: NIP-77,NIPs,NIP reference pages,NIP-Seite,brauchbar,1540,13,5,4,5,240,267,,Start -> what-is-nostr; People -> people; Apps -> apps/catalog; Relays -> relay-market-directory; NIPs -> nips/complete-index; Privacy -> privacy-security; Wallets -> nip-47-wallet-connect; Media -> music-video-media; Commerce -> content-sale; Governance -> dao-governance; Crays -> nostr-and-crays; Library -> archive-library,,,0,,,NIP-77: NIP-77,0,,1,NIP-77: NIP-77,20,0,0,P3,gezielte redaktionelle Politur und Quellenabgleich
https://www.crays.org/nostr/nips/nip-78/,nips/nip-78,NIP-78: NIP-78,NIPs,NIP reference pages,NIP-Seite,brauchbar,1537,13,5,4,5,240,267,,Start -> what-is-nostr; People -> people; Apps -> apps/catalog; Relays -> relay-market-directory; NIPs -> nips/complete-index; Privacy -> privacy-security; Wallets -> nip-47-wallet-connect; Media -> music-video-media; Commerce -> content-sale; Governance -> dao-governance; Crays -> nostr-and-crays; Library -> archive-library,,,0,,,NIP-78: NIP-78,0,,1,NIP-78: NIP-78,20,0,0,P3,gezielte redaktionelle Politur und Quellenabgleich
https://www.crays.org/nostr/nips/nip-84/,nips/nip-84,NIP-84: NIP-84,NIPs,NIP reference pages,NIP-Seite,brauchbar,1540,13,5,4,5,240,270,,Start -> what-is-nostr; People -> people; Apps -> apps/catalog; Relays -> relay-market-directory; NIPs -> nips/complete-index; Privacy -> privacy-security; Wallets -> nip-47-wallet-connect; Media -> music-video-media; Commerce -> content-sale; Governance -> dao-governance; Crays -> nostr-and-crays; Library -> archive-library,,,0,,,NIP-84: NIP-84,0,,1,NIP-84: NIP-84,20,0,0,P3,gezielte redaktionelle Politur und Quellenabgleich
https://www.crays.org/nostr/nips/nip-85/,nips/nip-85,NIP-85: NIP-85,NIPs,NIP reference pages,NIP-Seite,brauchbar,1539,13,5,4,5,240,267,,Start -> what-is-nostr; People -> people; Apps -> apps/catalog; Relays -> relay-market-directory; NIPs -> nips/complete-index; Privacy -> privacy-security; Wallets -> nip-47-wallet-connect; Media -> music-video-media; Commerce -> content-sale; Governance -> dao-governance; Crays -> nostr-and-crays; Library -> archive-library,,,0,,,NIP-85: NIP-85,0,,1,NIP-85: NIP-85,20,0,0,P3,gezielte redaktionelle Politur und Quellenabgleich
https://www.crays.org/nostr/nips/nip-86/,nips/nip-86,NIP-86: NIP-86,NIPs,NIP reference pages,NIP-Seite,brauchbar,1533,13,5,4,5,240,269,,Start -> what-is-nostr; People -> people; Apps -> apps/catalog; Relays -> relay-market-directory; NIPs -> nips/complete-index; Privacy -> privacy-security; Wallets -> nip-47-wallet-connect; Media -> music-video-media; Commerce -> content-sale; Governance -> dao-governance; Crays -> nostr-and-crays; Library -> archive-library,,,0,,,NIP-86: NIP-86,0,,1,NIP-86: NIP-86,20,0,0,P3,gezielte redaktionelle Politur und Quellenabgleich
https://www.crays.org/nostr/nips/nip-87/,nips/nip-87,NIP-87: NIP-87,NIPs,NIP reference pages,NIP-Seite,brauchbar,1533,13,5,4,5,240,267,,Start -> what-is-nostr; People -> people; Apps -> apps/catalog; Relays -> relay-market-directory; NIPs -> nips/complete-index; Privacy -> privacy-security; Wallets -> nip-47-wallet-connect; Media -> music-video-media; Commerce -> content-sale; Governance -> dao-governance; Crays -> nostr-and-crays; Library -> archive-library,,,0,,,NIP-87: NIP-87,0,,1,NIP-87: NIP-87,20,0,0,P3,gezielte redaktionelle Politur und Quellenabgleich
https://www.crays.org/nostr/nips/nip-88/,nips/nip-88,NIP-88: NIP-88,NIPs,NIP reference pages,NIP-Seite,brauchbar,1538,13,5,4,5,240,268,,Start -> what-is-nostr; People -> people; Apps -> apps/catalog; Relays -> relay-market-directory; NIPs -> nips/complete-index; Privacy -> privacy-security; Wallets -> nip-47-wallet-connect; Media -> music-video-media; Commerce -> content-sale; Governance -> dao-governance; Crays -> nostr-and-crays; Library -> archive-library,,,0,,,NIP-88: NIP-88,0,,1,NIP-88: NIP-88,20,0,0,P3,gezielte redaktionelle Politur und Quellenabgleich
https://www.crays.org/nostr/nips/nip-89/,nips/nip-89,NIP-89: NIP-89,NIPs,NIP reference pages,NIP-Seite,brauchbar,1533,13,5,4,5,240,267,,Start -> what-is-nostr; People -> people; Apps -> apps/catalog; Relays -> relay-market-directory; NIPs -> nips/complete-index; Privacy -> privacy-security; Wallets -> nip-47-wallet-connect; Media -> music-video-media; Commerce -> content-sale; Governance -> dao-governance; Crays -> nostr-and-crays; Library -> archive-library,,,0,,,NIP-89: NIP-89,0,,1,NIP-89: NIP-89,20,0,0,P3,gezielte redaktionelle Politur und Quellenabgleich
https://www.crays.org/nostr/nips/nip-90/,nips/nip-90,NIP-90: NIP-90,NIPs,NIP reference pages,NIP-Seite,brauchbar,1533,13,5,4,5,240,267,,Start -> what-is-nostr; People -> people; Apps -> apps/catalog; Relays -> relay-market-directory; NIPs -> nips/complete-index; Privacy -> privacy-security; Wallets -> nip-47-wallet-connect; Media -> music-video-media; Commerce -> content-sale; Governance -> dao-governance; Crays -> nostr-and-crays; Library -> archive-library,,,0,,,NIP-90: NIP-90,0,,1,NIP-90: NIP-90,20,0,0,P3,gezielte redaktionelle Politur und Quellenabgleich
https://www.crays.org/nostr/nips/nip-92/,nips/nip-92,NIP-92: NIP-92,NIPs,NIP reference pages,NIP-Seite,brauchbar,1527,13,5,4,5,240,268,,Start -> what-is-nostr; People -> people; Apps -> apps/catalog; Relays -> relay-market-directory; NIPs -> nips/complete-index; Privacy -> privacy-security; Wallets -> nip-47-wallet-connect; Media -> music-video-media; Commerce -> content-sale; Governance -> dao-governance; Crays -> nostr-and-crays; Library -> archive-library,,,0,,,NIP-92: NIP-92,0,,1,NIP-92: NIP-92,20,0,0,P3,gezielte redaktionelle Politur und Quellenabgleich
https://www.crays.org/nostr/nips/nip-94/,nips/nip-94,NIP-94: NIP-94,NIPs,NIP reference pages,NIP-Seite,brauchbar,1533,13,5,4,5,240,267,,Start -> what-is-nostr; People -> people; Apps -> apps/catalog; Relays -> relay-market-directory; NIPs -> nips/complete-index; Privacy -> privacy-security; Wallets -> nip-47-wallet-connect; Media -> music-video-media; Commerce -> content-sale; Governance -> dao-governance; Crays -> nostr-and-crays; Library -> archive-library,,,0,,,NIP-94: NIP-94,0,,1,NIP-94: NIP-94,20,0,0,P3,gezielte redaktionelle Politur und Quellenabgleich
https://www.crays.org/nostr/nips/nip-96/,nips/nip-96,NIP-96: NIP-96,NIPs,NIP reference pages,NIP-Seite,brauchbar,1533,13,5,4,5,240,267,,Start -> what-is-nostr; People -> people; Apps -> apps/catalog; Relays -> relay-market-directory; NIPs -> nips/complete-index; Privacy -> privacy-security; Wallets -> nip-47-wallet-connect; Media -> music-video-media; Commerce -> content-sale; Governance -> dao-governance; Crays -> nostr-and-crays; Library -> archive-library,,,0,,,NIP-96: NIP-96,0,,1,NIP-96: NIP-96,20,0,0,P3,gezielte redaktionelle Politur und Quellenabgleich
https://www.crays.org/nostr/nips/nip-98/,nips/nip-98,NIP-98: NIP-98,NIPs,NIP reference pages,NIP-Seite,brauchbar,1537,13,5,4,5,240,267,,Start -> what-is-nostr; People -> people; Apps -> apps/catalog; Relays -> relay-market-directory; NIPs -> nips/complete-index; Privacy -> privacy-security; Wallets -> nip-47-wallet-connect; Media -> music-video-media; Commerce -> content-sale; Governance -> dao-governance; Crays -> nostr-and-crays; Library -> archive-library,,,0,,,NIP-98: NIP-98,0,,1,NIP-98: NIP-98,20,0,0,P3,gezielte redaktionelle Politur und Quellenabgleich
https://www.crays.org/nostr/nips/nip-99/,nips/nip-99,NIP-99: NIP-99,NIPs,NIP reference pages,NIP-Seite,brauchbar,1518,13,5,4,5,240,268,,Start -> what-is-nostr; People -> people; Apps -> apps/catalog; Relays -> relay-market-directory; NIPs -> nips/complete-index; Privacy -> privacy-security; Wallets -> nip-47-wallet-connect; Media -> music-video-media; Commerce -> content-sale; Governance -> dao-governance; Crays -> nostr-and-crays; Library -> archive-library,,,0,,,NIP-99: NIP-99,0,,1,NIP-99: NIP-99,20,0,0,P3,gezielte redaktionelle Politur und Quellenabgleich
https://www.crays.org/nostr/nips/research-atlas/,nips/research-atlas,NIP and standards research,NIPs,NIP reference pages,NIP-Seite,brauchbar,3094,6,5,4,5,903,291,,Start -> what-is-nostr; People -> people; Apps -> apps/catalog; Relays -> relay-market-directory; NIPs -> nips/complete-index; Privacy -> privacy-security; Wallets -> nip-47-wallet-connect; Media -> music-video-media; Commerce -> content-sale; Governance -> dao-governance; Crays -> nostr-and-crays; Library -> archive-library,,,0,,,NIP and standards research,0,,1,NIP and standards research,19,0,0,P3,gezielte redaktionelle Politur und Quellenabgleich
https://www.crays.org/nostr/nips/research/android-signer-application/,nips/research/android-signer-application,Android Signer Application,NIPs,NIP reference pages,NIP-Seite,brauchbar,1461,12,5,4,5,240,273,,Start -> what-is-nostr; People -> people; Apps -> apps/catalog; Relays -> relay-market-directory; NIPs -> nips/complete-index; Privacy -> privacy-security; Wallets -> nip-47-wallet-connect; Media -> music-video-media; Commerce -> content-sale; Governance -> dao-governance; Crays -> nostr-and-crays; Library -> archive-library,,,0,,,Android Signer Application,0,,1,Android Signer Application,18,0,0,P3,gezielte redaktionelle Politur und Quellenabgleich
https://www.crays.org/nostr/nips/research/basic-key-derivation-from-mnemonic-seed-phrase/,nips/research/basic-key-derivation-from-mnemonic-seed-phrase,Basic key derivation from mnemonic seed phrase,NIPs,NIP reference pages,NIP-Seite,brauchbar,1601,12,5,4,5,240,273,,Start -> what-is-nostr; People -> people; Apps -> apps/catalog; Relays -> relay-market-directory; NIPs -> nips/complete-index; Privacy -> privacy-security; Wallets -> nip-47-wallet-connect; Media -> music-video-media; Commerce -> content-sale; Governance -> dao-governance; Crays -> nostr-and-crays; Library -> archive-library,,,0,,,Basic key derivation from mnemonic seed phrase,0,,1,Basic key derivation from mnemonic seed phrase,19,0,0,P3,gezielte redaktionelle Politur und Quellenabgleich
https://www.crays.org/nostr/nips/research/basic-protocol-flow/,nips/research/basic-protocol-flow,Basic protocol flow,NIPs,NIP reference pages,NIP-Seite,brauchbar,1462,12,5,4,5,240,274,,Start -> what-is-nostr; People -> people; Apps -> apps/catalog; Relays -> relay-market-directory; NIPs -> nips/complete-index; Privacy -> privacy-security; Wallets -> nip-47-wallet-connect; Media -> music-video-media; Commerce -> content-sale; Governance -> dao-governance; Crays -> nostr-and-crays; Library -> archive-library,,,0,,,Basic protocol flow,0,,1,Basic protocol flow,19,0,0,P3,gezielte redaktionelle Politur und Quellenabgleich
https://www.crays.org/nostr/nips/research/bech32-encoded-entities/,nips/research/bech32-encoded-entities,bech32-encoded entities,NIPs,NIP reference pages,NIP-Seite,brauchbar,1426,12,5,4,5,240,273,,Start -> what-is-nostr; People -> people; Apps -> apps/catalog; Relays -> relay-market-directory; NIPs -> nips/complete-index; Privacy -> privacy-security; Wallets -> nip-47-wallet-connect; Media -> music-video-media; Commerce -> content-sale; Governance -> dao-governance; Crays -> nostr-and-crays; Library -> archive-library,,,0,,,bech32-encoded entities,0,,1,bech32-encoded entities,18,0,0,P3,gezielte redaktionelle Politur und Quellenabgleich
https://www.crays.org/nostr/nips/research/ble-communications/,nips/research/ble-communications,BLE Communications,NIPs,NIP reference pages,NIP-Seite,brauchbar,1428,12,5,4,5,240,273,,Start -> what-is-nostr; People -> people; Apps -> apps/catalog; Relays -> relay-market-directory; NIPs -> nips/complete-index; Privacy -> privacy-security; Wallets -> nip-47-wallet-connect; Media -> music-video-media; Commerce -> content-sale; Governance -> dao-governance; Crays -> nostr-and-crays; Library -> archive-library,,,0,,,BLE Communications,0,,1,BLE Communications,19,0,0,P3,gezielte redaktionelle Politur und Quellenabgleich
https://www.crays.org/nostr/nips/research/blossom/,nips/research/blossom,Blossom,NIPs,NIP reference pages,NIP-Seite,brauchbar,1410,12,5,4,5,240,273,,Start -> what-is-nostr; People -> people; Apps -> apps/catalog; Relays -> relay-market-directory; NIPs -> nips/complete-index; Privacy -> privacy-security; Wallets -> nip-47-wallet-connect; Media -> music-video-media; Commerce -> content-sale; Governance -> dao-governance; Crays -> nostr-and-crays; Library -> archive-library,,,0,,,Blossom,0,,1,Blossom,19,0,0,P3,gezielte redaktionelle Politur und Quellenabgleich
https://www.crays.org/nostr/nips/research/bridged-events/,nips/research/bridged-events,Bridged Events,NIPs,NIP reference pages,NIP-Seite,brauchbar,1422,12,5,4,5,240,273,,Start -> what-is-nostr; People -> people; Apps -> apps/catalog; Relays -> relay-market-directory; NIPs -> nips/complete-index; Privacy -> privacy-security; Wallets -> nip-47-wallet-connect; Media -> music-video-media; Commerce -> content-sale; Governance -> dao-governance; Crays -> nostr-and-crays; Library -> archive-library,,,0,,,Bridged Events,0,,1,Bridged Events,19,0,0,P3,gezielte redaktionelle Politur und Quellenabgleich
https://www.crays.org/nostr/nips/research/calendar-events/,nips/research/calendar-events,Calendar Events,NIPs,NIP reference pages,NIP-Seite,brauchbar,1422,12,5,4,5,240,274,,Start -> what-is-nostr; People -> people; Apps -> apps/catalog; Relays -> relay-market-directory; NIPs -> nips/complete-index; Privacy -> privacy-security; Wallets -> nip-47-wallet-connect; Media -> music-video-media; Commerce -> content-sale; Governance -> dao-governance; Crays -> nostr-and-crays; Library -> archive-library,,,0,,,Calendar Events,0,,1,Calendar Events,19,0,0,P3,gezielte redaktionelle Politur und Quellenabgleich
https://www.crays.org/nostr/nips/research/chats/,nips/research/chats,Chats,NIPs,NIP reference pages,NIP-Seite,brauchbar,1389,12,4,4,5,240,273,,Start -> what-is-nostr; People -> people; Apps -> apps/catalog; Relays -> relay-market-directory; NIPs -> nips/complete-index; Privacy -> privacy-security; Wallets -> nip-47-wallet-connect; Media -> music-video-media; Commerce -> content-sale; Governance -> dao-governance; Crays -> nostr-and-crays; Library -> archive-library,,,0,,,Chats,0,,1,Chats,19,0,0,P3,gezielte redaktionelle Politur und Quellenabgleich
https://www.crays.org/nostr/nips/research/chess/,nips/research/chess,Chess,NIPs,NIP reference pages,NIP-Seite,brauchbar,1389,12,4,4,5,240,273,,Start -> what-is-nostr; People -> people; Apps -> apps/catalog; Relays -> relay-market-directory; NIPs -> nips/complete-index; Privacy -> privacy-security; Wallets -> nip-47-wallet-connect; Media -> music-video-media; Commerce -> content-sale; Governance -> dao-governance; Crays -> nostr-and-crays; Library -> archive-library,,,0,,,Chess,0,,1,Chess,19,0,0,P3,gezielte redaktionelle Politur und Quellenabgleich
https://www.crays.org/nostr/nips/research/classified-listings/,nips/research/classified-listings,Classified Listings,NIPs,NIP reference pages,NIP-Seite,brauchbar,1422,12,5,4,5,240,274,,Start -> what-is-nostr; People -> people; Apps -> apps/catalog; Relays -> relay-market-directory; NIPs -> nips/complete-index; Privacy -> privacy-security; Wallets -> nip-47-wallet-connect; Media -> music-video-media; Commerce -> content-sale; Governance -> dao-governance; Crays -> nostr-and-crays; Library -> archive-library,,,0,,,Classified Listings,0,,1,Classified Listings,19,0,0,P3,gezielte redaktionelle Politur und Quellenabgleich
https://www.crays.org/nostr/nips/research/code-snippets/,nips/research/code-snippets,Code Snippets,NIPs,NIP reference pages,NIP-Seite,brauchbar,1428,12,5,4,5,240,273,,Start -> what-is-nostr; People -> people; Apps -> apps/catalog; Relays -> relay-market-directory; NIPs -> nips/complete-index; Privacy -> privacy-security; Wallets -> nip-47-wallet-connect; Media -> music-video-media; Commerce -> content-sale; Governance -> dao-governance; Crays -> nostr-and-crays; Library -> archive-library,,,0,,,Code Snippets,0,,1,Code Snippets,19,0,0,P3,gezielte redaktionelle Politur und Quellenabgleich
https://www.crays.org/nostr/nips/research/comments/,nips/research/comments,Comments,NIPs,NIP reference pages,NIP-Seite,brauchbar,1395,12,4,4,5,240,273,,Start -> what-is-nostr; People -> people; Apps -> apps/catalog; Relays -> relay-market-directory; NIPs -> nips/complete-index; Privacy -> privacy-security; Wallets -> nip-47-wallet-connect; Media -> music-video-media; Commerce -> content-sale; Governance -> dao-governance; Crays -> nostr-and-crays; Library -> archive-library,,,0,,,Comments,0,,1,Comments,19,0,0,P3,gezielte redaktionelle Politur und Quellenabgleich
https://www.crays.org/nostr/nips/research/custom-emoji/,nips/research/custom-emoji,Custom Emoji,NIPs,NIP reference pages,NIP-Seite,brauchbar,1428,12,5,4,5,240,273,,Start -> what-is-nostr; People -> people; Apps -> apps/catalog; Relays -> relay-market-directory; NIPs -> nips/complete-index; Privacy -> privacy-security; Wallets -> nip-47-wallet-connect; Media -> music-video-media; Commerce -> content-sale; Governance -> dao-governance; Crays -> nostr-and-crays; Library -> archive-library,,,0,,,Custom Emoji,0,,1,Custom Emoji,19,0,0,P3,gezielte redaktionelle Politur und Quellenabgleich
https://www.crays.org/nostr/nips/research/data-vending-machines/,nips/research/data-vending-machines,Data Vending Machines,NIPs,NIP reference pages,NIP-Seite,brauchbar,1461,12,5,4,5,240,274,,Start -> what-is-nostr; People -> people; Apps -> apps/catalog; Relays -> relay-market-directory; NIPs -> nips/complete-index; Privacy -> privacy-security; Wallets -> nip-47-wallet-connect; Media -> music-video-media; Commerce -> content-sale; Governance -> dao-governance; Crays -> nostr-and-crays; Library -> archive-library,,,0,,,Data Vending Machines,0,,1,Data Vending Machines,19,0,0,P3,gezielte redaktionelle Politur und Quellenabgleich
https://www.crays.org/nostr/nips/research/dealing-with-unknown-events/,nips/research/dealing-with-unknown-events,Dealing with Unknown Events,NIPs,NIP reference pages,NIP-Seite,brauchbar,1488,12,5,4,5,240,273,,Start -> what-is-nostr; People -> people; Apps -> apps/catalog; Relays -> relay-market-directory; NIPs -> nips/complete-index; Privacy -> privacy-security; Wallets -> nip-47-wallet-connect; Media -> music-video-media; Commerce -> content-sale; Governance -> dao-governance; Crays -> nostr-and-crays; Library -> archive-library,,,0,,,Dealing with Unknown Events,0,,1,Dealing with Unknown Events,19,0,0,P3,gezielte redaktionelle Politur und Quellenabgleich
https://www.crays.org/nostr/nips/research/delegated-event-signing/,nips/research/delegated-event-signing,Delegated Event Signing,NIPs,NIP reference pages,NIP-Seite,brauchbar,1461,12,5,4,5,240,273,,Start -> what-is-nostr; People -> people; Apps -> apps/catalog; Relays -> relay-market-directory; NIPs -> nips/complete-index; Privacy -> privacy-security; Wallets -> nip-47-wallet-connect; Media -> music-video-media; Commerce -> content-sale; Governance -> dao-governance; Crays -> nostr-and-crays; Library -> archive-library,,,0,,,Delegated Event Signing,0,,1,Delegated Event Signing,19,0,0,P3,gezielte redaktionelle Politur und Quellenabgleich
https://www.crays.org/nostr/nips/research/draft-events/,nips/research/draft-events,Draft Events,NIPs,NIP reference pages,NIP-Seite,brauchbar,1422,12,5,4,5,240,273,,Start -> what-is-nostr; People -> people; Apps -> apps/catalog; Relays -> relay-market-directory; NIPs -> nips/complete-index; Privacy -> privacy-security; Wallets -> nip-47-wallet-connect; Media -> music-video-media; Commerce -> content-sale; Governance -> dao-governance; Crays -> nostr-and-crays; Library -> archive-library,,,0,,,Draft Events,0,,1,Draft Events,19,0,0,P3,gezielte redaktionelle Politur und Quellenabgleich
https://www.crays.org/nostr/nips/research/e2ee-messaging-using-mls/,nips/research/e2ee-messaging-using-mls,E2EE Messaging using MLS,NIPs,NIP reference pages,NIP-Seite,brauchbar,1506,12,5,4,5,240,273,,Start -> what-is-nostr; People -> people; Apps -> apps/catalog; Relays -> relay-market-directory; NIPs -> nips/complete-index; Privacy -> privacy-security; Wallets -> nip-47-wallet-connect; Media -> music-video-media; Commerce -> content-sale; Governance -> dao-governance; Crays -> nostr-and-crays; Library -> archive-library,,,0,,,E2EE Messaging using MLS,0,,1,E2EE Messaging using MLS,19,0,0,P3,gezielte redaktionelle Politur und Quellenabgleich
https://www.crays.org/nostr/nips/research/ecash-mint-discoverability/,nips/research/ecash-mint-discoverability,Ecash Mint Discoverability,NIPs,NIP reference pages,NIP-Seite,brauchbar,1461,12,5,4,5,240,273,,Start -> what-is-nostr; People -> people; Apps -> apps/catalog; Relays -> relay-market-directory; NIPs -> nips/complete-index; Privacy -> privacy-security; Wallets -> nip-47-wallet-connect; Media -> music-video-media; Commerce -> content-sale; Governance -> dao-governance; Crays -> nostr-and-crays; Library -> archive-library,,,0,,,Ecash Mint Discoverability,0,,1,Ecash Mint Discoverability,19,0,0,P3,gezielte redaktionelle Politur und Quellenabgleich
https://www.crays.org/nostr/nips/research/encrypted-direct-message/,nips/research/encrypted-direct-message,Encrypted Direct Message,NIPs,NIP reference pages,NIP-Seite,brauchbar,1477,12,5,4,5,240,273,,Start -> what-is-nostr; People -> people; Apps -> apps/catalog; Relays -> relay-market-directory; NIPs -> nips/complete-index; Privacy -> privacy-security; Wallets -> nip-47-wallet-connect; Media -> music-video-media; Commerce -> content-sale; Governance -> dao-governance; Crays -> nostr-and-crays; Library -> archive-library,,,0,,,Encrypted Direct Message,0,,1,Encrypted Direct Message,19,0,0,P3,gezielte redaktionelle Politur und Quellenabgleich
https://www.crays.org/nostr/nips/research/event-deletion-request/,nips/research/event-deletion-request,Event Deletion Request,NIPs,NIP reference pages,NIP-Seite,brauchbar,1461,12,5,4,5,240,273,,Start -> what-is-nostr; People -> people; Apps -> apps/catalog; Relays -> relay-market-directory; NIPs -> nips/complete-index; Privacy -> privacy-security; Wallets -> nip-47-wallet-connect; Media -> music-video-media; Commerce -> content-sale; Governance -> dao-governance; Crays -> nostr-and-crays; Library -> archive-library,,,0,,,Event Deletion Request,0,,1,Event Deletion Request,19,0,0,P3,gezielte redaktionelle Politur und Quellenabgleich
https://www.crays.org/nostr/nips/research/expiration-timestamp/,nips/research/expiration-timestamp,Expiration Timestamp,NIPs,NIP reference pages,NIP-Seite,brauchbar,1428,12,5,4,5,240,274,,Start -> what-is-nostr; People -> people; Apps -> apps/catalog; Relays -> relay-market-directory; NIPs -> nips/complete-index; Privacy -> privacy-security; Wallets -> nip-47-wallet-connect; Media -> music-video-media; Commerce -> content-sale; Governance -> dao-governance; Crays -> nostr-and-crays; Library -> archive-library,,,0,,,Expiration Timestamp,0,,1,Expiration Timestamp,19,0,0,P3,gezielte redaktionelle Politur und Quellenabgleich
https://www.crays.org/nostr/nips/research/external-content-ids/,nips/research/external-content-ids,External Content IDs,NIPs,NIP reference pages,NIP-Seite,brauchbar,1461,12,5,4,5,240,273,,Start -> what-is-nostr; People -> people; Apps -> apps/catalog; Relays -> relay-market-directory; NIPs -> nips/complete-index; Privacy -> privacy-security; Wallets -> nip-47-wallet-connect; Media -> music-video-media; Commerce -> content-sale; Governance -> dao-governance; Crays -> nostr-and-crays; Library -> archive-library,,,0,,,External Content IDs,0,,1,External Content IDs,19,0,0,P3,gezielte redaktionelle Politur und Quellenabgleich
https://www.crays.org/nostr/nips/research/external-identities/,nips/research/external-identities,External Identities,NIPs,NIP reference pages,NIP-Seite,brauchbar,1422,12,5,4,5,240,273,,Start -> what-is-nostr; People -> people; Apps -> apps/catalog; Relays -> relay-market-directory; NIPs -> nips/complete-index; Privacy -> privacy-security; Wallets -> nip-47-wallet-connect; Media -> music-video-media; Commerce -> content-sale; Governance -> dao-governance; Crays -> nostr-and-crays; Library -> archive-library,,,0,,,External Identities,0,,1,External Identities,19,0,0,P3,gezielte redaktionelle Politur und Quellenabgleich
https://www.crays.org/nostr/nips/research/extra-metadata-fields-and-tags/,nips/research/extra-metadata-fields-and-tags,Extra metadata fields and tags,NIPs,NIP reference pages,NIP-Seite,brauchbar,1521,12,5,4,5,240,273,,Start -> what-is-nostr; People -> people; Apps -> apps/catalog; Relays -> relay-market-directory; NIPs -> nips/complete-index; Privacy -> privacy-security; Wallets -> nip-47-wallet-connect; Media -> music-video-media; Commerce -> content-sale; Governance -> dao-governance; Crays -> nostr-and-crays; Library -> archive-library,,,0,,,Extra metadata fields and tags,0,,1,Extra metadata fields and tags,19,0,0,P3,gezielte redaktionelle Politur und Quellenabgleich
https://www.crays.org/nostr/nips/research/file-metadata/,nips/research/file-metadata,File Metadata,NIPs,NIP reference pages,NIP-Seite,brauchbar,1422,12,5,4,5,240,273,,Start -> what-is-nostr; People -> people; Apps -> apps/catalog; Relays -> relay-market-directory; NIPs -> nips/complete-index; Privacy -> privacy-security; Wallets -> nip-47-wallet-connect; Media -> music-video-media; Commerce -> content-sale; Governance -> dao-governance; Crays -> nostr-and-crays; Library -> archive-library,,,0,,,File Metadata,0,,1,File Metadata,19,0,0,P3,gezielte redaktionelle Politur und Quellenabgleich
https://www.crays.org/nostr/nips/research/follow-list/,nips/research/follow-list,Follow List,NIPs,NIP reference pages,NIP-Seite,brauchbar,1428,12,5,4,5,240,273,,Start -> what-is-nostr; People -> people; Apps -> apps/catalog; Relays -> relay-market-directory; NIPs -> nips/complete-index; Privacy -> privacy-security; Wallets -> nip-47-wallet-connect; Media -> music-video-media; Commerce -> content-sale; Governance -> dao-governance; Crays -> nostr-and-crays; Library -> archive-library,,,0,,,Follow List,0,,1,Follow List,19,0,0,P3,gezielte redaktionelle Politur und Quellenabgleich
https://www.crays.org/nostr/nips/research/forum-threads/,nips/research/forum-threads,Forum Threads,NIPs,NIP reference pages,NIP-Seite,brauchbar,1428,12,5,4,5,240,273,,Start -> what-is-nostr; People -> people; Apps -> apps/catalog; Relays -> relay-market-directory; NIPs -> nips/complete-index; Privacy -> privacy-security; Wallets -> nip-47-wallet-connect; Media -> music-video-media; Commerce -> content-sale; Governance -> dao-governance; Crays -> nostr-and-crays; Library -> archive-library,,,0,,,Forum Threads,0,,1,Forum Threads,19,0,0,P3,gezielte redaktionelle Politur und Quellenabgleich
https://www.crays.org/nostr/nips/research/geocaching/,nips/research/geocaching,Geocaching,NIPs,NIP reference pages,NIP-Seite,brauchbar,1395,12,4,4,5,240,273,,Start -> what-is-nostr; People -> people; Apps -> apps/catalog; Relays -> relay-market-directory; NIPs -> nips/complete-index; Privacy -> privacy-security; Wallets -> nip-47-wallet-connect; Media -> music-video-media; Commerce -> content-sale; Governance -> dao-governance; Crays -> nostr-and-crays; Library -> archive-library,,,0,,,Geocaching,0,,1,Geocaching,19,0,0,P3,gezielte redaktionelle Politur und Quellenabgleich
https://www.crays.org/nostr/nips/research/gift-wrap/,nips/research/gift-wrap,Gift Wrap,NIPs,NIP reference pages,NIP-Seite,brauchbar,1428,12,5,4,5,240,273,,Start -> what-is-nostr; People -> people; Apps -> apps/catalog; Relays -> relay-market-directory; NIPs -> nips/complete-index; Privacy -> privacy-security; Wallets -> nip-47-wallet-connect; Media -> music-video-media; Commerce -> content-sale; Governance -> dao-governance; Crays -> nostr-and-crays; Library -> archive-library,,,0,,,Gift Wrap,0,,1,Gift Wrap,19,0,0,P3,gezielte redaktionelle Politur und Quellenabgleich
https://www.crays.org/nostr/nips/research/git-stuff/,nips/research/git-stuff,git stuff,NIPs,NIP reference pages,NIP-Seite,brauchbar,1432,12,5,4,5,240,273,,Start -> what-is-nostr; People -> people; Apps -> apps/catalog; Relays -> relay-market-directory; NIPs -> nips/complete-index; Privacy -> privacy-security; Wallets -> nip-47-wallet-connect; Media -> music-video-media; Commerce -> content-sale; Governance -> dao-governance; Crays -> nostr-and-crays; Library -> archive-library,,,0,,,git stuff,0,,1,git stuff,19,0,0,P3,gezielte redaktionelle Politur und Quellenabgleich
https://www.crays.org/nostr/nips/research/handling-mentions/,nips/research/handling-mentions,Handling Mentions,NIPs,NIP reference pages,NIP-Seite,brauchbar,1444,12,5,4,5,240,273,,Start -> what-is-nostr; People -> people; Apps -> apps/catalog; Relays -> relay-market-directory; NIPs -> nips/complete-index; Privacy -> privacy-security; Wallets -> nip-47-wallet-connect; Media -> music-video-media; Commerce -> content-sale; Governance -> dao-governance; Crays -> nostr-and-crays; Library -> archive-library,,,0,,,Handling Mentions,0,,1,Handling Mentions,19,0,0,P3,gezielte redaktionelle Politur und Quellenabgleich
https://www.crays.org/nostr/nips/research/http-auth/,nips/research/http-auth,HTTP Auth,NIPs,NIP reference pages,NIP-Seite,brauchbar,1422,12,5,4,5,240,273,,Start -> what-is-nostr; People -> people; Apps -> apps/catalog; Relays -> relay-market-directory; NIPs -> nips/complete-index; Privacy -> privacy-security; Wallets -> nip-47-wallet-connect; Media -> music-video-media; Commerce -> content-sale; Governance -> dao-governance; Crays -> nostr-and-crays; Library -> archive-library,,,0,,,HTTP Auth,0,,1,HTTP Auth,19,0,0,P3,gezielte redaktionelle Politur und Quellenabgleich
https://www.crays.org/nostr/nips/research/http-file-storage-integration/,nips/research/http-file-storage-integration,HTTP File Storage Integration,NIPs,NIP reference pages,NIP-Seite,brauchbar,1506,12,5,4,5,240,273,,Start -> what-is-nostr; People -> people; Apps -> apps/catalog; Relays -> relay-market-directory; NIPs -> nips/complete-index; Privacy -> privacy-security; Wallets -> nip-47-wallet-connect; Media -> music-video-media; Commerce -> content-sale; Governance -> dao-governance; Crays -> nostr-and-crays; Library -> archive-library,,,0,,,HTTP File Storage Integration,0,,1,HTTP File Storage Integration,19,0,0,P3,gezielte redaktionelle Politur und Quellenabgleich
https://www.crays.org/nostr/nips/research/labeling/,nips/research/labeling,Labeling,NIPs,NIP reference pages,NIP-Seite,brauchbar,1395,12,4,4,5,240,273,,Start -> what-is-nostr; People -> people; Apps -> apps/catalog; Relays -> relay-market-directory; NIPs -> nips/complete-index; Privacy -> privacy-security; Wallets -> nip-47-wallet-connect; Media -> music-video-media; Commerce -> content-sale; Governance -> dao-governance; Crays -> nostr-and-crays; Library -> archive-library,,,0,,,Labeling,0,,1,Labeling,19,0,0,P3,gezielte redaktionelle Politur und Quellenabgleich
https://www.crays.org/nostr/nips/research/lists/,nips/research/lists,Lists,NIPs,NIP reference pages,NIP-Seite,brauchbar,1395,12,4,4,5,240,274,,Start -> what-is-nostr; People -> people; Apps -> apps/catalog; Relays -> relay-market-directory; NIPs -> nips/complete-index; Privacy -> privacy-security; Wallets -> nip-47-wallet-connect; Media -> music-video-media; Commerce -> content-sale; Governance -> dao-governance; Crays -> nostr-and-crays; Library -> archive-library,,,0,,,Lists,0,,1,Lists,19,0,0,P3,gezielte redaktionelle Politur und Quellenabgleich
https://www.crays.org/nostr/nips/research/live-activities/,nips/research/live-activities,Live Activities,NIPs,NIP reference pages,NIP-Seite,brauchbar,1428,12,5,4,5,240,275,,Start -> what-is-nostr; People -> people; Apps -> apps/catalog; Relays -> relay-market-directory; NIPs -> nips/complete-index; Privacy -> privacy-security; Wallets -> nip-47-wallet-connect; Media -> music-video-media; Commerce -> content-sale; Governance -> dao-governance; Crays -> nostr-and-crays; Library -> archive-library,,,0,,,Live Activities,0,,1,Live Activities,19,0,0,P3,gezielte redaktionelle Politur und Quellenabgleich
https://www.crays.org/nostr/nips/research/mapping-nostr-keys-to-dns-based-identifiers/,nips/research/mapping-nostr-keys-to-dns-based-identifiers,Mapping Nostr keys to DNS-based identifiers,NIPs,NIP reference pages,NIP-Seite,brauchbar,1558,12,5,4,5,240,274,,Start -> what-is-nostr; People -> people; Apps -> apps/catalog; Relays -> relay-market-directory; NIPs -> nips/complete-index; Privacy -> privacy-security; Wallets -> nip-47-wallet-connect; Media -> music-video-media; Commerce -> content-sale; Governance -> dao-governance; Crays -> nostr-and-crays; Library -> archive-library,,,0,,,Mapping Nostr keys to DNS-based identifiers,0,,1,Mapping Nostr keys to DNS-based identifiers,18,0,0,P3,gezielte redaktionelle Politur und Quellenabgleich
https://www.crays.org/nostr/nips/research/moderated-communities/,nips/research/moderated-communities,Moderated Communities,NIPs,NIP reference pages,NIP-Seite,brauchbar,1438,12,5,4,5,240,274,,Start -> what-is-nostr; People -> people; Apps -> apps/catalog; Relays -> relay-market-directory; NIPs -> nips/complete-index; Privacy -> privacy-security; Wallets -> nip-47-wallet-connect; Media -> music-video-media; Commerce -> content-sale; Governance -> dao-governance; Crays -> nostr-and-crays; Library -> archive-library,,,0,,,Moderated Communities,0,,1,Moderated Communities,19,0,0,P3,gezielte redaktionelle Politur und Quellenabgleich
https://www.crays.org/nostr/nips/research/negentropy-syncing/,nips/research/negentropy-syncing,Negentropy Syncing,NIPs,NIP reference pages,NIP-Seite,brauchbar,1426,12,5,4,5,240,273,,Start -> what-is-nostr; People -> people; Apps -> apps/catalog; Relays -> relay-market-directory; NIPs -> nips/complete-index; Privacy -> privacy-security; Wallets -> nip-47-wallet-connect; Media -> music-video-media; Commerce -> content-sale; Governance -> dao-governance; Crays -> nostr-and-crays; Library -> archive-library,,,0,,,Negentropy Syncing,0,,1,Negentropy Syncing,19,0,0,P3,gezielte redaktionelle Politur und Quellenabgleich
https://www.crays.org/nostr/nips/research/nip-01-basic-protocol-flow/,nips/research/nip-01-basic-protocol-flow,NIP-01: Basic protocol flow,NIPs,NIP reference pages,NIP-Seite,brauchbar,1491,12,5,4,5,240,274,,Start -> what-is-nostr; People -> people; Apps -> apps/catalog; Relays -> relay-market-directory; NIPs -> nips/complete-index; Privacy -> privacy-security; Wallets -> nip-47-wallet-connect; Media -> music-video-media; Commerce -> content-sale; Governance -> dao-governance; Crays -> nostr-and-crays; Library -> archive-library,,,0,,,NIP-01: Basic protocol flow,0,,1,NIP-01: Basic protocol flow,19,0,0,P3,gezielte redaktionelle Politur und Quellenabgleich
https://www.crays.org/nostr/nips/research/nip-02-follow-list/,nips/research/nip-02-follow-list,NIP-02: Follow List,NIPs,NIP reference pages,NIP-Seite,brauchbar,1457,12,5,4,5,240,273,,Start -> what-is-nostr; People -> people; Apps -> apps/catalog; Relays -> relay-market-directory; NIPs -> nips/complete-index; Privacy -> privacy-security; Wallets -> nip-47-wallet-connect; Media -> music-video-media; Commerce -> content-sale; Governance -> dao-governance; Crays -> nostr-and-crays; Library -> archive-library,,,0,,,NIP-02: Follow List,0,,1,NIP-02: Follow List,19,0,0,P3,gezielte redaktionelle Politur und Quellenabgleich
https://www.crays.org/nostr/nips/research/nip-03-opentimestamps-attestations/,nips/research/nip-03-opentimestamps-attestations,NIP-03: OpenTimestamps Attestations,NIPs,NIP reference pages,NIP-Seite,brauchbar,1467,12,5,4,5,240,273,,Start -> what-is-nostr; People -> people; Apps -> apps/catalog; Relays -> relay-market-directory; NIPs -> nips/complete-index; Privacy -> privacy-security; Wallets -> nip-47-wallet-connect; Media -> music-video-media; Commerce -> content-sale; Governance -> dao-governance; Crays -> nostr-and-crays; Library -> archive-library,,,0,,,NIP-03: OpenTimestamps Attestations,0,,1,NIP-03: OpenTimestamps Attestations,19,0,0,P3,gezielte redaktionelle Politur und Quellenabgleich
https://www.crays.org/nostr/nips/research/nip-04-encrypted-direct-message/,nips/research/nip-04-encrypted-direct-message,NIP-04: Encrypted Direct Message,NIPs,NIP reference pages,NIP-Seite,brauchbar,1506,12,5,4,5,240,273,,Start -> what-is-nostr; People -> people; Apps -> apps/catalog; Relays -> relay-market-directory; NIPs -> nips/complete-index; Privacy -> privacy-security; Wallets -> nip-47-wallet-connect; Media -> music-video-media; Commerce -> content-sale; Governance -> dao-governance; Crays -> nostr-and-crays; Library -> archive-library,,,0,,,NIP-04: Encrypted Direct Message,0,,1,NIP-04: Encrypted Direct Message,19,0,0,P3,gezielte redaktionelle Politur und Quellenabgleich
https://www.crays.org/nostr/nips/research/nip-05-mapping-nostr-keys-to-dns-based-identifiers/,nips/research/nip-05-mapping-nostr-keys-to-dns-based-identifiers,NIP-05: Mapping Nostr keys to DNS-based identifiers,NIPs,NIP reference pages,NIP-Seite,brauchbar,1587,12,5,4,5,240,274,,Start -> what-is-nostr; People -> people; Apps -> apps/catalog; Relays -> relay-market-directory; NIPs -> nips/complete-index; Privacy -> privacy-security; Wallets -> nip-47-wallet-connect; Media -> music-video-media; Commerce -> content-sale; Governance -> dao-governance; Crays -> nostr-and-crays; Library -> archive-library,,,0,,,NIP-05: Mapping Nostr keys to DNS-based identifiers,0,,1,NIP-05: Mapping Nostr keys to DNS-based identifiers,18,0,0,P3,gezielte redaktionelle Politur und Quellenabgleich
https://www.crays.org/nostr/nips/research/nip-06-basic-key-derivation-from-mnemonic-seed-phrase/,nips/research/nip-06-basic-key-derivation-from-mnemonic-seed-phrase,NIP-06: Basic key derivation from mnemonic seed phrase,NIPs,NIP reference pages,NIP-Seite,brauchbar,1526,11,5,4,5,240,273,,Start -> what-is-nostr; People -> people; Apps -> apps/catalog; Relays -> relay-market-directory; NIPs -> nips/complete-index; Privacy -> privacy-security; Wallets -> nip-47-wallet-connect; Media -> music-video-media; Commerce -> content-sale; Governance -> dao-governance; Crays -> nostr-and-crays; Library -> archive-library,,,0,,,NIP-06: Basic key derivation from mnemonic seed phrase,0,,1,NIP-06: Basic key derivation from mnemonic seed phrase,19,0,0,P3,gezielte redaktionelle Politur und Quellenabgleich
https://www.crays.org/nostr/nips/research/nip-07-window-nostr-capability-for-web-browsers/,nips/research/nip-07-window-nostr-capability-for-web-browsers,NIP-07: window.nostr capability for web browsers,NIPs,NIP reference pages,NIP-Seite,brauchbar,1593,12,5,4,5,240,273,,Start -> what-is-nostr; People -> people; Apps -> apps/catalog; Relays -> relay-market-directory; NIPs -> nips/complete-index; Privacy -> privacy-security; Wallets -> nip-47-wallet-connect; Media -> music-video-media; Commerce -> content-sale; Governance -> dao-governance; Crays -> nostr-and-crays; Library -> archive-library,,,0,,,NIP-07: window.nostr capability for web browsers,0,,1,NIP-07: window.nostr capability for web browsers,18,0,0,P3,gezielte redaktionelle Politur und Quellenabgleich
https://www.crays.org/nostr/nips/research/nip-08-handling-mentions/,nips/research/nip-08-handling-mentions,NIP-08: Handling Mentions,NIPs,NIP reference pages,NIP-Seite,brauchbar,1473,12,5,4,5,240,273,,Start -> what-is-nostr; People -> people; Apps -> apps/catalog; Relays -> relay-market-directory; NIPs -> nips/complete-index; Privacy -> privacy-security; Wallets -> nip-47-wallet-connect; Media -> music-video-media; Commerce -> content-sale; Governance -> dao-governance; Crays -> nostr-and-crays; Library -> archive-library,,,0,,,NIP-08: Handling Mentions,0,,1,NIP-08: Handling Mentions,19,0,0,P3,gezielte redaktionelle Politur und Quellenabgleich
https://www.crays.org/nostr/nips/research/nip-09-event-deletion-request/,nips/research/nip-09-event-deletion-request,NIP-09: Event Deletion Request,NIPs,NIP reference pages,NIP-Seite,brauchbar,1490,12,5,4,5,240,273,,Start -> what-is-nostr; People -> people; Apps -> apps/catalog; Relays -> relay-market-directory; NIPs -> nips/complete-index; Privacy -> privacy-security; Wallets -> nip-47-wallet-connect; Media -> music-video-media; Commerce -> content-sale; Governance -> dao-governance; Crays -> nostr-and-crays; Library -> archive-library,,,0,,,NIP-09: Event Deletion Request,0,,1,NIP-09: Event Deletion Request,19,0,0,P3,gezielte redaktionelle Politur und Quellenabgleich
https://www.crays.org/nostr/nips/research/nip-10-text-notes-and-threads/,nips/research/nip-10-text-notes-and-threads,NIP-10: Text Notes and Threads,NIPs,NIP reference pages,NIP-Seite,brauchbar,1527,12,5,4,5,240,273,,Start -> what-is-nostr; People -> people; Apps -> apps/catalog; Relays -> relay-market-directory; NIPs -> nips/complete-index; Privacy -> privacy-security; Wallets -> nip-47-wallet-connect; Media -> music-video-media; Commerce -> content-sale; Governance -> dao-governance; Crays -> nostr-and-crays; Library -> archive-library,,,0,,,NIP-10: Text Notes and Threads,0,,1,NIP-10: Text Notes and Threads,19,0,0,P3,gezielte redaktionelle Politur und Quellenabgleich
https://www.crays.org/nostr/nips/research/nip-13-proof-of-work/,nips/research/nip-13-proof-of-work,NIP-13: Proof of Work,NIPs,NIP reference pages,NIP-Seite,brauchbar,1488,12,5,4,5,240,274,,Start -> what-is-nostr; People -> people; Apps -> apps/catalog; Relays -> relay-market-directory; NIPs -> nips/complete-index; Privacy -> privacy-security; Wallets -> nip-47-wallet-connect; Media -> music-video-media; Commerce -> content-sale; Governance -> dao-governance; Crays -> nostr-and-crays; Library -> archive-library,,,0,,,NIP-13: Proof of Work,0,,1,NIP-13: Proof of Work,19,0,0,P3,gezielte redaktionelle Politur und Quellenabgleich
https://www.crays.org/nostr/nips/research/nip-14-subject-tag/,nips/research/nip-14-subject-tag,NIP-14: Subject tag,NIPs,NIP reference pages,NIP-Seite,brauchbar,1455,12,5,4,5,240,273,,Start -> what-is-nostr; People -> people; Apps -> apps/catalog; Relays -> relay-market-directory; NIPs -> nips/complete-index; Privacy -> privacy-security; Wallets -> nip-47-wallet-connect; Media -> music-video-media; Commerce -> content-sale; Governance -> dao-governance; Crays -> nostr-and-crays; Library -> archive-library,,,0,,,NIP-14: Subject tag,0,,1,NIP-14: Subject tag,19,0,0,P3,gezielte redaktionelle Politur und Quellenabgleich
https://www.crays.org/nostr/nips/research/nip-17-private-direct-messages/,nips/research/nip-17-private-direct-messages,NIP-17: Private Direct Messages,NIPs,NIP reference pages,NIP-Seite,brauchbar,1494,12,5,4,5,240,274,,Start -> what-is-nostr; People -> people; Apps -> apps/catalog; Relays -> relay-market-directory; NIPs -> nips/complete-index; Privacy -> privacy-security; Wallets -> nip-47-wallet-connect; Media -> music-video-media; Commerce -> content-sale; Governance -> dao-governance; Crays -> nostr-and-crays; Library -> archive-library,,,0,,,NIP-17: Private Direct Messages,0,,1,NIP-17: Private Direct Messages,19,0,0,P3,gezielte redaktionelle Politur und Quellenabgleich
https://www.crays.org/nostr/nips/research/nip-18-reposts/,nips/research/nip-18-reposts,NIP-18: Reposts,NIPs,NIP reference pages,NIP-Seite,brauchbar,1428,12,5,4,5,240,273,,Start -> what-is-nostr; People -> people; Apps -> apps/catalog; Relays -> relay-market-directory; NIPs -> nips/complete-index; Privacy -> privacy-security; Wallets -> nip-47-wallet-connect; Media -> music-video-media; Commerce -> content-sale; Governance -> dao-governance; Crays -> nostr-and-crays; Library -> archive-library,,,0,,,NIP-18: Reposts,0,,1,NIP-18: Reposts,19,0,0,P3,gezielte redaktionelle Politur und Quellenabgleich
https://www.crays.org/nostr/nips/research/nip-19-bech32-encoded-entities/,nips/research/nip-19-bech32-encoded-entities,NIP-19: bech32-encoded entities,NIPs,NIP reference pages,NIP-Seite,brauchbar,1455,12,5,4,5,240,273,,Start -> what-is-nostr; People -> people; Apps -> apps/catalog; Relays -> relay-market-directory; NIPs -> nips/complete-index; Privacy -> privacy-security; Wallets -> nip-47-wallet-connect; Media -> music-video-media; Commerce -> content-sale; Governance -> dao-governance; Crays -> nostr-and-crays; Library -> archive-library,,,0,,,NIP-19: bech32-encoded entities,0,,1,NIP-19: bech32-encoded entities,18,0,0,P3,gezielte redaktionelle Politur und Quellenabgleich
https://www.crays.org/nostr/nips/research/nip-21-nostr-uri-scheme/,nips/research/nip-21-nostr-uri-scheme,NIP-21: nostr: URI scheme,NIPs,NIP reference pages,NIP-Seite,brauchbar,1494,12,5,4,5,240,273,,Start -> what-is-nostr; People -> people; Apps -> apps/catalog; Relays -> relay-market-directory; NIPs -> nips/complete-index; Privacy -> privacy-security; Wallets -> nip-47-wallet-connect; Media -> music-video-media; Commerce -> content-sale; Governance -> dao-governance; Crays -> nostr-and-crays; Library -> archive-library,,,0,,,NIP-21: nostr: URI scheme,0,,1,NIP-21: nostr: URI scheme,19,0,0,P3,gezielte redaktionelle Politur und Quellenabgleich
https://www.crays.org/nostr/nips/research/nip-22-comments/,nips/research/nip-22-comments,NIP-22: Comments,NIPs,NIP reference pages,NIP-Seite,brauchbar,1424,12,5,4,5,240,273,,Start -> what-is-nostr; People -> people; Apps -> apps/catalog; Relays -> relay-market-directory; NIPs -> nips/complete-index; Privacy -> privacy-security; Wallets -> nip-47-wallet-connect; Media -> music-video-media; Commerce -> content-sale; Governance -> dao-governance; Crays -> nostr-and-crays; Library -> archive-library,,,0,,,NIP-22: Comments,0,,1,NIP-22: Comments,19,0,0,P3,gezielte redaktionelle Politur und Quellenabgleich
https://www.crays.org/nostr/nips/research/nip-24-extra-metadata-fields-and-tags/,nips/research/nip-24-extra-metadata-fields-and-tags,NIP-24: Extra metadata fields and tags,NIPs,NIP reference pages,NIP-Seite,brauchbar,1550,12,5,4,5,240,273,,Start -> what-is-nostr; People -> people; Apps -> apps/catalog; Relays -> relay-market-directory; NIPs -> nips/complete-index; Privacy -> privacy-security; Wallets -> nip-47-wallet-connect; Media -> music-video-media; Commerce -> content-sale; Governance -> dao-governance; Crays -> nostr-and-crays; Library -> archive-library,,,0,,,NIP-24: Extra metadata fields and tags,0,,1,NIP-24: Extra metadata fields and tags,19,0,0,P3,gezielte redaktionelle Politur und Quellenabgleich
https://www.crays.org/nostr/nips/research/nip-25-reactions/,nips/research/nip-25-reactions,NIP-25: Reactions,NIPs,NIP reference pages,NIP-Seite,brauchbar,1428,12,5,4,5,240,273,,Start -> what-is-nostr; People -> people; Apps -> apps/catalog; Relays -> relay-market-directory; NIPs -> nips/complete-index; Privacy -> privacy-security; Wallets -> nip-47-wallet-connect; Media -> music-video-media; Commerce -> content-sale; Governance -> dao-governance; Crays -> nostr-and-crays; Library -> archive-library,,,0,,,NIP-25: Reactions,0,,1,NIP-25: Reactions,19,0,0,P3,gezielte redaktionelle Politur und Quellenabgleich
https://www.crays.org/nostr/nips/research/nip-26-delegated-event-signing/,nips/research/nip-26-delegated-event-signing,NIP-26: Delegated Event Signing,NIPs,NIP reference pages,NIP-Seite,brauchbar,1490,12,5,4,5,240,273,,Start -> what-is-nostr; People -> people; Apps -> apps/catalog; Relays -> relay-market-directory; NIPs -> nips/complete-index; Privacy -> privacy-security; Wallets -> nip-47-wallet-connect; Media -> music-video-media; Commerce -> content-sale; Governance -> dao-governance; Crays -> nostr-and-crays; Library -> archive-library,,,0,,,NIP-26: Delegated Event Signing,0,,1,NIP-26: Delegated Event Signing,19,0,0,P3,gezielte redaktionelle Politur und Quellenabgleich
https://www.crays.org/nostr/nips/research/nip-27-text-note-references/,nips/research/nip-27-text-note-references,NIP-27: Text Note References,NIPs,NIP reference pages,NIP-Seite,brauchbar,1494,12,5,4,5,240,273,,Start -> what-is-nostr; People -> people; Apps -> apps/catalog; Relays -> relay-market-directory; NIPs -> nips/complete-index; Privacy -> privacy-security; Wallets -> nip-47-wallet-connect; Media -> music-video-media; Commerce -> content-sale; Governance -> dao-governance; Crays -> nostr-and-crays; Library -> archive-library,,,0,,,NIP-27: Text Note References,0,,1,NIP-27: Text Note References,19,0,0,P3,gezielte redaktionelle Politur und Quellenabgleich
https://www.crays.org/nostr/nips/research/nip-28-public-chat/,nips/research/nip-28-public-chat,NIP-28: Public Chat,NIPs,NIP reference pages,NIP-Seite,brauchbar,1461,12,5,4,5,240,273,,Start -> what-is-nostr; People -> people; Apps -> apps/catalog; Relays -> relay-market-directory; NIPs -> nips/complete-index; Privacy -> privacy-security; Wallets -> nip-47-wallet-connect; Media -> music-video-media; Commerce -> content-sale; Governance -> dao-governance; Crays -> nostr-and-crays; Library -> archive-library,,,0,,,NIP-28: Public Chat,0,,1,NIP-28: Public Chat,19,0,0,P3,gezielte redaktionelle Politur und Quellenabgleich
https://www.crays.org/nostr/nips/research/nip-30-custom-emoji/,nips/research/nip-30-custom-emoji,NIP-30: Custom Emoji,NIPs,NIP reference pages,NIP-Seite,brauchbar,1457,12,5,4,5,240,273,,Start -> what-is-nostr; People -> people; Apps -> apps/catalog; Relays -> relay-market-directory; NIPs -> nips/complete-index; Privacy -> privacy-security; Wallets -> nip-47-wallet-connect; Media -> music-video-media; Commerce -> content-sale; Governance -> dao-governance; Crays -> nostr-and-crays; Library -> archive-library,,,0,,,NIP-30: Custom Emoji,0,,1,NIP-30: Custom Emoji,19,0,0,P3,gezielte redaktionelle Politur und Quellenabgleich
https://www.crays.org/nostr/nips/research/nip-31-dealing-with-unknown-events/,nips/research/nip-31-dealing-with-unknown-events,NIP-31: Dealing with Unknown Events,NIPs,NIP reference pages,NIP-Seite,brauchbar,1517,12,5,4,5,240,273,,Start -> what-is-nostr; People -> people; Apps -> apps/catalog; Relays -> relay-market-directory; NIPs -> nips/complete-index; Privacy -> privacy-security; Wallets -> nip-47-wallet-connect; Media -> music-video-media; Commerce -> content-sale; Governance -> dao-governance; Crays -> nostr-and-crays; Library -> archive-library,,,0,,,NIP-31: Dealing with Unknown Events,0,,1,NIP-31: Dealing with Unknown Events,19,0,0,P3,gezielte redaktionelle Politur und Quellenabgleich
https://www.crays.org/nostr/nips/research/nip-32-labeling/,nips/research/nip-32-labeling,NIP-32: Labeling,NIPs,NIP reference pages,NIP-Seite,brauchbar,1424,12,5,4,5,240,273,,Start -> what-is-nostr; People -> people; Apps -> apps/catalog; Relays -> relay-market-directory; NIPs -> nips/complete-index; Privacy -> privacy-security; Wallets -> nip-47-wallet-connect; Media -> music-video-media; Commerce -> content-sale; Governance -> dao-governance; Crays -> nostr-and-crays; Library -> archive-library,,,0,,,NIP-32: Labeling,0,,1,NIP-32: Labeling,19,0,0,P3,gezielte redaktionelle Politur und Quellenabgleich
https://www.crays.org/nostr/nips/research/nip-34-git-stuff/,nips/research/nip-34-git-stuff,NIP-34: git stuff,NIPs,NIP reference pages,NIP-Seite,brauchbar,1461,12,5,4,5,240,273,,Start -> what-is-nostr; People -> people; Apps -> apps/catalog; Relays -> relay-market-directory; NIPs -> nips/complete-index; Privacy -> privacy-security; Wallets -> nip-47-wallet-connect; Media -> music-video-media; Commerce -> content-sale; Governance -> dao-governance; Crays -> nostr-and-crays; Library -> archive-library,,,0,,,NIP-34: git stuff,0,,1,NIP-34: git stuff,19,0,0,P3,gezielte redaktionelle Politur und Quellenabgleich
https://www.crays.org/nostr/nips/research/nip-35-torrents/,nips/research/nip-35-torrents,NIP-35: Torrents,NIPs,NIP reference pages,NIP-Seite,brauchbar,1428,12,5,4,5,240,273,,Start -> what-is-nostr; People -> people; Apps -> apps/catalog; Relays -> relay-market-directory; NIPs -> nips/complete-index; Privacy -> privacy-security; Wallets -> nip-47-wallet-connect; Media -> music-video-media; Commerce -> content-sale; Governance -> dao-governance; Crays -> nostr-and-crays; Library -> archive-library,,,0,,,NIP-35: Torrents,0,,1,NIP-35: Torrents,19,0,0,P3,gezielte redaktionelle Politur und Quellenabgleich
https://www.crays.org/nostr/nips/research/nip-36-sensitive-content/,nips/research/nip-36-sensitive-content,NIP-36: Sensitive Content,NIPs,NIP reference pages,NIP-Seite,brauchbar,1461,12,5,4,5,240,273,,Start -> what-is-nostr; People -> people; Apps -> apps/catalog; Relays -> relay-market-directory; NIPs -> nips/complete-index; Privacy -> privacy-security; Wallets -> nip-47-wallet-connect; Media -> music-video-media; Commerce -> content-sale; Governance -> dao-governance; Crays -> nostr-and-crays; Library -> archive-library,,,0,,,NIP-36: Sensitive Content,0,,1,NIP-36: Sensitive Content,19,0,0,P3,gezielte redaktionelle Politur und Quellenabgleich
https://www.crays.org/nostr/nips/research/nip-37-draft-events/,nips/research/nip-37-draft-events,NIP-37: Draft Events,NIPs,NIP reference pages,NIP-Seite,brauchbar,1451,12,5,4,5,240,273,,Start -> what-is-nostr; People -> people; Apps -> apps/catalog; Relays -> relay-market-directory; NIPs -> nips/complete-index; Privacy -> privacy-security; Wallets -> nip-47-wallet-connect; Media -> music-video-media; Commerce -> content-sale; Governance -> dao-governance; Crays -> nostr-and-crays; Library -> archive-library,,,0,,,NIP-37: Draft Events,0,,1,NIP-37: Draft Events,19,0,0,P3,gezielte redaktionelle Politur und Quellenabgleich
https://www.crays.org/nostr/nips/research/nip-38-user-statuses/,nips/research/nip-38-user-statuses,NIP-38: User Statuses,NIPs,NIP reference pages,NIP-Seite,brauchbar,1455,12,5,4,5,240,273,,Start -> what-is-nostr; People -> people; Apps -> apps/catalog; Relays -> relay-market-directory; NIPs -> nips/complete-index; Privacy -> privacy-security; Wallets -> nip-47-wallet-connect; Media -> music-video-media; Commerce -> content-sale; Governance -> dao-governance; Crays -> nostr-and-crays; Library -> archive-library,,,0,,,NIP-38: User Statuses,0,,1,NIP-38: User Statuses,19,0,0,P3,gezielte redaktionelle Politur und Quellenabgleich
https://www.crays.org/nostr/nips/research/nip-39-external-identities/,nips/research/nip-39-external-identities,NIP-39: External Identities,NIPs,NIP reference pages,NIP-Seite,brauchbar,1451,12,5,4,5,240,273,,Start -> what-is-nostr; People -> people; Apps -> apps/catalog; Relays -> relay-market-directory; NIPs -> nips/complete-index; Privacy -> privacy-security; Wallets -> nip-47-wallet-connect; Media -> music-video-media; Commerce -> content-sale; Governance -> dao-governance; Crays -> nostr-and-crays; Library -> archive-library,,,0,,,NIP-39: External Identities,0,,1,NIP-39: External Identities,19,0,0,P3,gezielte redaktionelle Politur und Quellenabgleich
https://www.crays.org/nostr/nips/research/nip-40-expiration-timestamp/,nips/research/nip-40-expiration-timestamp,NIP-40: Expiration Timestamp,NIPs,NIP reference pages,NIP-Seite,brauchbar,1457,12,5,4,5,240,274,,Start -> what-is-nostr; People -> people; Apps -> apps/catalog; Relays -> relay-market-directory; NIPs -> nips/complete-index; Privacy -> privacy-security; Wallets -> nip-47-wallet-connect; Media -> music-video-media; Commerce -> content-sale; Governance -> dao-governance; Crays -> nostr-and-crays; Library -> archive-library,,,0,,,NIP-40: Expiration Timestamp,0,,1,NIP-40: Expiration Timestamp,19,0,0,P3,gezielte redaktionelle Politur und Quellenabgleich
https://www.crays.org/nostr/nips/research/nip-44-versioned-encryption/,nips/research/nip-44-versioned-encryption,NIP-44: Versioned Encryption,NIPs,NIP reference pages,NIP-Seite,brauchbar,1455,12,5,4,5,240,273,,Start -> what-is-nostr; People -> people; Apps -> apps/catalog; Relays -> relay-market-directory; NIPs -> nips/complete-index; Privacy -> privacy-security; Wallets -> nip-47-wallet-connect; Media -> music-video-media; Commerce -> content-sale; Governance -> dao-governance; Crays -> nostr-and-crays; Library -> archive-library,,,0,,,NIP-44: Versioned Encryption,0,,1,NIP-44: Versioned Encryption,18,0,0,P3,gezielte redaktionelle Politur und Quellenabgleich
https://www.crays.org/nostr/nips/research/nip-45-counting-results/,nips/research/nip-45-counting-results,NIP-45: Counting Results,NIPs,NIP reference pages,NIP-Seite,brauchbar,1457,12,5,4,5,240,273,,Start -> what-is-nostr; People -> people; Apps -> apps/catalog; Relays -> relay-market-directory; NIPs -> nips/complete-index; Privacy -> privacy-security; Wallets -> nip-47-wallet-connect; Media -> music-video-media; Commerce -> content-sale; Governance -> dao-governance; Crays -> nostr-and-crays; Library -> archive-library,,,0,,,NIP-45: Counting Results,0,,1,NIP-45: Counting Results,19,0,0,P3,gezielte redaktionelle Politur und Quellenabgleich
https://www.crays.org/nostr/nips/research/nip-46-nostr-remote-signing/,nips/research/nip-46-nostr-remote-signing,NIP-46: Nostr Remote Signing,NIPs,NIP reference pages,NIP-Seite,brauchbar,1500,12,5,4,5,240,273,,Start -> what-is-nostr; People -> people; Apps -> apps/catalog; Relays -> relay-market-directory; NIPs -> nips/complete-index; Privacy -> privacy-security; Wallets -> nip-47-wallet-connect; Media -> music-video-media; Commerce -> content-sale; Governance -> dao-governance; Crays -> nostr-and-crays; Library -> archive-library,,,0,,,NIP-46: Nostr Remote Signing,0,,1,NIP-46: Nostr Remote Signing,18,0,0,P3,gezielte redaktionelle Politur und Quellenabgleich
https://www.crays.org/nostr/nips/research/nip-48-bridged-events/,nips/research/nip-48-bridged-events,NIP-48: Bridged Events,NIPs,NIP reference pages,NIP-Seite,brauchbar,1451,12,5,4,5,240,273,,Start -> what-is-nostr; People -> people; Apps -> apps/catalog; Relays -> relay-market-directory; NIPs -> nips/complete-index; Privacy -> privacy-security; Wallets -> nip-47-wallet-connect; Media -> music-video-media; Commerce -> content-sale; Governance -> dao-governance; Crays -> nostr-and-crays; Library -> archive-library,,,0,,,NIP-48: Bridged Events,0,,1,NIP-48: Bridged Events,19,0,0,P3,gezielte redaktionelle Politur und Quellenabgleich
https://www.crays.org/nostr/nips/research/nip-49-private-key-encryption/,nips/research/nip-49-private-key-encryption,NIP-49: Private Key Encryption,NIPs,NIP reference pages,NIP-Seite,brauchbar,1495,12,5,4,5,240,273,,Start -> what-is-nostr; People -> people; Apps -> apps/catalog; Relays -> relay-market-directory; NIPs -> nips/complete-index; Privacy -> privacy-security; Wallets -> nip-47-wallet-connect; Media -> music-video-media; Commerce -> content-sale; Governance -> dao-governance; Crays -> nostr-and-crays; Library -> archive-library,,,0,,,NIP-49: Private Key Encryption,0,,1,NIP-49: Private Key Encryption,18,0,0,P3,gezielte redaktionelle Politur und Quellenabgleich
https://www.crays.org/nostr/nips/research/nip-50-search-capability/,nips/research/nip-50-search-capability,NIP-50: Search Capability,NIPs,NIP reference pages,NIP-Seite,brauchbar,1455,12,5,4,5,240,273,,Start -> what-is-nostr; People -> people; Apps -> apps/catalog; Relays -> relay-market-directory; NIPs -> nips/complete-index; Privacy -> privacy-security; Wallets -> nip-47-wallet-connect; Media -> music-video-media; Commerce -> content-sale; Governance -> dao-governance; Crays -> nostr-and-crays; Library -> archive-library,,,0,,,NIP-50: Search Capability,0,,1,NIP-50: Search Capability,19,0,0,P3,gezielte redaktionelle Politur und Quellenabgleich
https://www.crays.org/nostr/nips/research/nip-51-lists/,nips/research/nip-51-lists,NIP-51: Lists,NIPs,NIP reference pages,NIP-Seite,brauchbar,1424,12,5,4,5,240,274,,Start -> what-is-nostr; People -> people; Apps -> apps/catalog; Relays -> relay-market-directory; NIPs -> nips/complete-index; Privacy -> privacy-security; Wallets -> nip-47-wallet-connect; Media -> music-video-media; Commerce -> content-sale; Governance -> dao-governance; Crays -> nostr-and-crays; Library -> archive-library,,,0,,,NIP-51: Lists,0,,1,NIP-51: Lists,19,0,0,P3,gezielte redaktionelle Politur und Quellenabgleich
https://www.crays.org/nostr/nips/research/nip-52-calendar-events/,nips/research/nip-52-calendar-events,NIP-52: Calendar Events,NIPs,NIP reference pages,NIP-Seite,brauchbar,1451,12,5,4,5,240,274,,Start -> what-is-nostr; People -> people; Apps -> apps/catalog; Relays -> relay-market-directory; NIPs -> nips/complete-index; Privacy -> privacy-security; Wallets -> nip-47-wallet-connect; Media -> music-video-media; Commerce -> content-sale; Governance -> dao-governance; Crays -> nostr-and-crays; Library -> archive-library,,,0,,,NIP-52: Calendar Events,0,,1,NIP-52: Calendar Events,19,0,0,P3,gezielte redaktionelle Politur und Quellenabgleich
https://www.crays.org/nostr/nips/research/nip-53-live-activities/,nips/research/nip-53-live-activities,NIP-53: Live Activities,NIPs,NIP reference pages,NIP-Seite,brauchbar,1457,12,5,4,5,240,275,,Start -> what-is-nostr; People -> people; Apps -> apps/catalog; Relays -> relay-market-directory; NIPs -> nips/complete-index; Privacy -> privacy-security; Wallets -> nip-47-wallet-connect; Media -> music-video-media; Commerce -> content-sale; Governance -> dao-governance; Crays -> nostr-and-crays; Library -> archive-library,,,0,,,NIP-53: Live Activities,0,,1,NIP-53: Live Activities,19,0,0,P3,gezielte redaktionelle Politur und Quellenabgleich
https://www.crays.org/nostr/nips/research/nip-54-wiki/,nips/research/nip-54-wiki,NIP-54: Wiki,NIPs,NIP reference pages,NIP-Seite,brauchbar,1428,12,5,4,5,240,273,,Start -> what-is-nostr; People -> people; Apps -> apps/catalog; Relays -> relay-market-directory; NIPs -> nips/complete-index; Privacy -> privacy-security; Wallets -> nip-47-wallet-connect; Media -> music-video-media; Commerce -> content-sale; Governance -> dao-governance; Crays -> nostr-and-crays; Library -> archive-library,,,0,,,NIP-54: Wiki,0,,1,NIP-54: Wiki,19,0,0,P3,gezielte redaktionelle Politur und Quellenabgleich
https://www.crays.org/nostr/nips/research/nip-55-android-signer-application/,nips/research/nip-55-android-signer-application,NIP-55: Android Signer Application,NIPs,NIP reference pages,NIP-Seite,brauchbar,1490,12,5,4,5,240,273,,Start -> what-is-nostr; People -> people; Apps -> apps/catalog; Relays -> relay-market-directory; NIPs -> nips/complete-index; Privacy -> privacy-security; Wallets -> nip-47-wallet-connect; Media -> music-video-media; Commerce -> content-sale; Governance -> dao-governance; Crays -> nostr-and-crays; Library -> archive-library,,,0,,,NIP-55: Android Signer Application,0,,1,NIP-55: Android Signer Application,18,0,0,P3,gezielte redaktionelle Politur und Quellenabgleich
https://www.crays.org/nostr/nips/research/nip-56-reporting/,nips/research/nip-56-reporting,NIP-56: Reporting,NIPs,NIP reference pages,NIP-Seite,brauchbar,1428,12,5,4,5,240,273,,Start -> what-is-nostr; People -> people; Apps -> apps/catalog; Relays -> relay-market-directory; NIPs -> nips/complete-index; Privacy -> privacy-security; Wallets -> nip-47-wallet-connect; Media -> music-video-media; Commerce -> content-sale; Governance -> dao-governance; Crays -> nostr-and-crays; Library -> archive-library,,,0,,,NIP-56: Reporting,0,,1,NIP-56: Reporting,19,0,0,P3,gezielte redaktionelle Politur und Quellenabgleich
https://www.crays.org/nostr/nips/research/nip-59-gift-wrap/,nips/research/nip-59-gift-wrap,NIP-59: Gift Wrap,NIPs,NIP reference pages,NIP-Seite,brauchbar,1457,12,5,4,5,240,273,,Start -> what-is-nostr; People -> people; Apps -> apps/catalog; Relays -> relay-market-directory; NIPs -> nips/complete-index; Privacy -> privacy-security; Wallets -> nip-47-wallet-connect; Media -> music-video-media; Commerce -> content-sale; Governance -> dao-governance; Crays -> nostr-and-crays; Library -> archive-library,,,0,,,NIP-59: Gift Wrap,0,,1,NIP-59: Gift Wrap,19,0,0,P3,gezielte redaktionelle Politur und Quellenabgleich
https://www.crays.org/nostr/nips/research/nip-5a-static-websites-nsites/,nips/research/nip-5a-static-websites-nsites,NIP-5A: Static Websites / nsites,NIPs,NIP reference pages,NIP-Seite,brauchbar,1494,12,5,4,5,240,273,,Start -> what-is-nostr; People -> people; Apps -> apps/catalog; Relays -> relay-market-directory; NIPs -> nips/complete-index; Privacy -> privacy-security; Wallets -> nip-47-wallet-connect; Media -> music-video-media; Commerce -> content-sale; Governance -> dao-governance; Crays -> nostr-and-crays; Library -> archive-library,,,0,,,NIP-5A: Static Websites / nsites,0,,1,NIP-5A: Static Websites / nsites,19,0,0,P3,gezielte redaktionelle Politur und Quellenabgleich
https://www.crays.org/nostr/nips/research/nip-62-request-to-vanish/,nips/research/nip-62-request-to-vanish,NIP-62: Request to Vanish,NIPs,NIP reference pages,NIP-Seite,brauchbar,1500,12,5,4,5,240,273,,Start -> what-is-nostr; People -> people; Apps -> apps/catalog; Relays -> relay-market-directory; NIPs -> nips/complete-index; Privacy -> privacy-security; Wallets -> nip-47-wallet-connect; Media -> music-video-media; Commerce -> content-sale; Governance -> dao-governance; Crays -> nostr-and-crays; Library -> archive-library,,,0,,,NIP-62: Request to Vanish,0,,1,NIP-62: Request to Vanish,19,0,0,P3,gezielte redaktionelle Politur und Quellenabgleich
https://www.crays.org/nostr/nips/research/nip-64-chess/,nips/research/nip-64-chess,NIP-64: Chess,NIPs,NIP reference pages,NIP-Seite,brauchbar,1418,12,5,4,5,240,273,,Start -> what-is-nostr; People -> people; Apps -> apps/catalog; Relays -> relay-market-directory; NIPs -> nips/complete-index; Privacy -> privacy-security; Wallets -> nip-47-wallet-connect; Media -> music-video-media; Commerce -> content-sale; Governance -> dao-governance; Crays -> nostr-and-crays; Library -> archive-library,,,0,,,NIP-64: Chess,0,,1,NIP-64: Chess,19,0,0,P3,gezielte redaktionelle Politur und Quellenabgleich
https://www.crays.org/nostr/nips/research/nip-68-picture-first-feeds/,nips/research/nip-68-picture-first-feeds,NIP-68: Picture-first feeds,NIPs,NIP reference pages,NIP-Seite,brauchbar,1461,12,5,4,5,240,274,,Start -> what-is-nostr; People -> people; Apps -> apps/catalog; Relays -> relay-market-directory; NIPs -> nips/complete-index; Privacy -> privacy-security; Wallets -> nip-47-wallet-connect; Media -> music-video-media; Commerce -> content-sale; Governance -> dao-governance; Crays -> nostr-and-crays; Library -> archive-library,,,0,,,NIP-68: Picture-first feeds,0,,1,NIP-68: Picture-first feeds,19,0,0,P3,gezielte redaktionelle Politur und Quellenabgleich
https://www.crays.org/nostr/nips/research/nip-69-peer-to-peer-order-events/,nips/research/nip-69-peer-to-peer-order-events,NIP-69: Peer-to-peer Order events,NIPs,NIP reference pages,NIP-Seite,brauchbar,1488,12,5,4,5,240,273,,Start -> what-is-nostr; People -> people; Apps -> apps/catalog; Relays -> relay-market-directory; NIPs -> nips/complete-index; Privacy -> privacy-security; Wallets -> nip-47-wallet-connect; Media -> music-video-media; Commerce -> content-sale; Governance -> dao-governance; Crays -> nostr-and-crays; Library -> archive-library,,,0,,,NIP-69: Peer-to-peer Order events,0,,1,NIP-69: Peer-to-peer Order events,19,0,0,P3,gezielte redaktionelle Politur und Quellenabgleich
https://www.crays.org/nostr/nips/research/nip-70-protected-events/,nips/research/nip-70-protected-events,NIP-70: Protected Events,NIPs,NIP reference pages,NIP-Seite,brauchbar,1461,12,5,4,5,240,274,,Start -> what-is-nostr; People -> people; Apps -> apps/catalog; Relays -> relay-market-directory; NIPs -> nips/complete-index; Privacy -> privacy-security; Wallets -> nip-47-wallet-connect; Media -> music-video-media; Commerce -> content-sale; Governance -> dao-governance; Crays -> nostr-and-crays; Library -> archive-library,,,0,,,NIP-70: Protected Events,0,,1,NIP-70: Protected Events,19,0,0,P3,gezielte redaktionelle Politur und Quellenabgleich
https://www.crays.org/nostr/nips/research/nip-72-moderated-communities/,nips/research/nip-72-moderated-communities,NIP-72: Moderated Communities,NIPs,NIP reference pages,NIP-Seite,brauchbar,1467,12,5,4,5,240,274,,Start -> what-is-nostr; People -> people; Apps -> apps/catalog; Relays -> relay-market-directory; NIPs -> nips/complete-index; Privacy -> privacy-security; Wallets -> nip-47-wallet-connect; Media -> music-video-media; Commerce -> content-sale; Governance -> dao-governance; Crays -> nostr-and-crays; Library -> archive-library,,,0,,,NIP-72: Moderated Communities,0,,1,NIP-72: Moderated Communities,19,0,0,P3,gezielte redaktionelle Politur und Quellenabgleich
https://www.crays.org/nostr/nips/research/nip-73-external-content-ids/,nips/research/nip-73-external-content-ids,NIP-73: External Content IDs,NIPs,NIP reference pages,NIP-Seite,brauchbar,1490,12,5,4,5,240,273,,Start -> what-is-nostr; People -> people; Apps -> apps/catalog; Relays -> relay-market-directory; NIPs -> nips/complete-index; Privacy -> privacy-security; Wallets -> nip-47-wallet-connect; Media -> music-video-media; Commerce -> content-sale; Governance -> dao-governance; Crays -> nostr-and-crays; Library -> archive-library,,,0,,,NIP-73: External Content IDs,0,,1,NIP-73: External Content IDs,19,0,0,P3,gezielte redaktionelle Politur und Quellenabgleich
https://www.crays.org/nostr/nips/research/nip-77-negentropy-syncing/,nips/research/nip-77-negentropy-syncing,NIP-77: Negentropy Syncing,NIPs,NIP reference pages,NIP-Seite,brauchbar,1455,12,5,4,5,240,273,,Start -> what-is-nostr; People -> people; Apps -> apps/catalog; Relays -> relay-market-directory; NIPs -> nips/complete-index; Privacy -> privacy-security; Wallets -> nip-47-wallet-connect; Media -> music-video-media; Commerce -> content-sale; Governance -> dao-governance; Crays -> nostr-and-crays; Library -> archive-library,,,0,,,NIP-77: Negentropy Syncing,0,,1,NIP-77: Negentropy Syncing,19,0,0,P3,gezielte redaktionelle Politur und Quellenabgleich
https://www.crays.org/nostr/nips/research/nip-78-application-specific-data/,nips/research/nip-78-application-specific-data,NIP-78: Application-specific data,NIPs,NIP reference pages,NIP-Seite,brauchbar,1457,12,5,4,5,240,273,,Start -> what-is-nostr; People -> people; Apps -> apps/catalog; Relays -> relay-market-directory; NIPs -> nips/complete-index; Privacy -> privacy-security; Wallets -> nip-47-wallet-connect; Media -> music-video-media; Commerce -> content-sale; Governance -> dao-governance; Crays -> nostr-and-crays; Library -> archive-library,,,0,,,NIP-78: Application-specific data,0,,1,NIP-78: Application-specific data,19,0,0,P3,gezielte redaktionelle Politur und Quellenabgleich
https://www.crays.org/nostr/nips/research/nip-7d-forum-threads/,nips/research/nip-7d-forum-threads,NIP-7D: Forum Threads,NIPs,NIP reference pages,NIP-Seite,brauchbar,1457,12,5,4,5,240,273,,Start -> what-is-nostr; People -> people; Apps -> apps/catalog; Relays -> relay-market-directory; NIPs -> nips/complete-index; Privacy -> privacy-security; Wallets -> nip-47-wallet-connect; Media -> music-video-media; Commerce -> content-sale; Governance -> dao-governance; Crays -> nostr-and-crays; Library -> archive-library,,,0,,,NIP-7D: Forum Threads,0,,1,NIP-7D: Forum Threads,19,0,0,P3,gezielte redaktionelle Politur und Quellenabgleich
https://www.crays.org/nostr/nips/research/nip-84-highlights/,nips/research/nip-84-highlights,NIP-84: Highlights,NIPs,NIP reference pages,NIP-Seite,brauchbar,1424,12,5,4,5,240,274,,Start -> what-is-nostr; People -> people; Apps -> apps/catalog; Relays -> relay-market-directory; NIPs -> nips/complete-index; Privacy -> privacy-security; Wallets -> nip-47-wallet-connect; Media -> music-video-media; Commerce -> content-sale; Governance -> dao-governance; Crays -> nostr-and-crays; Library -> archive-library,,,0,,,NIP-84: Highlights,0,,1,NIP-84: Highlights,19,0,0,P3,gezielte redaktionelle Politur und Quellenabgleich
https://www.crays.org/nostr/nips/research/nip-85-trusted-assertions/,nips/research/nip-85-trusted-assertions,NIP-85: Trusted Assertions,NIPs,NIP reference pages,NIP-Seite,brauchbar,1461,12,5,4,5,240,273,,Start -> what-is-nostr; People -> people; Apps -> apps/catalog; Relays -> relay-market-directory; NIPs -> nips/complete-index; Privacy -> privacy-security; Wallets -> nip-47-wallet-connect; Media -> music-video-media; Commerce -> content-sale; Governance -> dao-governance; Crays -> nostr-and-crays; Library -> archive-library,,,0,,,NIP-85: Trusted Assertions,0,,1,NIP-85: Trusted Assertions,19,0,0,P3,gezielte redaktionelle Politur und Quellenabgleich
https://www.crays.org/nostr/nips/research/nip-87-ecash-mint-discoverability/,nips/research/nip-87-ecash-mint-discoverability,NIP-87: Ecash Mint Discoverability,NIPs,NIP reference pages,NIP-Seite,brauchbar,1490,12,5,4,5,240,273,,Start -> what-is-nostr; People -> people; Apps -> apps/catalog; Relays -> relay-market-directory; NIPs -> nips/complete-index; Privacy -> privacy-security; Wallets -> nip-47-wallet-connect; Media -> music-video-media; Commerce -> content-sale; Governance -> dao-governance; Crays -> nostr-and-crays; Library -> archive-library,,,0,,,NIP-87: Ecash Mint Discoverability,0,,1,NIP-87: Ecash Mint Discoverability,19,0,0,P3,gezielte redaktionelle Politur und Quellenabgleich
https://www.crays.org/nostr/nips/research/nip-88-polls/,nips/research/nip-88-polls,NIP-88: Polls,NIPs,NIP reference pages,NIP-Seite,brauchbar,1428,12,5,4,5,240,274,,Start -> what-is-nostr; People -> people; Apps -> apps/catalog; Relays -> relay-market-directory; NIPs -> nips/complete-index; Privacy -> privacy-security; Wallets -> nip-47-wallet-connect; Media -> music-video-media; Commerce -> content-sale; Governance -> dao-governance; Crays -> nostr-and-crays; Library -> archive-library,,,0,,,NIP-88: Polls,0,,1,NIP-88: Polls,19,0,0,P3,gezielte redaktionelle Politur und Quellenabgleich
https://www.crays.org/nostr/nips/research/nip-89-recommended-application-handlers/,nips/research/nip-89-recommended-application-handlers,NIP-89: Recommended Application Handlers,NIPs,NIP reference pages,NIP-Seite,brauchbar,1494,12,5,4,5,240,273,,Start -> what-is-nostr; People -> people; Apps -> apps/catalog; Relays -> relay-market-directory; NIPs -> nips/complete-index; Privacy -> privacy-security; Wallets -> nip-47-wallet-connect; Media -> music-video-media; Commerce -> content-sale; Governance -> dao-governance; Crays -> nostr-and-crays; Library -> archive-library,,,0,,,NIP-89: Recommended Application Handlers,0,,1,NIP-89: Recommended Application Handlers,19,0,0,P3,gezielte redaktionelle Politur und Quellenabgleich
https://www.crays.org/nostr/nips/research/nip-90-data-vending-machines/,nips/research/nip-90-data-vending-machines,NIP-90: Data Vending Machines,NIPs,NIP reference pages,NIP-Seite,brauchbar,1490,12,5,4,5,240,274,,Start -> what-is-nostr; People -> people; Apps -> apps/catalog; Relays -> relay-market-directory; NIPs -> nips/complete-index; Privacy -> privacy-security; Wallets -> nip-47-wallet-connect; Media -> music-video-media; Commerce -> content-sale; Governance -> dao-governance; Crays -> nostr-and-crays; Library -> archive-library,,,0,,,NIP-90: Data Vending Machines,0,,1,NIP-90: Data Vending Machines,19,0,0,P3,gezielte redaktionelle Politur und Quellenabgleich
https://www.crays.org/nostr/nips/research/nip-94-file-metadata/,nips/research/nip-94-file-metadata,NIP-94: File Metadata,NIPs,NIP reference pages,NIP-Seite,brauchbar,1451,12,5,4,5,240,273,,Start -> what-is-nostr; People -> people; Apps -> apps/catalog; Relays -> relay-market-directory; NIPs -> nips/complete-index; Privacy -> privacy-security; Wallets -> nip-47-wallet-connect; Media -> music-video-media; Commerce -> content-sale; Governance -> dao-governance; Crays -> nostr-and-crays; Library -> archive-library,,,0,,,NIP-94: File Metadata,0,,1,NIP-94: File Metadata,18,0,0,P3,gezielte redaktionelle Politur und Quellenabgleich
https://www.crays.org/nostr/nips/research/nip-96-http-file-storage-integration/,nips/research/nip-96-http-file-storage-integration,NIP-96: HTTP File Storage Integration,NIPs,NIP reference pages,NIP-Seite,brauchbar,1535,12,5,4,5,240,273,,Start -> what-is-nostr; People -> people; Apps -> apps/catalog; Relays -> relay-market-directory; NIPs -> nips/complete-index; Privacy -> privacy-security; Wallets -> nip-47-wallet-connect; Media -> music-video-media; Commerce -> content-sale; Governance -> dao-governance; Crays -> nostr-and-crays; Library -> archive-library,,,0,,,NIP-96: HTTP File Storage Integration,0,,1,NIP-96: HTTP File Storage Integration,18,0,0,P3,gezielte redaktionelle Politur und Quellenabgleich
https://www.crays.org/nostr/nips/research/nip-98-http-auth/,nips/research/nip-98-http-auth,NIP-98: HTTP Auth,NIPs,NIP reference pages,NIP-Seite,brauchbar,1451,12,5,4,5,240,273,,Start -> what-is-nostr; People -> people; Apps -> apps/catalog; Relays -> relay-market-directory; NIPs -> nips/complete-index; Privacy -> privacy-security; Wallets -> nip-47-wallet-connect; Media -> music-video-media; Commerce -> content-sale; Governance -> dao-governance; Crays -> nostr-and-crays; Library -> archive-library,,,0,,,NIP-98: HTTP Auth,0,,1,NIP-98: HTTP Auth,18,0,0,P3,gezielte redaktionelle Politur und Quellenabgleich
https://www.crays.org/nostr/nips/research/nip-99-classified-listings/,nips/research/nip-99-classified-listings,NIP-99: Classified Listings,NIPs,NIP reference pages,NIP-Seite,brauchbar,1451,12,5,4,5,240,274,,Start -> what-is-nostr; People -> people; Apps -> apps/catalog; Relays -> relay-market-directory; NIPs -> nips/complete-index; Privacy -> privacy-security; Wallets -> nip-47-wallet-connect; Media -> music-video-media; Commerce -> content-sale; Governance -> dao-governance; Crays -> nostr-and-crays; Library -> archive-library,,,0,,,NIP-99: Classified Listings,0,,1,NIP-99: Classified Listings,19,0,0,P3,gezielte redaktionelle Politur und Quellenabgleich
https://www.crays.org/nostr/nips/research/nip-a0-voice-messages/,nips/research/nip-a0-voice-messages,NIP-A0: Voice Messages,NIPs,NIP reference pages,NIP-Seite,brauchbar,1461,12,5,4,5,240,274,,Start -> what-is-nostr; People -> people; Apps -> apps/catalog; Relays -> relay-market-directory; NIPs -> nips/complete-index; Privacy -> privacy-security; Wallets -> nip-47-wallet-connect; Media -> music-video-media; Commerce -> content-sale; Governance -> dao-governance; Crays -> nostr-and-crays; Library -> archive-library,,,0,,,NIP-A0: Voice Messages,0,,1,NIP-A0: Voice Messages,19,0,0,P3,gezielte redaktionelle Politur und Quellenabgleich
https://www.crays.org/nostr/nips/research/nip-a4-public-messages/,nips/research/nip-a4-public-messages,NIP-A4: Public Messages,NIPs,NIP reference pages,NIP-Seite,brauchbar,1455,12,5,4,5,240,273,,Start -> what-is-nostr; People -> people; Apps -> apps/catalog; Relays -> relay-market-directory; NIPs -> nips/complete-index; Privacy -> privacy-security; Wallets -> nip-47-wallet-connect; Media -> music-video-media; Commerce -> content-sale; Governance -> dao-governance; Crays -> nostr-and-crays; Library -> archive-library,,,0,,,NIP-A4: Public Messages,0,,1,NIP-A4: Public Messages,19,0,0,P3,gezielte redaktionelle Politur und Quellenabgleich
https://www.crays.org/nostr/nips/research/nip-b0-web-bookmarks/,nips/research/nip-b0-web-bookmarks,NIP-B0: Web Bookmarks,NIPs,NIP reference pages,NIP-Seite,brauchbar,1461,12,5,4,5,240,275,,Start -> what-is-nostr; People -> people; Apps -> apps/catalog; Relays -> relay-market-directory; NIPs -> nips/complete-index; Privacy -> privacy-security; Wallets -> nip-47-wallet-connect; Media -> music-video-media; Commerce -> content-sale; Governance -> dao-governance; Crays -> nostr-and-crays; Library -> archive-library,,,0,,,NIP-B0: Web Bookmarks,0,,1,NIP-B0: Web Bookmarks,19,0,0,P3,gezielte redaktionelle Politur und Quellenabgleich
https://www.crays.org/nostr/nips/research/nip-b7-blossom/,nips/research/nip-b7-blossom,NIP-B7: Blossom,NIPs,NIP reference pages,NIP-Seite,brauchbar,1439,12,5,4,5,240,273,,Start -> what-is-nostr; People -> people; Apps -> apps/catalog; Relays -> relay-market-directory; NIPs -> nips/complete-index; Privacy -> privacy-security; Wallets -> nip-47-wallet-connect; Media -> music-video-media; Commerce -> content-sale; Governance -> dao-governance; Crays -> nostr-and-crays; Library -> archive-library,,,0,,,NIP-B7: Blossom,0,,1,NIP-B7: Blossom,19,0,0,P3,gezielte redaktionelle Politur und Quellenabgleich
https://www.crays.org/nostr/nips/research/nip-be-ble-communications/,nips/research/nip-be-ble-communications,NIP-BE: BLE Communications,NIPs,NIP reference pages,NIP-Seite,brauchbar,1457,12,5,4,5,240,273,,Start -> what-is-nostr; People -> people; Apps -> apps/catalog; Relays -> relay-market-directory; NIPs -> nips/complete-index; Privacy -> privacy-security; Wallets -> nip-47-wallet-connect; Media -> music-video-media; Commerce -> content-sale; Governance -> dao-governance; Crays -> nostr-and-crays; Library -> archive-library,,,0,,,NIP-BE: BLE Communications,0,,1,NIP-BE: BLE Communications,19,0,0,P3,gezielte redaktionelle Politur und Quellenabgleich
https://www.crays.org/nostr/nips/research/nip-c0-code-snippets/,nips/research/nip-c0-code-snippets,NIP-C0: Code Snippets,NIPs,NIP reference pages,NIP-Seite,brauchbar,1457,12,5,4,5,240,273,,Start -> what-is-nostr; People -> people; Apps -> apps/catalog; Relays -> relay-market-directory; NIPs -> nips/complete-index; Privacy -> privacy-security; Wallets -> nip-47-wallet-connect; Media -> music-video-media; Commerce -> content-sale; Governance -> dao-governance; Crays -> nostr-and-crays; Library -> archive-library,,,0,,,NIP-C0: Code Snippets,0,,1,NIP-C0: Code Snippets,19,0,0,P3,gezielte redaktionelle Politur und Quellenabgleich
https://www.crays.org/nostr/nips/research/nip-c7-chats/,nips/research/nip-c7-chats,NIP-C7: Chats,NIPs,NIP reference pages,NIP-Seite,brauchbar,1418,12,5,4,5,240,273,,Start -> what-is-nostr; People -> people; Apps -> apps/catalog; Relays -> relay-market-directory; NIPs -> nips/complete-index; Privacy -> privacy-security; Wallets -> nip-47-wallet-connect; Media -> music-video-media; Commerce -> content-sale; Governance -> dao-governance; Crays -> nostr-and-crays; Library -> archive-library,,,0,,,NIP-C7: Chats,0,,1,NIP-C7: Chats,19,0,0,P3,gezielte redaktionelle Politur und Quellenabgleich
https://www.crays.org/nostr/nips/research/nip-cc-geocaching/,nips/research/nip-cc-geocaching,NIP-CC: Geocaching,NIPs,NIP reference pages,NIP-Seite,brauchbar,1424,12,5,4,5,240,273,,Start -> what-is-nostr; People -> people; Apps -> apps/catalog; Relays -> relay-market-directory; NIPs -> nips/complete-index; Privacy -> privacy-security; Wallets -> nip-47-wallet-connect; Media -> music-video-media; Commerce -> content-sale; Governance -> dao-governance; Crays -> nostr-and-crays; Library -> archive-library,,,0,,,NIP-CC: Geocaching,0,,1,NIP-CC: Geocaching,19,0,0,P3,gezielte redaktionelle Politur und Quellenabgleich
https://www.crays.org/nostr/nips/research/nip-ee-e2ee-messaging-using-mls/,nips/research/nip-ee-e2ee-messaging-using-mls,NIP-EE: E2EE Messaging using MLS,NIPs,NIP reference pages,NIP-Seite,brauchbar,1535,12,5,4,5,240,273,,Start -> what-is-nostr; People -> people; Apps -> apps/catalog; Relays -> relay-market-directory; NIPs -> nips/complete-index; Privacy -> privacy-security; Wallets -> nip-47-wallet-connect; Media -> music-video-media; Commerce -> content-sale; Governance -> dao-governance; Crays -> nostr-and-crays; Library -> archive-library,,,0,,,NIP-EE: E2EE Messaging using MLS,0,,1,NIP-EE: E2EE Messaging using MLS,19,0,0,P3,gezielte redaktionelle Politur und Quellenabgleich
https://www.crays.org/nostr/nips/research/nip-f4-podcasts/,nips/research/nip-f4-podcasts,NIP-F4: Podcasts,NIPs,NIP reference pages,NIP-Seite,brauchbar,1445,12,5,4,5,240,273,,Start -> what-is-nostr; People -> people; Apps -> apps/catalog; Relays -> relay-market-directory; NIPs -> nips/complete-index; Privacy -> privacy-security; Wallets -> nip-47-wallet-connect; Media -> music-video-media; Commerce -> content-sale; Governance -> dao-governance; Crays -> nostr-and-crays; Library -> archive-library,,,0,,,NIP-F4: Podcasts,0,,1,NIP-F4: Podcasts,19,0,0,P3,gezielte redaktionelle Politur und Quellenabgleich
https://www.crays.org/nostr/nips/research/nips-mirror/,nips/research/nips-mirror,NIPs mirror,NIPs,NIP reference pages,NIP-Seite,brauchbar,1397,12,4,4,5,240,273,,Start -> what-is-nostr; People -> people; Apps -> apps/catalog; Relays -> relay-market-directory; NIPs -> nips/complete-index; Privacy -> privacy-security; Wallets -> nip-47-wallet-connect; Media -> music-video-media; Commerce -> content-sale; Governance -> dao-governance; Crays -> nostr-and-crays; Library -> archive-library,,,0,,,NIPs mirror,0,,1,NIPs mirror,19,0,0,P3,gezielte redaktionelle Politur und Quellenabgleich
https://www.crays.org/nostr/nips/research/nostr-protocol-nips/,nips/research/nostr-protocol-nips,nostr-protocol/nips,NIPs,NIP reference pages,NIP-Seite,brauchbar,1400,12,5,4,5,240,273,,Start -> what-is-nostr; People -> people; Apps -> apps/catalog; Relays -> relay-market-directory; NIPs -> nips/complete-index; Privacy -> privacy-security; Wallets -> nip-47-wallet-connect; Media -> music-video-media; Commerce -> content-sale; Governance -> dao-governance; Crays -> nostr-and-crays; Library -> archive-library,,,0,,,nostr-protocol/nips,0,,1,nostr-protocol/nips,19,0,0,P3,gezielte redaktionelle Politur und Quellenabgleich
https://www.crays.org/nostr/nips/research/nostr-remote-signing/,nips/research/nostr-remote-signing,Nostr Remote Signing,NIPs,NIP reference pages,NIP-Seite,brauchbar,1471,12,5,4,5,240,273,,Start -> what-is-nostr; People -> people; Apps -> apps/catalog; Relays -> relay-market-directory; NIPs -> nips/complete-index; Privacy -> privacy-security; Wallets -> nip-47-wallet-connect; Media -> music-video-media; Commerce -> content-sale; Governance -> dao-governance; Crays -> nostr-and-crays; Library -> archive-library,,,0,,,Nostr Remote Signing,0,,1,Nostr Remote Signing,18,0,0,P3,gezielte redaktionelle Politur und Quellenabgleich
https://www.crays.org/nostr/nips/research/nostr-uri-scheme/,nips/research/nostr-uri-scheme,nostr: URI scheme,NIPs,NIP reference pages,NIP-Seite,brauchbar,1465,12,5,4,5,240,273,,Start -> what-is-nostr; People -> people; Apps -> apps/catalog; Relays -> relay-market-directory; NIPs -> nips/complete-index; Privacy -> privacy-security; Wallets -> nip-47-wallet-connect; Media -> music-video-media; Commerce -> content-sale; Governance -> dao-governance; Crays -> nostr-and-crays; Library -> archive-library,,,0,,,nostr: URI scheme,0,,1,nostr: URI scheme,19,0,0,P3,gezielte redaktionelle Politur und Quellenabgleich
https://www.crays.org/nostr/nips/research/opentimestamps-attestations/,nips/research/opentimestamps-attestations,OpenTimestamps Attestations,NIPs,NIP reference pages,NIP-Seite,brauchbar,1438,12,5,4,5,240,273,,Start -> what-is-nostr; People -> people; Apps -> apps/catalog; Relays -> relay-market-directory; NIPs -> nips/complete-index; Privacy -> privacy-security; Wallets -> nip-47-wallet-connect; Media -> music-video-media; Commerce -> content-sale; Governance -> dao-governance; Crays -> nostr-and-crays; Library -> archive-library,,,0,,,OpenTimestamps Attestations,0,,1,OpenTimestamps Attestations,19,0,0,P3,gezielte redaktionelle Politur und Quellenabgleich
https://www.crays.org/nostr/nips/research/peer-to-peer-order-events/,nips/research/peer-to-peer-order-events,Peer-to-peer Order events,NIPs,NIP reference pages,NIP-Seite,brauchbar,1459,12,5,4,5,240,273,,Start -> what-is-nostr; People -> people; Apps -> apps/catalog; Relays -> relay-market-directory; NIPs -> nips/complete-index; Privacy -> privacy-security; Wallets -> nip-47-wallet-connect; Media -> music-video-media; Commerce -> content-sale; Governance -> dao-governance; Crays -> nostr-and-crays; Library -> archive-library,,,0,,,Peer-to-peer Order events,0,,1,Peer-to-peer Order events,19,0,0,P3,gezielte redaktionelle Politur und Quellenabgleich
https://www.crays.org/nostr/nips/research/picture-first-feeds/,nips/research/picture-first-feeds,Picture-first feeds,NIPs,NIP reference pages,NIP-Seite,brauchbar,1432,12,5,4,5,240,274,,Start -> what-is-nostr; People -> people; Apps -> apps/catalog; Relays -> relay-market-directory; NIPs -> nips/complete-index; Privacy -> privacy-security; Wallets -> nip-47-wallet-connect; Media -> music-video-media; Commerce -> content-sale; Governance -> dao-governance; Crays -> nostr-and-crays; Library -> archive-library,,,0,,,Picture-first feeds,0,,1,Picture-first feeds,19,0,0,P3,gezielte redaktionelle Politur und Quellenabgleich
https://www.crays.org/nostr/nips/research/podcasts/,nips/research/podcasts,Podcasts,NIPs,NIP reference pages,NIP-Seite,brauchbar,1416,12,5,4,5,240,273,,Start -> what-is-nostr; People -> people; Apps -> apps/catalog; Relays -> relay-market-directory; NIPs -> nips/complete-index; Privacy -> privacy-security; Wallets -> nip-47-wallet-connect; Media -> music-video-media; Commerce -> content-sale; Governance -> dao-governance; Crays -> nostr-and-crays; Library -> archive-library,,,0,,,Podcasts,0,,1,Podcasts,19,0,0,P3,gezielte redaktionelle Politur und Quellenabgleich
https://www.crays.org/nostr/nips/research/polls/,nips/research/polls,Polls,NIPs,NIP reference pages,NIP-Seite,brauchbar,1399,12,4,4,5,240,274,,Start -> what-is-nostr; People -> people; Apps -> apps/catalog; Relays -> relay-market-directory; NIPs -> nips/complete-index; Privacy -> privacy-security; Wallets -> nip-47-wallet-connect; Media -> music-video-media; Commerce -> content-sale; Governance -> dao-governance; Crays -> nostr-and-crays; Library -> archive-library,,,0,,,Polls,0,,1,Polls,19,0,0,P3,gezielte redaktionelle Politur und Quellenabgleich
https://www.crays.org/nostr/nips/research/private-direct-messages/,nips/research/private-direct-messages,Private Direct Messages,NIPs,NIP reference pages,NIP-Seite,brauchbar,1465,12,5,4,5,240,274,,Start -> what-is-nostr; People -> people; Apps -> apps/catalog; Relays -> relay-market-directory; NIPs -> nips/complete-index; Privacy -> privacy-security; Wallets -> nip-47-wallet-connect; Media -> music-video-media; Commerce -> content-sale; Governance -> dao-governance; Crays -> nostr-and-crays; Library -> archive-library,,,0,,,Private Direct Messages,0,,1,Private Direct Messages,19,0,0,P3,gezielte redaktionelle Politur und Quellenabgleich
https://www.crays.org/nostr/nips/research/private-key-encryption/,nips/research/private-key-encryption,Private Key Encryption,NIPs,NIP reference pages,NIP-Seite,brauchbar,1466,12,5,4,5,240,273,,Start -> what-is-nostr; People -> people; Apps -> apps/catalog; Relays -> relay-market-directory; NIPs -> nips/complete-index; Privacy -> privacy-security; Wallets -> nip-47-wallet-connect; Media -> music-video-media; Commerce -> content-sale; Governance -> dao-governance; Crays -> nostr-and-crays; Library -> archive-library,,,0,,,Private Key Encryption,0,,1,Private Key Encryption,18,0,0,P3,gezielte redaktionelle Politur und Quellenabgleich
https://www.crays.org/nostr/nips/research/proof-of-work/,nips/research/proof-of-work,Proof of Work,NIPs,NIP reference pages,NIP-Seite,brauchbar,1459,12,5,4,5,240,274,,Start -> what-is-nostr; People -> people; Apps -> apps/catalog; Relays -> relay-market-directory; NIPs -> nips/complete-index; Privacy -> privacy-security; Wallets -> nip-47-wallet-connect; Media -> music-video-media; Commerce -> content-sale; Governance -> dao-governance; Crays -> nostr-and-crays; Library -> archive-library,,,0,,,Proof of Work,0,,1,Proof of Work,19,0,0,P3,gezielte redaktionelle Politur und Quellenabgleich
https://www.crays.org/nostr/nips/research/protected-events/,nips/research/protected-events,Protected Events,NIPs,NIP reference pages,NIP-Seite,brauchbar,1432,12,5,4,5,240,274,,Start -> what-is-nostr; People -> people; Apps -> apps/catalog; Relays -> relay-market-directory; NIPs -> nips/complete-index; Privacy -> privacy-security; Wallets -> nip-47-wallet-connect; Media -> music-video-media; Commerce -> content-sale; Governance -> dao-governance; Crays -> nostr-and-crays; Library -> archive-library,,,0,,,Protected Events,0,,1,Protected Events,19,0,0,P3,gezielte redaktionelle Politur und Quellenabgleich
https://www.crays.org/nostr/nips/research/public-chat/,nips/research/public-chat,Public Chat,NIPs,NIP reference pages,NIP-Seite,brauchbar,1432,12,5,4,5,240,273,,Start -> what-is-nostr; People -> people; Apps -> apps/catalog; Relays -> relay-market-directory; NIPs -> nips/complete-index; Privacy -> privacy-security; Wallets -> nip-47-wallet-connect; Media -> music-video-media; Commerce -> content-sale; Governance -> dao-governance; Crays -> nostr-and-crays; Library -> archive-library,,,0,,,Public Chat,0,,1,Public Chat,19,0,0,P3,gezielte redaktionelle Politur und Quellenabgleich
https://www.crays.org/nostr/nips/research/public-messages/,nips/research/public-messages,Public Messages,NIPs,NIP reference pages,NIP-Seite,brauchbar,1426,12,5,4,5,240,273,,Start -> what-is-nostr; People -> people; Apps -> apps/catalog; Relays -> relay-market-directory; NIPs -> nips/complete-index; Privacy -> privacy-security; Wallets -> nip-47-wallet-connect; Media -> music-video-media; Commerce -> content-sale; Governance -> dao-governance; Crays -> nostr-and-crays; Library -> archive-library,,,0,,,Public Messages,0,,1,Public Messages,19,0,0,P3,gezielte redaktionelle Politur und Quellenabgleich
https://www.crays.org/nostr/nips/research/reactions/,nips/research/reactions,Reactions,NIPs,NIP reference pages,NIP-Seite,brauchbar,1399,12,4,4,5,240,273,,Start -> what-is-nostr; People -> people; Apps -> apps/catalog; Relays -> relay-market-directory; NIPs -> nips/complete-index; Privacy -> privacy-security; Wallets -> nip-47-wallet-connect; Media -> music-video-media; Commerce -> content-sale; Governance -> dao-governance; Crays -> nostr-and-crays; Library -> archive-library,,,0,,,Reactions,0,,1,Reactions,19,0,0,P3,gezielte redaktionelle Politur und Quellenabgleich
https://www.crays.org/nostr/nips/research/reporting/,nips/research/reporting,Reporting,NIPs,NIP reference pages,NIP-Seite,brauchbar,1399,12,4,4,5,240,273,,Start -> what-is-nostr; People -> people; Apps -> apps/catalog; Relays -> relay-market-directory; NIPs -> nips/complete-index; Privacy -> privacy-security; Wallets -> nip-47-wallet-connect; Media -> music-video-media; Commerce -> content-sale; Governance -> dao-governance; Crays -> nostr-and-crays; Library -> archive-library,,,0,,,Reporting,0,,1,Reporting,19,0,0,P3,gezielte redaktionelle Politur und Quellenabgleich
https://www.crays.org/nostr/nips/research/reposts/,nips/research/reposts,Reposts,NIPs,NIP reference pages,NIP-Seite,brauchbar,1399,12,4,4,5,240,273,,Start -> what-is-nostr; People -> people; Apps -> apps/catalog; Relays -> relay-market-directory; NIPs -> nips/complete-index; Privacy -> privacy-security; Wallets -> nip-47-wallet-connect; Media -> music-video-media; Commerce -> content-sale; Governance -> dao-governance; Crays -> nostr-and-crays; Library -> archive-library,,,0,,,Reposts,0,,1,Reposts,19,0,0,P3,gezielte redaktionelle Politur und Quellenabgleich
https://www.crays.org/nostr/nips/research/request-to-vanish/,nips/research/request-to-vanish,Request to Vanish,NIPs,NIP reference pages,NIP-Seite,brauchbar,1471,12,5,4,5,240,273,,Start -> what-is-nostr; People -> people; Apps -> apps/catalog; Relays -> relay-market-directory; NIPs -> nips/complete-index; Privacy -> privacy-security; Wallets -> nip-47-wallet-connect; Media -> music-video-media; Commerce -> content-sale; Governance -> dao-governance; Crays -> nostr-and-crays; Library -> archive-library,,,0,,,Request to Vanish,0,,1,Request to Vanish,19,0,0,P3,gezielte redaktionelle Politur und Quellenabgleich
https://www.crays.org/nostr/nips/research/search-capability/,nips/research/search-capability,Search Capability,NIPs,NIP reference pages,NIP-Seite,brauchbar,1426,12,5,4,5,240,273,,Start -> what-is-nostr; People -> people; Apps -> apps/catalog; Relays -> relay-market-directory; NIPs -> nips/complete-index; Privacy -> privacy-security; Wallets -> nip-47-wallet-connect; Media -> music-video-media; Commerce -> content-sale; Governance -> dao-governance; Crays -> nostr-and-crays; Library -> archive-library,,,0,,,Search Capability,0,,1,Search Capability,19,0,0,P3,gezielte redaktionelle Politur und Quellenabgleich
https://www.crays.org/nostr/nips/research/sensitive-content/,nips/research/sensitive-content,Sensitive Content,NIPs,NIP reference pages,NIP-Seite,brauchbar,1432,12,5,4,5,240,273,,Start -> what-is-nostr; People -> people; Apps -> apps/catalog; Relays -> relay-market-directory; NIPs -> nips/complete-index; Privacy -> privacy-security; Wallets -> nip-47-wallet-connect; Media -> music-video-media; Commerce -> content-sale; Governance -> dao-governance; Crays -> nostr-and-crays; Library -> archive-library,,,0,,,Sensitive Content,0,,1,Sensitive Content,19,0,0,P3,gezielte redaktionelle Politur und Quellenabgleich
https://www.crays.org/nostr/nips/research/static-websites-nsites/,nips/research/static-websites-nsites,Static Websites / nsites,NIPs,NIP reference pages,NIP-Seite,brauchbar,1465,12,5,4,5,240,273,,Start -> what-is-nostr; People -> people; Apps -> apps/catalog; Relays -> relay-market-directory; NIPs -> nips/complete-index; Privacy -> privacy-security; Wallets -> nip-47-wallet-connect; Media -> music-video-media; Commerce -> content-sale; Governance -> dao-governance; Crays -> nostr-and-crays; Library -> archive-library,,,0,,,Static Websites / nsites,0,,1,Static Websites / nsites,19,0,0,P3,gezielte redaktionelle Politur und Quellenabgleich
https://www.crays.org/nostr/nips/research/subject-tag/,nips/research/subject-tag,Subject tag,NIPs,NIP reference pages,NIP-Seite,brauchbar,1426,12,5,4,5,240,273,,Start -> what-is-nostr; People -> people; Apps -> apps/catalog; Relays -> relay-market-directory; NIPs -> nips/complete-index; Privacy -> privacy-security; Wallets -> nip-47-wallet-connect; Media -> music-video-media; Commerce -> content-sale; Governance -> dao-governance; Crays -> nostr-and-crays; Library -> archive-library,,,0,,,Subject tag,0,,1,Subject tag,19,0,0,P3,gezielte redaktionelle Politur und Quellenabgleich
https://www.crays.org/nostr/nips/research/text-note-references/,nips/research/text-note-references,Text Note References,NIPs,NIP reference pages,NIP-Seite,brauchbar,1465,12,5,4,5,240,273,,Start -> what-is-nostr; People -> people; Apps -> apps/catalog; Relays -> relay-market-directory; NIPs -> nips/complete-index; Privacy -> privacy-security; Wallets -> nip-47-wallet-connect; Media -> music-video-media; Commerce -> content-sale; Governance -> dao-governance; Crays -> nostr-and-crays; Library -> archive-library,,,0,,,Text Note References,0,,1,Text Note References,19,0,0,P3,gezielte redaktionelle Politur und Quellenabgleich
https://www.crays.org/nostr/nips/research/text-notes-and-threads/,nips/research/text-notes-and-threads,Text Notes and Threads,NIPs,NIP reference pages,NIP-Seite,brauchbar,1498,12,5,4,5,240,273,,Start -> what-is-nostr; People -> people; Apps -> apps/catalog; Relays -> relay-market-directory; NIPs -> nips/complete-index; Privacy -> privacy-security; Wallets -> nip-47-wallet-connect; Media -> music-video-media; Commerce -> content-sale; Governance -> dao-governance; Crays -> nostr-and-crays; Library -> archive-library,,,0,,,Text Notes and Threads,0,,1,Text Notes and Threads,19,0,0,P3,gezielte redaktionelle Politur und Quellenabgleich
https://www.crays.org/nostr/nips/research/torrents/,nips/research/torrents,Torrents,NIPs,NIP reference pages,NIP-Seite,brauchbar,1399,12,4,4,5,240,273,,Start -> what-is-nostr; People -> people; Apps -> apps/catalog; Relays -> relay-market-directory; NIPs -> nips/complete-index; Privacy -> privacy-security; Wallets -> nip-47-wallet-connect; Media -> music-video-media; Commerce -> content-sale; Governance -> dao-governance; Crays -> nostr-and-crays; Library -> archive-library,,,0,,,Torrents,0,,1,Torrents,19,0,0,P3,gezielte redaktionelle Politur und Quellenabgleich
https://www.crays.org/nostr/nips/research/trusted-assertions/,nips/research/trusted-assertions,Trusted Assertions,NIPs,NIP reference pages,NIP-Seite,brauchbar,1432,12,5,4,5,240,273,,Start -> what-is-nostr; People -> people; Apps -> apps/catalog; Relays -> relay-market-directory; NIPs -> nips/complete-index; Privacy -> privacy-security; Wallets -> nip-47-wallet-connect; Media -> music-video-media; Commerce -> content-sale; Governance -> dao-governance; Crays -> nostr-and-crays; Library -> archive-library,,,0,,,Trusted Assertions,0,,1,Trusted Assertions,19,0,0,P3,gezielte redaktionelle Politur und Quellenabgleich
https://www.crays.org/nostr/nips/research/user-statuses/,nips/research/user-statuses,User Statuses,NIPs,NIP reference pages,NIP-Seite,brauchbar,1426,12,5,4,5,240,273,,Start -> what-is-nostr; People -> people; Apps -> apps/catalog; Relays -> relay-market-directory; NIPs -> nips/complete-index; Privacy -> privacy-security; Wallets -> nip-47-wallet-connect; Media -> music-video-media; Commerce -> content-sale; Governance -> dao-governance; Crays -> nostr-and-crays; Library -> archive-library,,,0,,,User Statuses,0,,1,User Statuses,19,0,0,P3,gezielte redaktionelle Politur und Quellenabgleich
https://www.crays.org/nostr/nips/research/versioned-encryption/,nips/research/versioned-encryption,Versioned Encryption,NIPs,NIP reference pages,NIP-Seite,brauchbar,1426,12,5,4,5,240,273,,Start -> what-is-nostr; People -> people; Apps -> apps/catalog; Relays -> relay-market-directory; NIPs -> nips/complete-index; Privacy -> privacy-security; Wallets -> nip-47-wallet-connect; Media -> music-video-media; Commerce -> content-sale; Governance -> dao-governance; Crays -> nostr-and-crays; Library -> archive-library,,,0,,,Versioned Encryption,0,,1,Versioned Encryption,18,0,0,P3,gezielte redaktionelle Politur und Quellenabgleich
https://www.crays.org/nostr/nips/research/voice-messages/,nips/research/voice-messages,Voice Messages,NIPs,NIP reference pages,NIP-Seite,brauchbar,1432,12,5,4,5,240,274,,Start -> what-is-nostr; People -> people; Apps -> apps/catalog; Relays -> relay-market-directory; NIPs -> nips/complete-index; Privacy -> privacy-security; Wallets -> nip-47-wallet-connect; Media -> music-video-media; Commerce -> content-sale; Governance -> dao-governance; Crays -> nostr-and-crays; Library -> archive-library,,,0,,,Voice Messages,0,,1,Voice Messages,19,0,0,P3,gezielte redaktionelle Politur und Quellenabgleich
https://www.crays.org/nostr/nips/research/web-bookmarks/,nips/research/web-bookmarks,Web Bookmarks,NIPs,NIP reference pages,NIP-Seite,brauchbar,1432,12,5,4,5,240,275,,Start -> what-is-nostr; People -> people; Apps -> apps/catalog; Relays -> relay-market-directory; NIPs -> nips/complete-index; Privacy -> privacy-security; Wallets -> nip-47-wallet-connect; Media -> music-video-media; Commerce -> content-sale; Governance -> dao-governance; Crays -> nostr-and-crays; Library -> archive-library,,,0,,,Web Bookmarks,0,,1,Web Bookmarks,19,0,0,P3,gezielte redaktionelle Politur und Quellenabgleich
https://www.crays.org/nostr/nips/research/wiki/,nips/research/wiki,Wiki,NIPs,NIP reference pages,NIP-Seite,brauchbar,1399,12,4,4,5,240,273,,Start -> what-is-nostr; People -> people; Apps -> apps/catalog; Relays -> relay-market-directory; NIPs -> nips/complete-index; Privacy -> privacy-security; Wallets -> nip-47-wallet-connect; Media -> music-video-media; Commerce -> content-sale; Governance -> dao-governance; Crays -> nostr-and-crays; Library -> archive-library,,,0,,,Wiki,0,,1,Wiki,19,0,0,P3,gezielte redaktionelle Politur und Quellenabgleich
https://www.crays.org/nostr/nips/research/window-nostr-capability-for-web-browsers/,nips/research/window-nostr-capability-for-web-browsers,window.nostr capability for web browsers,NIPs,NIP reference pages,NIP-Seite,brauchbar,1564,12,5,4,5,240,273,,Start -> what-is-nostr; People -> people; Apps -> apps/catalog; Relays -> relay-market-directory; NIPs -> nips/complete-index; Privacy -> privacy-security; Wallets -> nip-47-wallet-connect; Media -> music-video-media; Commerce -> content-sale; Governance -> dao-governance; Crays -> nostr-and-crays; Library -> archive-library,,,0,,,window.nostr capability for web browsers,0,,1,window.nostr capability for web browsers,18,0,0,P3,gezielte redaktionelle Politur und Quellenabgleich
https://www.crays.org/nostr/events/,events,Nostr Events and Conferences,People,Culture and media,People- / Projektseite,brauchbar,1464,16,5,4,4,35,66,signer -> nip-07-signers,Start -> what-is-nostr; People -> people; Apps -> apps/catalog; Relays -> relay-market-directory; NIPs -> nips/complete-index; Privacy -> privacy-security; Wallets -> nip-47-wallet-connect; Media -> music-video-media; Commerce -> content-sale; Governance -> dao-governance; Crays -> nostr-and-crays; Library -> archive-library,,,0,,,Nostr Events and Conferences,0,,1,Nostr Events and Conferences,36,0,0,P3,gezielte redaktionelle Politur und Quellenabgleich
https://www.crays.org/nostr/jack-dorsey/,jack-dorsey,Jack Dorsey and Nostr,People,Culture and media,People- / Projektseite,brauchbar,1458,15,5,4,4,31,62,signer -> nip-07-signers,Start -> what-is-nostr; People -> people; Apps -> apps/catalog; Relays -> relay-market-directory; NIPs -> nips/complete-index; Privacy -> privacy-security; Wallets -> nip-47-wallet-connect; Media -> music-video-media; Commerce -> content-sale; Governance -> dao-governance; Crays -> nostr-and-crays; Library -> archive-library,,,0,,,Jack Dorsey and Nostr,0,,1,Jack Dorsey and Nostr,36,0,0,P3,gezielte redaktionelle Politur und Quellenabgleich
https://www.crays.org/nostr/lifestyle-culture/,lifestyle-culture,Nostr Lifestyle and Culture,People,Culture and media,People- / Projektseite,brauchbar,1501,16,5,4,4,91,65,signer -> nip-07-signers,Start -> what-is-nostr; People -> people; Apps -> apps/catalog; Relays -> relay-market-directory; NIPs -> nips/complete-index; Privacy -> privacy-security; Wallets -> nip-47-wallet-connect; Media -> music-video-media; Commerce -> content-sale; Governance -> dao-governance; Crays -> nostr-and-crays; Library -> archive-library,,,0,,,Nostr Lifestyle and Culture,0,,1,Nostr Lifestyle and Culture,37,0,1,P3,"Bildlogik, Alt-Texte und Duplikate pruefen"
https://www.crays.org/nostr/nostr-vs-mastodon/,nostr-vs-mastodon,Nostr vs Mastodon,People,Culture and media,People- / Projektseite,brauchbar,1433,16,5,4,4,55,63,signer -> nip-07-signers,Start -> what-is-nostr; People -> people; Apps -> apps/catalog; Relays -> relay-market-directory; NIPs -> nips/complete-index; Privacy -> privacy-security; Wallets -> nip-47-wallet-connect; Media -> music-video-media; Commerce -> content-sale; Governance -> dao-governance; Crays -> nostr-and-crays; Library -> archive-library,,,0,,,Nostr vs Mastodon,0,,1,Nostr vs Mastodon,36,0,0,P3,gezielte redaktionelle Politur und Quellenabgleich
https://www.crays.org/nostr/people/,people,"Nostr People, Founders and Builders",People,Culture and media,People- / Projektseite,brauchbar,2065,10,5,4,4,1419,68,event -> events-and-kinds,Start -> what-is-nostr; Apps -> apps/catalog; Relays -> relay-market-directory; NIPs -> nips/complete-index; Privacy -> privacy-security; Wallets -> nip-47-wallet-connect; Media -> music-video-media; Commerce -> content-sale; Governance -> dao-governance; Crays -> nostr-and-crays; Library -> archive-library; Creators -> creators,,,0,,,"Nostr People, Founders and Builders",0,,1,"Nostr People, Founders and Builders",114,0,17,P3,"Bildlogik, Alt-Texte und Duplikate pruefen"
https://www.crays.org/nostr/people/alex-gleason/,people/alex-gleason,Alex Gleason,People,Builder profiles,People- / Projektseite,brauchbar,1488,16,5,4,5,32,68,,Start -> what-is-nostr; People -> people; Apps -> apps/catalog; Relays -> relay-market-directory; NIPs -> nips/complete-index; Privacy -> privacy-security; Wallets -> nip-47-wallet-connect; Media -> music-video-media; Commerce -> content-sale; Governance -> dao-governance; Crays -> nostr-and-crays; Library -> archive-library,,,0,,,Alex Gleason,0,,1,Alex Gleason,38,0,2,P3,"Bildlogik, Alt-Texte und Duplikate pruefen"
https://www.crays.org/nostr/people/ben-perrin-btc-sessions/,people/ben-perrin-btc-sessions,Ben Perrin (BTC Sessions),People,Builder profiles,People- / Projektseite,brauchbar,1559,16,5,4,5,31,68,,Start -> what-is-nostr; People -> people; Apps -> apps/catalog; Relays -> relay-market-directory; NIPs -> nips/complete-index; Privacy -> privacy-security; Wallets -> nip-47-wallet-connect; Media -> music-video-media; Commerce -> content-sale; Governance -> dao-governance; Crays -> nostr-and-crays; Library -> archive-library,,,0,,,Ben Perrin (BTC Sessions),0,,1,Ben Perrin (BTC Sessions),38,0,1,P3,"Bildlogik, Alt-Texte und Duplikate pruefen"
https://www.crays.org/nostr/people/derek-ross/,people/derek-ross,Derek Ross,People,Builder profiles,People- / Projektseite,brauchbar,1521,16,5,4,5,31,66,,Start -> what-is-nostr; People -> people; Apps -> apps/catalog; Relays -> relay-market-directory; NIPs -> nips/complete-index; Privacy -> privacy-security; Wallets -> nip-47-wallet-connect; Media -> music-video-media; Commerce -> content-sale; Governance -> dao-governance; Crays -> nostr-and-crays; Library -> archive-library,,,0,,,Derek Ross,0,,1,Derek Ross,38,0,2,P3,"Bildlogik, Alt-Texte und Duplikate pruefen"
https://www.crays.org/nostr/people/enoch-root/,people/enoch-root,Enoch Root,People,Builder profiles,People- / Projektseite,brauchbar,1387,11,4,4,4,343,58,event -> events-and-kinds,Start -> what-is-nostr; People -> people; Apps -> apps/catalog; Relays -> relay-market-directory; NIPs -> nips/complete-index; Privacy -> privacy-security; Wallets -> nip-47-wallet-connect; Media -> music-video-media; Commerce -> content-sale; Governance -> dao-governance; Crays -> nostr-and-crays; Library -> archive-library,,,0,,,Enoch Root,0,,1,Enoch Root,36,0,1,P3,"Bildlogik, Alt-Texte und Duplikate pruefen"
https://www.crays.org/nostr/people/evan-henshaw-plath-rabble/,people/evan-henshaw-plath-rabble,Evan Henshaw-Plath (Rabble),People,Builder profiles,People- / Projektseite,brauchbar,1557,16,5,4,5,31,69,,Start -> what-is-nostr; People -> people; Apps -> apps/catalog; Relays -> relay-market-directory; NIPs -> nips/complete-index; Privacy -> privacy-security; Wallets -> nip-47-wallet-connect; Media -> music-video-media; Commerce -> content-sale; Governance -> dao-governance; Crays -> nostr-and-crays; Library -> archive-library,,,0,,,Evan Henshaw-Plath (Rabble),0,,1,Evan Henshaw-Plath (Rabble),38,0,1,P3,"Bildlogik, Alt-Texte und Duplikate pruefen"
https://www.crays.org/nostr/people/ez-no-bullshit-bitcoin/,people/ez-no-bullshit-bitcoin,EZ,People,Builder profiles,People- / Projektseite,brauchbar,1503,16,5,4,5,31,66,,Start -> what-is-nostr; People -> people; Apps -> apps/catalog; Relays -> relay-market-directory; NIPs -> nips/complete-index; Privacy -> privacy-security; Wallets -> nip-47-wallet-connect; Media -> music-video-media; Commerce -> content-sale; Governance -> dao-governance; Crays -> nostr-and-crays; Library -> archive-library,,,0,,,EZ,0,,1,EZ,38,0,1,P3,"Bildlogik, Alt-Texte und Duplikate pruefen"
https://www.crays.org/nostr/people/fiatjaf/,people/fiatjaf,fiatjaf,People,Builder profiles,People- / Projektseite,brauchbar,1525,16,5,4,5,36,68,,Start -> what-is-nostr; People -> people; Apps -> apps/catalog; Relays -> relay-market-directory; NIPs -> nips/complete-index; Privacy -> privacy-security; Wallets -> nip-47-wallet-connect; Media -> music-video-media; Commerce -> content-sale; Governance -> dao-governance; Crays -> nostr-and-crays; Library -> archive-library,,,0,,,fiatjaf,0,,1,fiatjaf,38,0,2,P3,"Bildlogik, Alt-Texte und Duplikate pruefen"
https://www.crays.org/nostr/people/gareth-tyson/,people/gareth-tyson,Gareth Tyson,People,Builder profiles,People- / Projektseite,brauchbar,1497,16,5,4,5,31,65,,Start -> what-is-nostr; People -> people; Apps -> apps/catalog; Relays -> relay-market-directory; NIPs -> nips/complete-index; Privacy -> privacy-security; Wallets -> nip-47-wallet-connect; Media -> music-video-media; Commerce -> content-sale; Governance -> dao-governance; Crays -> nostr-and-crays; Library -> archive-library,,,0,,,Gareth Tyson,0,,1,Gareth Tyson,38,0,1,P3,"Bildlogik, Alt-Texte und Duplikate pruefen"
https://www.crays.org/nostr/people/george-kaloudis/,people/george-kaloudis,George Kaloudis,People,Builder profiles,People- / Projektseite,brauchbar,1526,16,5,4,5,31,65,,Start -> what-is-nostr; People -> people; Apps -> apps/catalog; Relays -> relay-market-directory; NIPs -> nips/complete-index; Privacy -> privacy-security; Wallets -> nip-47-wallet-connect; Media -> music-video-media; Commerce -> content-sale; Governance -> dao-governance; Crays -> nostr-and-crays; Library -> archive-library,,,0,,,George Kaloudis,0,,1,George Kaloudis,38,0,1,P3,"Bildlogik, Alt-Texte und Duplikate pruefen"
https://www.crays.org/nostr/people/greenart7c3/,people/greenart7c3,Greenart7c3,People,Builder profiles,People- / Projektseite,brauchbar,1479,16,5,4,5,33,70,,Start -> what-is-nostr; People -> people; Apps -> apps/catalog; Relays -> relay-market-directory; NIPs -> nips/complete-index; Privacy -> privacy-security; Wallets -> nip-47-wallet-connect; Media -> music-video-media; Commerce -> content-sale; Governance -> dao-governance; Crays -> nostr-and-crays; Library -> archive-library,,,0,,,Greenart7c3,0,,1,Greenart7c3,38,0,1,P3,"Bildlogik, Alt-Texte und Duplikate pruefen"
https://www.crays.org/nostr/people/hodlbod/,people/hodlbod,Hodlbod,People,Builder profiles,People- / Projektseite,brauchbar,1481,16,5,4,5,32,68,,Start -> what-is-nostr; People -> people; Apps -> apps/catalog; Relays -> relay-market-directory; NIPs -> nips/complete-index; Privacy -> privacy-security; Wallets -> nip-47-wallet-connect; Media -> music-video-media; Commerce -> content-sale; Governance -> dao-governance; Crays -> nostr-and-crays; Library -> archive-library,,,0,,,Hodlbod,0,,1,Hodlbod,38,0,2,P3,"Bildlogik, Alt-Texte und Duplikate pruefen"
https://www.crays.org/nostr/people/hzrd149/,people/hzrd149,hzrd149,People,Builder profiles,People- / Projektseite,brauchbar,1467,16,5,4,5,33,66,,Start -> what-is-nostr; People -> people; Apps -> apps/catalog; Relays -> relay-market-directory; NIPs -> nips/complete-index; Privacy -> privacy-security; Wallets -> nip-47-wallet-connect; Media -> music-video-media; Commerce -> content-sale; Governance -> dao-governance; Crays -> nostr-and-crays; Library -> archive-library,,,0,,,hzrd149,0,,1,hzrd149,38,0,1,P3,"Bildlogik, Alt-Texte und Duplikate pruefen"
https://www.crays.org/nostr/people/jack-dorsey/,people/jack-dorsey,Jack Dorsey,People,Builder profiles,People- / Projektseite,brauchbar,1552,16,5,4,5,33,65,,Start -> what-is-nostr; People -> people; Apps -> apps/catalog; Relays -> relay-market-directory; NIPs -> nips/complete-index; Privacy -> privacy-security; Wallets -> nip-47-wallet-connect; Media -> music-video-media; Commerce -> content-sale; Governance -> dao-governance; Crays -> nostr-and-crays; Library -> archive-library,,,0,,,Jack Dorsey,0,,1,Jack Dorsey,38,0,2,P3,"Bildlogik, Alt-Texte und Duplikate pruefen"
https://www.crays.org/nostr/people/lyn-alden/,people/lyn-alden,Lyn Alden,People,Builder profiles,People- / Projektseite,brauchbar,1547,16,5,4,5,34,65,,Start -> what-is-nostr; People -> people; Apps -> apps/catalog; Relays -> relay-market-directory; NIPs -> nips/complete-index; Privacy -> privacy-security; Wallets -> nip-47-wallet-connect; Media -> music-video-media; Commerce -> content-sale; Governance -> dao-governance; Crays -> nostr-and-crays; Library -> archive-library,,,0,,,Lyn Alden,0,,1,Lyn Alden,38,0,1,P3,"Bildlogik, Alt-Texte und Duplikate pruefen"
https://www.crays.org/nostr/people/m-k-fain/,people/m-k-fain,M. K. Fain,People,Builder profiles,People- / Projektseite,brauchbar,1549,16,5,4,5,31,67,,Start -> what-is-nostr; People -> people; Apps -> apps/catalog; Relays -> relay-market-directory; NIPs -> nips/complete-index; Privacy -> privacy-security; Wallets -> nip-47-wallet-connect; Media -> music-video-media; Commerce -> content-sale; Governance -> dao-governance; Crays -> nostr-and-crays; Library -> archive-library,,,0,,,M. K. Fain,0,,1,M. K. Fain,38,0,1,P3,"Bildlogik, Alt-Texte und Duplikate pruefen"
https://www.crays.org/nostr/people/martti-malmi/,people/martti-malmi,Martti Malmi,People,Builder profiles,People- / Projektseite,brauchbar,1501,16,5,4,5,32,66,,Start -> what-is-nostr; People -> people; Apps -> apps/catalog; Relays -> relay-market-directory; NIPs -> nips/complete-index; Privacy -> privacy-security; Wallets -> nip-47-wallet-connect; Media -> music-video-media; Commerce -> content-sale; Governance -> dao-governance; Crays -> nostr-and-crays; Library -> archive-library,,,0,,,Martti Malmi,0,,1,Martti Malmi,38,0,1,P3,"Bildlogik, Alt-Texte und Duplikate pruefen"
https://www.crays.org/nostr/people/mike-dilger/,people/mike-dilger,Mike Dilger,People,Builder profiles,People- / Projektseite,brauchbar,1505,16,5,4,5,32,67,,Start -> what-is-nostr; People -> people; Apps -> apps/catalog; Relays -> relay-market-directory; NIPs -> nips/complete-index; Privacy -> privacy-security; Wallets -> nip-47-wallet-connect; Media -> music-video-media; Commerce -> content-sale; Governance -> dao-governance; Crays -> nostr-and-crays; Library -> archive-library,,,0,,,Mike Dilger,0,,1,Mike Dilger,38,0,2,P3,"Bildlogik, Alt-Texte und Duplikate pruefen"
https://www.crays.org/nostr/people/miljan-braticevic/,people/miljan-braticevic,Miljan Braticevic,People,Builder profiles,People- / Projektseite,brauchbar,1496,16,5,4,5,31,69,,Start -> what-is-nostr; People -> people; Apps -> apps/catalog; Relays -> relay-market-directory; NIPs -> nips/complete-index; Privacy -> privacy-security; Wallets -> nip-47-wallet-connect; Media -> music-video-media; Commerce -> content-sale; Governance -> dao-governance; Crays -> nostr-and-crays; Library -> archive-library,,,0,,,Miljan Braticevic,0,,1,Miljan Braticevic,38,0,1,P3,"Bildlogik, Alt-Texte und Duplikate pruefen"
https://www.crays.org/nostr/people/pablof7z/,people/pablof7z,PabloF7z,People,Builder profiles,People- / Projektseite,brauchbar,1484,16,5,4,5,32,67,,Start -> what-is-nostr; People -> people; Apps -> apps/catalog; Relays -> relay-market-directory; NIPs -> nips/complete-index; Privacy -> privacy-security; Wallets -> nip-47-wallet-connect; Media -> music-video-media; Commerce -> content-sale; Governance -> dao-governance; Crays -> nostr-and-crays; Library -> archive-library,,,0,,,PabloF7z,0,,1,PabloF7z,38,0,2,P3,"Bildlogik, Alt-Texte und Duplikate pruefen"
https://www.crays.org/nostr/people/roger-huang/,people/roger-huang,Roger Huang,People,Builder profiles,People- / Projektseite,brauchbar,1527,16,5,4,5,31,65,,Start -> what-is-nostr; People -> people; Apps -> apps/catalog; Relays -> relay-market-directory; NIPs -> nips/complete-index; Privacy -> privacy-security; Wallets -> nip-47-wallet-connect; Media -> music-video-media; Commerce -> content-sale; Governance -> dao-governance; Crays -> nostr-and-crays; Library -> archive-library,,,0,,,Roger Huang,0,,1,Roger Huang,38,0,1,P3,"Bildlogik, Alt-Texte und Duplikate pruefen"
https://www.crays.org/nostr/people/sarah-perez/,people/sarah-perez,Sarah Perez,People,Builder profiles,People- / Projektseite,brauchbar,1551,16,5,4,5,31,65,,Start -> what-is-nostr; People -> people; Apps -> apps/catalog; Relays -> relay-market-directory; NIPs -> nips/complete-index; Privacy -> privacy-security; Wallets -> nip-47-wallet-connect; Media -> music-video-media; Commerce -> content-sale; Governance -> dao-governance; Crays -> nostr-and-crays; Library -> archive-library,,,0,,,Sarah Perez,0,,1,Sarah Perez,38,0,1,P3,"Bildlogik, Alt-Texte und Duplikate pruefen"
https://www.crays.org/nostr/people/stuart-bowman/,people/stuart-bowman,Stuart Bowman,People,Builder profiles,People- / Projektseite,brauchbar,1495,16,5,4,5,32,68,,Start -> what-is-nostr; People -> people; Apps -> apps/catalog; Relays -> relay-market-directory; NIPs -> nips/complete-index; Privacy -> privacy-security; Wallets -> nip-47-wallet-connect; Media -> music-video-media; Commerce -> content-sale; Governance -> dao-governance; Crays -> nostr-and-crays; Library -> archive-library,,,0,,,Stuart Bowman,0,,1,Stuart Bowman,38,0,1,P3,"Bildlogik, Alt-Texte und Duplikate pruefen"
https://www.crays.org/nostr/people/vitor-pamplona/,people/vitor-pamplona,Vitor Pamplona,People,Builder profiles,People- / Projektseite,brauchbar,1531,16,5,4,5,31,66,,Start -> what-is-nostr; People -> people; Apps -> apps/catalog; Relays -> relay-market-directory; NIPs -> nips/complete-index; Privacy -> privacy-security; Wallets -> nip-47-wallet-connect; Media -> music-video-media; Commerce -> content-sale; Governance -> dao-governance; Crays -> nostr-and-crays; Library -> archive-library,,,0,,,Vitor Pamplona,0,,1,Vitor Pamplona,38,0,2,P3,"Bildlogik, Alt-Texte und Duplikate pruefen"
https://www.crays.org/nostr/people/william-casarin-jb55/,people/william-casarin-jb55,William Casarin (jb55),People,Builder profiles,People- / Projektseite,brauchbar,1544,16,5,4,5,31,66,,Start -> what-is-nostr; People -> people; Apps -> apps/catalog; Relays -> relay-market-directory; NIPs -> nips/complete-index; Privacy -> privacy-security; Wallets -> nip-47-wallet-connect; Media -> music-video-media; Commerce -> content-sale; Governance -> dao-governance; Crays -> nostr-and-crays; Library -> archive-library,,,0,,,William Casarin (jb55),0,,1,William Casarin (jb55),38,0,2,P3,"Bildlogik, Alt-Texte und Duplikate pruefen"
https://www.crays.org/nostr/people/yiluo-wei/,people/yiluo-wei,Yiluo Wei,People,Builder profiles,People- / Projektseite,brauchbar,1515,16,5,4,5,31,65,,Start -> what-is-nostr; People -> people; Apps -> apps/catalog; Relays -> relay-market-directory; NIPs -> nips/complete-index; Privacy -> privacy-security; Wallets -> nip-47-wallet-connect; Media -> music-video-media; Commerce -> content-sale; Governance -> dao-governance; Crays -> nostr-and-crays; Library -> archive-library,,,0,,,Yiluo Wei,0,,1,Yiluo Wei,38,0,1,P3,"Bildlogik, Alt-Texte und Duplikate pruefen"
https://www.crays.org/nostr/people/yuki-kishimoto/,people/yuki-kishimoto,Yuki Kishimoto,People,Builder profiles,People- / Projektseite,brauchbar,1498,16,5,4,5,31,66,,Start -> what-is-nostr; People -> people; Apps -> apps/catalog; Relays -> relay-market-directory; NIPs -> nips/complete-index; Privacy -> privacy-security; Wallets -> nip-47-wallet-connect; Media -> music-video-media; Commerce -> content-sale; Governance -> dao-governance; Crays -> nostr-and-crays; Library -> archive-library,,,0,,,Yuki Kishimoto,0,,1,Yuki Kishimoto,38,0,2,P3,"Bildlogik, Alt-Texte und Duplikate pruefen"
https://www.crays.org/nostr/deep-dives/nostr-legal-and-compliance/,deep-dives/nostr-legal-and-compliance,Nostr Legal and Compliance,Privacy,Deep dives,Tiefenartikel,brauchbar,1672,15,5,4,5,37,48,,Start -> what-is-nostr; People -> people; Apps -> apps/catalog; Relays -> relay-market-directory; NIPs -> nips/complete-index; Privacy -> privacy-security; Wallets -> nip-47-wallet-connect; Media -> music-video-media; Commerce -> content-sale; Governance -> dao-governance; Crays -> nostr-and-crays; Library -> archive-library,,,0,,,Nostr Legal and Compliance,0,,1,Nostr Legal and Compliance,20,0,0,P3,gezielte redaktionelle Politur und Quellenabgleich
https://www.crays.org/nostr/deep-dives/nostr-security-threat-model/,deep-dives/nostr-security-threat-model,Nostr Security Threat Model,Privacy,Deep dives,Tiefenartikel,brauchbar,1670,15,5,4,5,20,48,,Start -> what-is-nostr; People -> people; Apps -> apps/catalog; Relays -> relay-market-directory; NIPs -> nips/complete-index; Privacy -> privacy-security; Wallets -> nip-47-wallet-connect; Media -> music-video-media; Commerce -> content-sale; Governance -> dao-governance; Crays -> nostr-and-crays; Library -> archive-library,,,0,,,Nostr Security Threat Model,0,,1,Nostr Security Threat Model,20,0,0,P3,gezielte redaktionelle Politur und Quellenabgleich
https://www.crays.org/nostr/deep-dives/nostr-spam-and-abuse/,deep-dives/nostr-spam-and-abuse,Nostr Spam and Abuse,Privacy,Deep dives,Tiefenartikel,brauchbar,1674,15,5,4,5,37,48,,Start -> what-is-nostr; People -> people; Apps -> apps/catalog; Relays -> relay-market-directory; NIPs -> nips/complete-index; Privacy -> privacy-security; Wallets -> nip-47-wallet-connect; Media -> music-video-media; Commerce -> content-sale; Governance -> dao-governance; Crays -> nostr-and-crays; Library -> archive-library,,,0,,,Nostr Spam and Abuse,0,,1,Nostr Spam and Abuse,20,0,0,P3,gezielte redaktionelle Politur und Quellenabgleich
https://www.crays.org/nostr/deep-dives/web-of-trust-in-practice/,deep-dives/web-of-trust-in-practice,Web of Trust in Practice,Privacy,Deep dives,Tiefenartikel,brauchbar,1692,15,5,4,5,61,48,,Start -> what-is-nostr; People -> people; Apps -> apps/catalog; Relays -> relay-market-directory; NIPs -> nips/complete-index; Privacy -> privacy-security; Wallets -> nip-47-wallet-connect; Media -> music-video-media; Commerce -> content-sale; Governance -> dao-governance; Crays -> nostr-and-crays; Library -> archive-library,,,0,,,Web of Trust in Practice,0,,1,Web of Trust in Practice,20,0,0,P3,gezielte redaktionelle Politur und Quellenabgleich
https://www.crays.org/nostr/free-speech-censorship/,free-speech-censorship,"Nostr, Free Speech and Censorship Resistance",Privacy,Privacy and trust,Oekosystem-Seite,brauchbar,1522,15,5,4,5,63,41,,Start -> what-is-nostr; People -> people; Apps -> apps/catalog; Relays -> relay-market-directory; NIPs -> nips/complete-index; Privacy -> privacy-security; Wallets -> nip-47-wallet-connect; Media -> music-video-media; Commerce -> content-sale; Governance -> dao-governance; Crays -> nostr-and-crays; Library -> archive-library,,,0,,,"Nostr, Free Speech and Censorship Resistance",0,,1,"Nostr, Free Speech and Censorship Resistance",19,0,0,P3,gezielte redaktionelle Politur und Quellenabgleich
https://www.crays.org/nostr/keys-identity/,keys-identity,Nostr Keys and Identity,Privacy,Privacy and trust,Oekosystem-Seite,brauchbar,1486,15,5,4,5,1407,41,,Start -> what-is-nostr; People -> people; Apps -> apps/catalog; Relays -> relay-market-directory; NIPs -> nips/complete-index; Privacy -> privacy-security; Wallets -> nip-47-wallet-connect; Media -> music-video-media; Commerce -> content-sale; Governance -> dao-governance; Crays -> nostr-and-crays; Library -> archive-library,,,0,,,Nostr Keys and Identity,0,,1,Nostr Keys and Identity,18,0,0,P3,gezielte redaktionelle Politur und Quellenabgleich
https://www.crays.org/nostr/moderation-discovery/,moderation-discovery,Moderation and Discovery on Nostr,Privacy,Privacy and trust,Oekosystem-Seite,brauchbar,1508,15,5,4,4,78,44,signer -> nip-07-signers,Start -> what-is-nostr; People -> people; Apps -> apps/catalog; Relays -> relay-market-directory; NIPs -> nips/complete-index; Privacy -> privacy-security; Wallets -> nip-47-wallet-connect; Media -> music-video-media; Commerce -> content-sale; Governance -> dao-governance; Crays -> nostr-and-crays; Library -> archive-library,,,0,,,Moderation and Discovery on Nostr,0,,1,Moderation and Discovery on Nostr,19,0,0,P3,gezielte redaktionelle Politur und Quellenabgleich
https://www.crays.org/nostr/nip-44-encryption/,nip-44-encryption,NIP-44: Encrypted Payloads,Privacy,NIP explainer pages,NIP-Seite,brauchbar,1191,10,4,4,4,265,35,zap -> nip-57-zaps-lightning,Start -> what-is-nostr; People -> people; Apps -> apps/catalog; Relays -> relay-market-directory; NIPs -> nips/complete-index; Privacy -> privacy-security; Wallets -> nip-47-wallet-connect; Media -> music-video-media; Commerce -> content-sale; Governance -> dao-governance; Crays -> nostr-and-crays; Library -> archive-library,,,0,,,NIP-44: Encrypted Payloads,0,,1,NIP-44: Encrypted Payloads,18,0,0,P3,gezielte redaktionelle Politur und Quellenabgleich
https://www.crays.org/nostr/nip-46-remote-signing/,nip-46-remote-signing,NIP-46: Remote Signing and Nostr Connect,Privacy,NIP explainer pages,NIP-Seite,brauchbar,1223,10,4,4,4,547,32,event -> events-and-kinds; zap -> nip-57-zaps-lightning,Start -> what-is-nostr; People -> people; Apps -> apps/catalog; Relays -> relay-market-directory; NIPs -> nips/complete-index; Privacy -> privacy-security; Wallets -> nip-47-wallet-connect; Media -> music-video-media; Commerce -> content-sale; Governance -> dao-governance; Crays -> nostr-and-crays; Library -> archive-library,,,0,,,NIP-46: Remote Signing and Nostr Connect,0,,1,NIP-46: Remote Signing and Nostr Connect,18,0,0,P3,gezielte redaktionelle Politur und Quellenabgleich
https://www.crays.org/nostr/nip-98-http-auth/,nip-98-http-auth,NIP-98: HTTP Auth,Privacy,NIP explainer pages,NIP-Seite,brauchbar,1180,10,4,4,4,262,35,event -> events-and-kinds; zap -> nip-57-zaps-lightning,Start -> what-is-nostr; People -> people; Apps -> apps/catalog; Relays -> relay-market-directory; NIPs -> nips/complete-index; Privacy -> privacy-security; Wallets -> nip-47-wallet-connect; Media -> music-video-media; Commerce -> content-sale; Governance -> dao-governance; Crays -> nostr-and-crays; Library -> archive-library,,,0,,,NIP-98: HTTP Auth,0,,1,NIP-98: HTTP Auth,18,0,0,P3,gezielte redaktionelle Politur und Quellenabgleich
https://www.crays.org/nostr/privacy-security/,privacy-security,Nostr Privacy and Security,Privacy,Privacy and trust,Oekosystem-Seite,brauchbar,1438,15,5,4,5,1419,42,,Start -> what-is-nostr; People -> people; Apps -> apps/catalog; Relays -> relay-market-directory; NIPs -> nips/complete-index; Wallets -> nip-47-wallet-connect; Media -> music-video-media; Commerce -> content-sale; Governance -> dao-governance; Crays -> nostr-and-crays; Library -> archive-library; Keys -> keys-identity,,,0,,,Nostr Privacy and Security,0,,1,Nostr Privacy and Security,18,0,0,P3,gezielte redaktionelle Politur und Quellenabgleich
https://www.crays.org/nostr/search-and-web-of-trust/,search-and-web-of-trust,Nostr Search and Web of Trust,Privacy,Privacy and trust,Oekosystem-Seite,brauchbar,1512,15,5,4,5,42,42,,Start -> what-is-nostr; People -> people; Apps -> apps/catalog; Relays -> relay-market-directory; NIPs -> nips/complete-index; Privacy -> privacy-security; Wallets -> nip-47-wallet-connect; Media -> music-video-media; Commerce -> content-sale; Governance -> dao-governance; Crays -> nostr-and-crays; Library -> archive-library,,,0,,,Nostr Search and Web of Trust,0,,1,Nostr Search and Web of Trust,19,0,0,P3,gezielte redaktionelle Politur und Quellenabgleich
https://www.crays.org/nostr/deep-dives/outbox-model/,deep-dives/outbox-model,Outbox Model,Relays,Deep dives,Tiefenartikel,brauchbar,1630,15,5,4,5,51,85,,Start -> what-is-nostr; People -> people; Apps -> apps/catalog; Relays -> relay-market-directory; NIPs -> nips/complete-index; Privacy -> privacy-security; Wallets -> nip-47-wallet-connect; Media -> music-video-media; Commerce -> content-sale; Governance -> dao-governance; Crays -> nostr-and-crays; Library -> archive-library,,,0,,,Outbox Model,0,,1,Outbox Model,28,0,0,P3,gezielte redaktionelle Politur und Quellenabgleich
https://www.crays.org/nostr/deep-dives/relay-business-models/,deep-dives/relay-business-models,Relay Business Models,Relays,Deep dives,Tiefenartikel,brauchbar,1646,15,5,4,5,50,85,,Start -> what-is-nostr; People -> people; Apps -> apps/catalog; Relays -> relay-market-directory; NIPs -> nips/complete-index; Privacy -> privacy-security; Wallets -> nip-47-wallet-connect; Media -> music-video-media; Commerce -> content-sale; Governance -> dao-governance; Crays -> nostr-and-crays; Library -> archive-library,,,0,,,Relay Business Models,0,,1,Relay Business Models,28,0,0,P3,gezielte redaktionelle Politur und Quellenabgleich
https://www.crays.org/nostr/field-guide/relay-selection/,field-guide/relay-selection,Relay Selection: Nostr Field Guide,Relays,Field guides,Oekosystem-Seite,brauchbar,2735,27,5,4,5,719,78,,Start -> what-is-nostr; People -> people; Apps -> apps/catalog; Relays -> relay-market-directory; NIPs -> nips/complete-index; Privacy -> privacy-security; Wallets -> nip-47-wallet-connect; Media -> music-video-media; Commerce -> content-sale; Governance -> dao-governance; Crays -> nostr-and-crays; Library -> archive-library,,,0,,,Relay Selection: Nostr Field Guide,0,,1,Relay Selection: Nostr Field Guide,26,0,0,P3,gezielte redaktionelle Politur und Quellenabgleich
https://www.crays.org/nostr/nip-42-relay-auth/,nip-42-relay-auth,NIP-42: Client Authentication to Relays,Relays,NIP explainer pages,NIP-Seite,brauchbar,1195,10,4,4,4,307,74,zap -> nip-57-zaps-lightning,Start -> what-is-nostr; People -> people; Apps -> apps/catalog; Relays -> relay-market-directory; NIPs -> nips/complete-index; Privacy -> privacy-security; Wallets -> nip-47-wallet-connect; Media -> music-video-media; Commerce -> content-sale; Governance -> dao-governance; Crays -> nostr-and-crays; Library -> archive-library,,,0,,,NIP-42: Client Authentication to Relays,0,,1,NIP-42: Client Authentication to Relays,24,0,0,P3,gezielte redaktionelle Politur und Quellenabgleich
https://www.crays.org/nostr/nip-65-relay-list/,nip-65-relay-list,NIP-65: Relay List Metadata,Relays,NIP explainer pages,NIP-Seite,brauchbar,1190,10,4,4,4,308,74,zap -> nip-57-zaps-lightning,Start -> what-is-nostr; People -> people; Apps -> apps/catalog; Relays -> relay-market-directory; NIPs -> nips/complete-index; Privacy -> privacy-security; Wallets -> nip-47-wallet-connect; Media -> music-video-media; Commerce -> content-sale; Governance -> dao-governance; Crays -> nostr-and-crays; Library -> archive-library,,,0,,,NIP-65: Relay List Metadata,0,,1,NIP-65: Relay List Metadata,24,0,0,P3,gezielte redaktionelle Politur und Quellenabgleich
https://www.crays.org/nostr/nips/nip-11/,nips/nip-11,NIP-11: NIP-11,Relays,NIP reference pages,NIP-Seite,brauchbar,1532,13,5,4,4,51,75,zap -> nip-57-zaps-lightning,Start -> what-is-nostr; People -> people; Apps -> apps/catalog; Relays -> relay-market-directory; NIPs -> nips/complete-index; Privacy -> privacy-security; Wallets -> nip-47-wallet-connect; Media -> music-video-media; Commerce -> content-sale; Governance -> dao-governance; Crays -> nostr-and-crays; Library -> archive-library,,,0,,,NIP-11: NIP-11,0,,1,NIP-11: NIP-11,26,0,0,P3,gezielte redaktionelle Politur und Quellenabgleich
https://www.crays.org/nostr/nips/nip-50/,nips/nip-50,NIP-50: NIP-50,Relays,NIP reference pages,NIP-Seite,brauchbar,1533,13,5,4,4,51,75,zap -> nip-57-zaps-lightning,Start -> what-is-nostr; People -> people; Apps -> apps/catalog; Relays -> relay-market-directory; NIPs -> nips/complete-index; Privacy -> privacy-security; Wallets -> nip-47-wallet-connect; Media -> music-video-media; Commerce -> content-sale; Governance -> dao-governance; Crays -> nostr-and-crays; Library -> archive-library,,,0,,,NIP-50: NIP-50,0,,1,NIP-50: NIP-50,26,0,0,P3,gezielte redaktionelle Politur und Quellenabgleich
https://www.crays.org/nostr/nips/nip-66/,nips/nip-66,NIP-66: NIP-66,Relays,NIP reference pages,NIP-Seite,brauchbar,1526,13,5,4,4,51,76,zap -> nip-57-zaps-lightning,Start -> what-is-nostr; People -> people; Apps -> apps/catalog; Relays -> relay-market-directory; NIPs -> nips/complete-index; Privacy -> privacy-security; Wallets -> nip-47-wallet-connect; Media -> music-video-media; Commerce -> content-sale; Governance -> dao-governance; Crays -> nostr-and-crays; Library -> archive-library,,,0,,,NIP-66: NIP-66,0,,1,NIP-66: NIP-66,26,0,0,P3,gezielte redaktionelle Politur und Quellenabgleich
https://www.crays.org/nostr/relay-market-directory/,relay-market-directory,Nostr Relay Market Directory,Relays,Relay map,Oekosystem-Seite,brauchbar,1620,14,5,4,5,1419,78,,Start -> what-is-nostr; People -> people; Apps -> apps/catalog; NIPs -> nips/complete-index; Privacy -> privacy-security; Wallets -> nip-47-wallet-connect; Media -> music-video-media; Commerce -> content-sale; Governance -> dao-governance; Crays -> nostr-and-crays; Library -> archive-library; Relays -> relays,,,0,,,Nostr Relay Market Directory,0,,1,Nostr Relay Market Directory,40,0,0,P3,gezielte redaktionelle Politur und Quellenabgleich
https://www.crays.org/nostr/relays/,relays,Nostr Relays,Relays,Relay map,Oekosystem-Seite,brauchbar,1414,15,5,4,4,1419,78,signer -> nip-07-signers,Start -> what-is-nostr; People -> people; Apps -> apps/catalog; Relays -> relay-market-directory; NIPs -> nips/complete-index; Privacy -> privacy-security; Wallets -> nip-47-wallet-connect; Media -> music-video-media; Commerce -> content-sale; Governance -> dao-governance; Crays -> nostr-and-crays; Library -> archive-library,,,0,,,Nostr Relays,0,,1,Nostr Relays,25,0,0,P3,gezielte redaktionelle Politur und Quellenabgleich
https://www.crays.org/nostr/relays/research-atlas/,relays/research-atlas,Relay and infrastructure research,Relays,Relay map,Oekosystem-Seite,brauchbar,1528,8,5,4,4,694,77,signer -> nip-07-signers,Start -> what-is-nostr; People -> people; Apps -> apps/catalog; Relays -> relay-market-directory; NIPs -> nips/complete-index; Privacy -> privacy-security; Wallets -> nip-47-wallet-connect; Media -> music-video-media; Commerce -> content-sale; Governance -> dao-governance; Crays -> nostr-and-crays; Library -> archive-library,,,0,,,Relay and infrastructure research,0,,1,Relay and infrastructure research,30,0,0,P3,gezielte redaktionelle Politur und Quellenabgleich
https://www.crays.org/nostr/relays/research/authentication-of-clients-to-relays/,relays/research/authentication-of-clients-to-relays,Authentication of clients to relays,Relays,Relay map,Oekosystem-Seite,brauchbar,1520,12,5,4,4,50,78,signer -> nip-07-signers,Start -> what-is-nostr; People -> people; Apps -> apps/catalog; Relays -> relay-market-directory; NIPs -> nips/complete-index; Privacy -> privacy-security; Wallets -> nip-47-wallet-connect; Media -> music-video-media; Commerce -> content-sale; Governance -> dao-governance; Crays -> nostr-and-crays; Library -> archive-library,,,0,,,Authentication of clients to relays,0,,1,Authentication of clients to relays,28,0,0,P3,gezielte redaktionelle Politur und Quellenabgleich
https://www.crays.org/nostr/relays/research/bitvora-wot-relay/,relays/research/bitvora-wot-relay,bitvora/wot-relay,Relays,Relay map,Oekosystem-Seite,brauchbar,1398,12,4,4,4,50,77,signer -> nip-07-signers,Start -> what-is-nostr; People -> people; Apps -> apps/catalog; Relays -> relay-market-directory; NIPs -> nips/complete-index; Privacy -> privacy-security; Wallets -> nip-47-wallet-connect; Media -> music-video-media; Commerce -> content-sale; Governance -> dao-governance; Crays -> nostr-and-crays; Library -> archive-library,,,0,,,bitvora/wot-relay,0,,1,bitvora/wot-relay,28,0,0,P3,gezielte redaktionelle Politur und Quellenabgleich
https://www.crays.org/nostr/relays/research/citrine/,relays/research/citrine,Citrine,Relays,Relay map,Oekosystem-Seite,brauchbar,1373,12,4,4,4,50,78,signer -> nip-07-signers,Start -> what-is-nostr; People -> people; Apps -> apps/catalog; Relays -> relay-market-directory; NIPs -> nips/complete-index; Privacy -> privacy-security; Wallets -> nip-47-wallet-connect; Media -> music-video-media; Commerce -> content-sale; Governance -> dao-governance; Crays -> nostr-and-crays; Library -> archive-library,,,0,,,Citrine,0,,1,Citrine,30,0,0,P3,gezielte redaktionelle Politur und Quellenabgleich
https://www.crays.org/nostr/relays/research/counting-results/,relays/research/counting-results,Counting Results,Relays,Relay map,Oekosystem-Seite,brauchbar,1424,12,5,4,4,50,78,signer -> nip-07-signers,Start -> what-is-nostr; People -> people; Apps -> apps/catalog; Relays -> relay-market-directory; NIPs -> nips/complete-index; Privacy -> privacy-security; Wallets -> nip-47-wallet-connect; Media -> music-video-media; Commerce -> content-sale; Governance -> dao-governance; Crays -> nostr-and-crays; Library -> archive-library,,,0,,,Counting Results,0,,1,Counting Results,28,0,0,P3,gezielte redaktionelle Politur und Quellenabgleich
https://www.crays.org/nostr/relays/research/ditto-relay/,relays/research/ditto-relay,Ditto relay,Relays,Relay map,Oekosystem-Seite,brauchbar,1419,12,5,4,4,50,78,signer -> nip-07-signers,Start -> what-is-nostr; People -> people; Apps -> apps/catalog; Relays -> relay-market-directory; NIPs -> nips/complete-index; Privacy -> privacy-security; Wallets -> nip-47-wallet-connect; Media -> music-video-media; Commerce -> content-sale; Governance -> dao-governance; Crays -> nostr-and-crays; Library -> archive-library,,,0,,,Ditto relay,0,,1,Ditto relay,29,0,0,P3,gezielte redaktionelle Politur und Quellenabgleich
https://www.crays.org/nostr/relays/research/grain/,relays/research/grain,grain,Relays,Relay map,Oekosystem-Seite,brauchbar,1372,12,4,4,4,50,77,signer -> nip-07-signers,Start -> what-is-nostr; People -> people; Apps -> apps/catalog; Relays -> relay-market-directory; NIPs -> nips/complete-index; Privacy -> privacy-security; Wallets -> nip-47-wallet-connect; Media -> music-video-media; Commerce -> content-sale; Governance -> dao-governance; Crays -> nostr-and-crays; Library -> archive-library,,,0,,,grain,0,,1,grain,28,0,0,P3,gezielte redaktionelle Politur und Quellenabgleich
https://www.crays.org/nostr/relays/research/khatru/,relays/research/khatru,Khatru,Relays,Relay map,Oekosystem-Seite,brauchbar,1370,12,4,4,4,50,78,signer -> nip-07-signers,Start -> what-is-nostr; People -> people; Apps -> apps/catalog; Relays -> relay-market-directory; NIPs -> nips/complete-index; Privacy -> privacy-security; Wallets -> nip-47-wallet-connect; Media -> music-video-media; Commerce -> content-sale; Governance -> dao-governance; Crays -> nostr-and-crays; Library -> archive-library,,,0,,,Khatru,0,,1,Khatru,28,0,0,P3,gezielte redaktionelle Politur und Quellenabgleich
https://www.crays.org/nostr/relays/research/myrelay-page/,relays/research/myrelay-page,myrelay.page,Relays,Relay map,Oekosystem-Seite,brauchbar,1396,12,4,4,4,50,77,signer -> nip-07-signers,Start -> what-is-nostr; People -> people; Apps -> apps/catalog; Relays -> relay-market-directory; NIPs -> nips/complete-index; Privacy -> privacy-security; Wallets -> nip-47-wallet-connect; Media -> music-video-media; Commerce -> content-sale; Governance -> dao-governance; Crays -> nostr-and-crays; Library -> archive-library,,,0,,,myrelay.page,0,,1,myrelay.page,28,0,0,P3,gezielte redaktionelle Politur und Quellenabgleich
https://www.crays.org/nostr/relays/research/nip-11-relay-information-document/,relays/research/nip-11-relay-information-document,NIP-11: Relay Information Document,Relays,Relay map,NIP-Seite,brauchbar,1482,12,5,4,4,50,78,signer -> nip-07-signers,Start -> what-is-nostr; People -> people; Apps -> apps/catalog; Relays -> relay-market-directory; NIPs -> nips/complete-index; Privacy -> privacy-security; Wallets -> nip-47-wallet-connect; Media -> music-video-media; Commerce -> content-sale; Governance -> dao-governance; Crays -> nostr-and-crays; Library -> archive-library,,,0,,,NIP-11: Relay Information Document,0,,1,NIP-11: Relay Information Document,28,0,0,P3,gezielte redaktionelle Politur und Quellenabgleich
https://www.crays.org/nostr/relays/research/nip-29-groups-relay/,relays/research/nip-29-groups-relay,NIP-29 Groups Relay,Relays,Relay map,NIP-Seite,brauchbar,1431,12,5,4,4,50,77,signer -> nip-07-signers,Start -> what-is-nostr; People -> people; Apps -> apps/catalog; Relays -> relay-market-directory; NIPs -> nips/complete-index; Privacy -> privacy-security; Wallets -> nip-47-wallet-connect; Media -> music-video-media; Commerce -> content-sale; Governance -> dao-governance; Crays -> nostr-and-crays; Library -> archive-library,,,0,,,NIP-29 Groups Relay,0,,1,NIP-29 Groups Relay,28,0,0,P3,gezielte redaktionelle Politur und Quellenabgleich
https://www.crays.org/nostr/relays/research/nip-29-relay-based-groups/,relays/research/nip-29-relay-based-groups,NIP-29: Relay-based Groups,Relays,Relay map,NIP-Seite,brauchbar,1456,12,5,4,4,50,79,signer -> nip-07-signers,Start -> what-is-nostr; People -> people; Apps -> apps/catalog; Relays -> relay-market-directory; NIPs -> nips/complete-index; Privacy -> privacy-security; Wallets -> nip-47-wallet-connect; Media -> music-video-media; Commerce -> content-sale; Governance -> dao-governance; Crays -> nostr-and-crays; Library -> archive-library,,,0,,,NIP-29: Relay-based Groups,0,,1,NIP-29: Relay-based Groups,28,0,0,P3,gezielte redaktionelle Politur und Quellenabgleich
https://www.crays.org/nostr/relays/research/nip-42-authentication-of-clients-to-relays/,relays/research/nip-42-authentication-of-clients-to-relays,NIP-42: Authentication of clients to relays,Relays,Relay map,NIP-Seite,brauchbar,1548,12,5,4,4,50,78,signer -> nip-07-signers,Start -> what-is-nostr; People -> people; Apps -> apps/catalog; Relays -> relay-market-directory; NIPs -> nips/complete-index; Privacy -> privacy-security; Wallets -> nip-47-wallet-connect; Media -> music-video-media; Commerce -> content-sale; Governance -> dao-governance; Crays -> nostr-and-crays; Library -> archive-library,,,0,,,NIP-42: Authentication of clients to relays,0,,1,NIP-42: Authentication of clients to relays,28,0,0,P3,gezielte redaktionelle Politur und Quellenabgleich
https://www.crays.org/nostr/relays/research/nip-43-relay-access-metadata-and-requests/,relays/research/nip-43-relay-access-metadata-and-requests,NIP-43: Relay Access Metadata and Requests,Relays,Relay map,NIP-Seite,brauchbar,1546,12,5,4,4,50,78,signer -> nip-07-signers,Start -> what-is-nostr; People -> people; Apps -> apps/catalog; Relays -> relay-market-directory; NIPs -> nips/complete-index; Privacy -> privacy-security; Wallets -> nip-47-wallet-connect; Media -> music-video-media; Commerce -> content-sale; Governance -> dao-governance; Crays -> nostr-and-crays; Library -> archive-library,,,0,,,NIP-43: Relay Access Metadata and Requests,0,,1,NIP-43: Relay Access Metadata and Requests,28,0,0,P3,gezielte redaktionelle Politur und Quellenabgleich
https://www.crays.org/nostr/relays/research/nip-65-relay-list-metadata/,relays/research/nip-65-relay-list-metadata,NIP-65: Relay List Metadata,Relays,Relay map,NIP-Seite,brauchbar,1502,12,5,4,4,50,78,signer -> nip-07-signers,Start -> what-is-nostr; People -> people; Apps -> apps/catalog; Relays -> relay-market-directory; NIPs -> nips/complete-index; Privacy -> privacy-security; Wallets -> nip-47-wallet-connect; Media -> music-video-media; Commerce -> content-sale; Governance -> dao-governance; Crays -> nostr-and-crays; Library -> archive-library,,,0,,,NIP-65: Relay List Metadata,0,,1,NIP-65: Relay List Metadata,28,0,0,P3,gezielte redaktionelle Politur und Quellenabgleich
https://www.crays.org/nostr/relays/research/nip-66-nostr-watch-stack/,relays/research/nip-66-nostr-watch-stack,NIP-66 / nostr-watch stack,Relays,Relay map,NIP-Seite,brauchbar,1432,12,5,4,4,50,77,signer -> nip-07-signers,Start -> what-is-nostr; People -> people; Apps -> apps/catalog; Relays -> relay-market-directory; NIPs -> nips/complete-index; Privacy -> privacy-security; Wallets -> nip-47-wallet-connect; Media -> music-video-media; Commerce -> content-sale; Governance -> dao-governance; Crays -> nostr-and-crays; Library -> archive-library,,,0,,,NIP-66 / nostr-watch stack,0,,1,NIP-66 / nostr-watch stack,28,0,0,P3,gezielte redaktionelle Politur und Quellenabgleich
https://www.crays.org/nostr/relays/research/nip-66-relay-liveness-monitoring/,relays/research/nip-66-relay-liveness-monitoring,NIP-66: Relay Liveness Monitoring,Relays,Relay map,NIP-Seite,brauchbar,1494,12,5,4,4,50,78,signer -> nip-07-signers,Start -> what-is-nostr; People -> people; Apps -> apps/catalog; Relays -> relay-market-directory; NIPs -> nips/complete-index; Privacy -> privacy-security; Wallets -> nip-47-wallet-connect; Media -> music-video-media; Commerce -> content-sale; Governance -> dao-governance; Crays -> nostr-and-crays; Library -> archive-library,,,0,,,NIP-66: Relay Liveness Monitoring,0,,1,NIP-66: Relay Liveness Monitoring,28,0,0,P3,gezielte redaktionelle Politur und Quellenabgleich
https://www.crays.org/nostr/relays/research/nip-86-relay-management-api/,relays/research/nip-86-relay-management-api,NIP-86: Relay Management API,Relays,Relay map,NIP-Seite,brauchbar,1488,12,5,4,4,50,79,signer -> nip-07-signers,Start -> what-is-nostr; People -> people; Apps -> apps/catalog; Relays -> relay-market-directory; NIPs -> nips/complete-index; Privacy -> privacy-security; Wallets -> nip-47-wallet-connect; Media -> music-video-media; Commerce -> content-sale; Governance -> dao-governance; Crays -> nostr-and-crays; Library -> archive-library,,,0,,,NIP-86: Relay Management API,0,,1,NIP-86: Relay Management API,28,0,0,P3,gezielte redaktionelle Politur und Quellenabgleich
https://www.crays.org/nostr/relays/research/nostr-co-uk-relays/,relays/research/nostr-co-uk-relays,nostr.co.uk Relays,Relays,Relay map,Oekosystem-Seite,brauchbar,1474,12,5,4,4,50,78,signer -> nip-07-signers,Start -> what-is-nostr; People -> people; Apps -> apps/catalog; Relays -> relay-market-directory; NIPs -> nips/complete-index; Privacy -> privacy-security; Wallets -> nip-47-wallet-connect; Media -> music-video-media; Commerce -> content-sale; Governance -> dao-governance; Crays -> nostr-and-crays; Library -> archive-library,,,0,,,nostr.co.uk Relays,0,,1,nostr.co.uk Relays,28,0,0,P3,gezielte redaktionelle Politur und Quellenabgleich
https://www.crays.org/nostr/relays/research/nostr-design-relays/,relays/research/nostr-design-relays,Nostr Design — Relays,Relays,Relay map,Oekosystem-Seite,brauchbar,1424,12,5,4,4,50,77,signer -> nip-07-signers,Start -> what-is-nostr; People -> people; Apps -> apps/catalog; Relays -> relay-market-directory; NIPs -> nips/complete-index; Privacy -> privacy-security; Wallets -> nip-47-wallet-connect; Media -> music-video-media; Commerce -> content-sale; Governance -> dao-governance; Crays -> nostr-and-crays; Library -> archive-library,,,0,,,Nostr Design — Relays,0,,1,Nostr Design — Relays,28,0,0,P3,gezielte redaktionelle Politur und Quellenabgleich
https://www.crays.org/nostr/relays/research/nostr-how-relays/,relays/research/nostr-how-relays,Nostr.how — Relays,Relays,Relay map,Oekosystem-Seite,brauchbar,1423,12,5,4,4,50,78,signer -> nip-07-signers,Start -> what-is-nostr; People -> people; Apps -> apps/catalog; Relays -> relay-market-directory; NIPs -> nips/complete-index; Privacy -> privacy-security; Wallets -> nip-47-wallet-connect; Media -> music-video-media; Commerce -> content-sale; Governance -> dao-governance; Crays -> nostr-and-crays; Library -> archive-library,,,0,,,Nostr.how — Relays,0,,1,Nostr.how — Relays,28,0,0,P3,gezielte redaktionelle Politur und Quellenabgleich
https://www.crays.org/nostr/relays/research/nostr-relay-tray/,relays/research/nostr-relay-tray,Nostr Relay Tray,Relays,Relay map,Oekosystem-Seite,brauchbar,1431,12,5,4,4,50,78,signer -> nip-07-signers,Start -> what-is-nostr; People -> people; Apps -> apps/catalog; Relays -> relay-market-directory; NIPs -> nips/complete-index; Privacy -> privacy-security; Wallets -> nip-47-wallet-connect; Media -> music-video-media; Commerce -> content-sale; Governance -> dao-governance; Crays -> nostr-and-crays; Library -> archive-library,,,0,,,Nostr Relay Tray,0,,1,Nostr Relay Tray,30,0,0,P3,gezielte redaktionelle Politur und Quellenabgleich
https://www.crays.org/nostr/relays/research/nostr-rs-relay/,relays/research/nostr-rs-relay,nostr-rs-relay,Relays,Relay map,Oekosystem-Seite,brauchbar,1369,12,4,4,4,50,77,signer -> nip-07-signers,Start -> what-is-nostr; People -> people; Apps -> apps/catalog; Relays -> relay-market-directory; NIPs -> nips/complete-index; Privacy -> privacy-security; Wallets -> nip-47-wallet-connect; Media -> music-video-media; Commerce -> content-sale; Governance -> dao-governance; Crays -> nostr-and-crays; Library -> archive-library,,,0,,,nostr-rs-relay,0,,1,nostr-rs-relay,28,0,0,P3,gezielte redaktionelle Politur und Quellenabgleich
https://www.crays.org/nostr/relays/research/nostr-watch/,relays/research/nostr-watch,Nostr Watch,Relays,Relay map,Oekosystem-Seite,brauchbar,1420,12,5,4,4,50,77,signer -> nip-07-signers,Start -> what-is-nostr; People -> people; Apps -> apps/catalog; Relays -> relay-market-directory; NIPs -> nips/complete-index; Privacy -> privacy-security; Wallets -> nip-47-wallet-connect; Media -> music-video-media; Commerce -> content-sale; Governance -> dao-governance; Crays -> nostr-and-crays; Library -> archive-library,,,0,,,Nostr Watch,0,,1,Nostr Watch,28,0,0,P3,gezielte redaktionelle Politur und Quellenabgleich
https://www.crays.org/nostr/relays/research/nostr-wine/,relays/research/nostr-wine,nostr.wine,Relays,Relay map,Oekosystem-Seite,brauchbar,1399,12,4,4,4,50,77,signer -> nip-07-signers,Start -> what-is-nostr; People -> people; Apps -> apps/catalog; Relays -> relay-market-directory; NIPs -> nips/complete-index; Privacy -> privacy-security; Wallets -> nip-47-wallet-connect; Media -> music-video-media; Commerce -> content-sale; Governance -> dao-governance; Crays -> nostr-and-crays; Library -> archive-library,,,0,,,nostr.wine,0,,1,nostr.wine,28,0,0,P3,gezielte redaktionelle Politur und Quellenabgleich
https://www.crays.org/nostr/relays/research/nostr-wine-filter-relay/,relays/research/nostr-wine-filter-relay,nostr.wine/filter-relay,Relays,Relay map,Oekosystem-Seite,brauchbar,1429,12,5,4,4,50,77,signer -> nip-07-signers,Start -> what-is-nostr; People -> people; Apps -> apps/catalog; Relays -> relay-market-directory; NIPs -> nips/complete-index; Privacy -> privacy-security; Wallets -> nip-47-wallet-connect; Media -> music-video-media; Commerce -> content-sale; Governance -> dao-governance; Crays -> nostr-and-crays; Library -> archive-library,,,0,,,nostr.wine/filter-relay,0,,1,nostr.wine/filter-relay,28,0,0,P3,gezielte redaktionelle Politur und Quellenabgleich
https://www.crays.org/nostr/relays/research/nostream/,relays/research/nostream,nostream,Relays,Relay map,Oekosystem-Seite,brauchbar,1368,12,4,4,4,50,77,signer -> nip-07-signers,Start -> what-is-nostr; People -> people; Apps -> apps/catalog; Relays -> relay-market-directory; NIPs -> nips/complete-index; Privacy -> privacy-security; Wallets -> nip-47-wallet-connect; Media -> music-video-media; Commerce -> content-sale; Governance -> dao-governance; Crays -> nostr-and-crays; Library -> archive-library,,,0,,,nostream,0,,1,nostream,28,0,0,P3,gezielte redaktionelle Politur und Quellenabgleich
https://www.crays.org/nostr/relays/research/nostrify/,relays/research/nostrify,Nostrify,Relays,Relay map,Oekosystem-Seite,brauchbar,1372,12,4,4,4,50,77,signer -> nip-07-signers,Start -> what-is-nostr; People -> people; Apps -> apps/catalog; Relays -> relay-market-directory; NIPs -> nips/complete-index; Privacy -> privacy-security; Wallets -> nip-47-wallet-connect; Media -> music-video-media; Commerce -> content-sale; Governance -> dao-governance; Crays -> nostr-and-crays; Library -> archive-library,,,0,,,Nostrify,0,,1,Nostrify,28,0,0,P3,gezielte redaktionelle Politur und Quellenabgleich
https://www.crays.org/nostr/relays/research/relay-access-metadata-and-requests/,relays/research/relay-access-metadata-and-requests,Relay Access Metadata and Requests,Relays,Relay map,Oekosystem-Seite,brauchbar,1518,12,5,4,4,50,78,signer -> nip-07-signers,Start -> what-is-nostr; People -> people; Apps -> apps/catalog; Relays -> relay-market-directory; NIPs -> nips/complete-index; Privacy -> privacy-security; Wallets -> nip-47-wallet-connect; Media -> music-video-media; Commerce -> content-sale; Governance -> dao-governance; Crays -> nostr-and-crays; Library -> archive-library,,,0,,,Relay Access Metadata and Requests,0,,1,Relay Access Metadata and Requests,28,0,0,P3,gezielte redaktionelle Politur und Quellenabgleich
https://www.crays.org/nostr/relays/research/relay-based-groups/,relays/research/relay-based-groups,Relay-based Groups,Relays,Relay map,Oekosystem-Seite,brauchbar,1428,12,5,4,4,50,79,signer -> nip-07-signers,Start -> what-is-nostr; People -> people; Apps -> apps/catalog; Relays -> relay-market-directory; NIPs -> nips/complete-index; Privacy -> privacy-security; Wallets -> nip-47-wallet-connect; Media -> music-video-media; Commerce -> content-sale; Governance -> dao-governance; Crays -> nostr-and-crays; Library -> archive-library,,,0,,,Relay-based Groups,0,,1,Relay-based Groups,28,0,0,P3,gezielte redaktionelle Politur und Quellenabgleich
https://www.crays.org/nostr/relays/research/relay-information-document/,relays/research/relay-information-document,Relay Information Document,Relays,Relay map,Oekosystem-Seite,brauchbar,1454,12,5,4,4,50,78,signer -> nip-07-signers,Start -> what-is-nostr; People -> people; Apps -> apps/catalog; Relays -> relay-market-directory; NIPs -> nips/complete-index; Privacy -> privacy-security; Wallets -> nip-47-wallet-connect; Media -> music-video-media; Commerce -> content-sale; Governance -> dao-governance; Crays -> nostr-and-crays; Library -> archive-library,,,0,,,Relay Information Document,0,,1,Relay Information Document,28,0,0,P3,gezielte redaktionelle Politur und Quellenabgleich
https://www.crays.org/nostr/relays/research/relay-list-metadata/,relays/research/relay-list-metadata,Relay List Metadata,Relays,Relay map,Oekosystem-Seite,brauchbar,1473,12,5,4,4,50,78,signer -> nip-07-signers,Start -> what-is-nostr; People -> people; Apps -> apps/catalog; Relays -> relay-market-directory; NIPs -> nips/complete-index; Privacy -> privacy-security; Wallets -> nip-47-wallet-connect; Media -> music-video-media; Commerce -> content-sale; Governance -> dao-governance; Crays -> nostr-and-crays; Library -> archive-library,,,0,,,Relay List Metadata,0,,1,Relay List Metadata,28,0,0,P3,gezielte redaktionelle Politur und Quellenabgleich
https://www.crays.org/nostr/relays/research/relay-liveness-monitoring/,relays/research/relay-liveness-monitoring,Relay Liveness Monitoring,Relays,Relay map,Oekosystem-Seite,brauchbar,1466,12,5,4,4,50,78,signer -> nip-07-signers,Start -> what-is-nostr; People -> people; Apps -> apps/catalog; Relays -> relay-market-directory; NIPs -> nips/complete-index; Privacy -> privacy-security; Wallets -> nip-47-wallet-connect; Media -> music-video-media; Commerce -> content-sale; Governance -> dao-governance; Crays -> nostr-and-crays; Library -> archive-library,,,0,,,Relay Liveness Monitoring,0,,1,Relay Liveness Monitoring,28,0,0,P3,gezielte redaktionelle Politur und Quellenabgleich
https://www.crays.org/nostr/relays/research/relay-management-api/,relays/research/relay-management-api,Relay Management API,Relays,Relay map,Oekosystem-Seite,brauchbar,1460,12,5,4,4,50,79,signer -> nip-07-signers,Start -> what-is-nostr; People -> people; Apps -> apps/catalog; Relays -> relay-market-directory; NIPs -> nips/complete-index; Privacy -> privacy-security; Wallets -> nip-47-wallet-connect; Media -> music-video-media; Commerce -> content-sale; Governance -> dao-governance; Crays -> nostr-and-crays; Library -> archive-library,,,0,,,Relay Management API,0,,1,Relay Management API,28,0,0,P3,gezielte redaktionelle Politur und Quellenabgleich
https://www.crays.org/nostr/relays/research/relay-nostr-net-info/,relays/research/relay-nostr-net-info,relay.nostr.net info,Relays,Relay map,Oekosystem-Seite,brauchbar,1459,12,5,4,4,50,78,signer -> nip-07-signers,Start -> what-is-nostr; People -> people; Apps -> apps/catalog; Relays -> relay-market-directory; NIPs -> nips/complete-index; Privacy -> privacy-security; Wallets -> nip-47-wallet-connect; Media -> music-video-media; Commerce -> content-sale; Governance -> dao-governance; Crays -> nostr-and-crays; Library -> archive-library,,,0,,,relay.nostr.net info,0,,1,relay.nostr.net info,28,0,0,P3,gezielte redaktionelle Politur und Quellenabgleich
https://www.crays.org/nostr/relays/research/relay-setup-101-nostr-com/,relays/research/relay-setup-101-nostr-com,Relay Setup 101 — Nostr.com,Relays,Relay map,Oekosystem-Seite,brauchbar,1507,12,5,4,4,50,78,signer -> nip-07-signers,Start -> what-is-nostr; People -> people; Apps -> apps/catalog; Relays -> relay-market-directory; NIPs -> nips/complete-index; Privacy -> privacy-security; Wallets -> nip-47-wallet-connect; Media -> music-video-media; Commerce -> content-sale; Governance -> dao-governance; Crays -> nostr-and-crays; Library -> archive-library,,,0,,,Relay Setup 101 — Nostr.com,0,,1,Relay Setup 101 — Nostr.com,28,0,0,P3,gezielte redaktionelle Politur und Quellenabgleich
https://www.crays.org/nostr/relays/research/route66/,relays/research/route66,route66,Relays,Relay map,Oekosystem-Seite,brauchbar,1375,12,4,4,4,50,77,signer -> nip-07-signers,Start -> what-is-nostr; People -> people; Apps -> apps/catalog; Relays -> relay-market-directory; NIPs -> nips/complete-index; Privacy -> privacy-security; Wallets -> nip-47-wallet-connect; Media -> music-video-media; Commerce -> content-sale; Governance -> dao-governance; Crays -> nostr-and-crays; Library -> archive-library,,,0,,,route66,0,,1,route66,28,0,0,P3,gezielte redaktionelle Politur und Quellenabgleich
https://www.crays.org/nostr/relays/research/sesseor-nostr-relays-list/,relays/research/sesseor-nostr-relays-list,sesseor/nostr-relays-list,Relays,Relay map,Oekosystem-Seite,brauchbar,1407,12,5,4,4,50,77,signer -> nip-07-signers,Start -> what-is-nostr; People -> people; Apps -> apps/catalog; Relays -> relay-market-directory; NIPs -> nips/complete-index; Privacy -> privacy-security; Wallets -> nip-47-wallet-connect; Media -> music-video-media; Commerce -> content-sale; Governance -> dao-governance; Crays -> nostr-and-crays; Library -> archive-library,,,0,,,sesseor/nostr-relays-list,0,,1,sesseor/nostr-relays-list,28,0,0,P3,gezielte redaktionelle Politur und Quellenabgleich
https://www.crays.org/nostr/relays/research/sesseor-raw-relay-list/,relays/research/sesseor-raw-relay-list,sesseor raw relay list,Relays,Relay map,Oekosystem-Seite,brauchbar,1459,12,5,4,4,50,77,signer -> nip-07-signers,Start -> what-is-nostr; People -> people; Apps -> apps/catalog; Relays -> relay-market-directory; NIPs -> nips/complete-index; Privacy -> privacy-security; Wallets -> nip-47-wallet-connect; Media -> music-video-media; Commerce -> content-sale; Governance -> dao-governance; Crays -> nostr-and-crays; Library -> archive-library,,,0,,,sesseor raw relay list,0,,1,sesseor raw relay list,28,0,0,P3,gezielte redaktionelle Politur und Quellenabgleich
https://www.crays.org/nostr/relays/research/strfry/,relays/research/strfry,strfry,Relays,Relay map,Oekosystem-Seite,brauchbar,1371,12,4,4,4,50,77,signer -> nip-07-signers,Start -> what-is-nostr; People -> people; Apps -> apps/catalog; Relays -> relay-market-directory; NIPs -> nips/complete-index; Privacy -> privacy-security; Wallets -> nip-47-wallet-connect; Media -> music-video-media; Commerce -> content-sale; Governance -> dao-governance; Crays -> nostr-and-crays; Library -> archive-library,,,0,,,strfry,0,,1,strfry,28,0,0,P3,gezielte redaktionelle Politur und Quellenabgleich
https://www.crays.org/nostr/getting-started/,getting-started,Getting Started with Nostr,Start,Core concepts,Start- / Einstiegseite,brauchbar,1167,12,4,4,5,29,48,,Start -> what-is-nostr; People -> people; Apps -> apps/catalog; Relays -> relay-market-directory; NIPs -> nips/complete-index; Privacy -> privacy-security; Wallets -> nip-47-wallet-connect; Media -> music-video-media; Commerce -> content-sale; Governance -> dao-governance; Crays -> nostr-and-crays; Library -> archive-library,,,0,,,Getting Started with Nostr,0,,1,Getting Started with Nostr,22,0,1,P3,"Bildlogik, Alt-Texte und Duplikate pruefen"
https://www.crays.org/nostr/glossary/,glossary,Nostr Glossary,Start,Core concepts,Begriffserklaerung,brauchbar,1615,16,5,4,5,12,54,,Start -> what-is-nostr; People -> people; Apps -> apps/catalog; Relays -> relay-market-directory; NIPs -> nips/complete-index; Privacy -> privacy-security; Wallets -> nip-47-wallet-connect; Media -> music-video-media; Commerce -> content-sale; Governance -> dao-governance; Crays -> nostr-and-crays; Library -> archive-library,,,0,,,Nostr Glossary,0,,1,Nostr Glossary,19,0,1,P3,"Bildlogik, Alt-Texte und Duplikate pruefen"
https://www.crays.org/nostr/nostr-media-article-video-archive/,nostr-media-article-video-archive,"Nostr Media, Articles and Video Archive",Start,Core concepts,Grundlagenartikel,brauchbar,10367,16,5,4,4,737,45,Blossom -> deep-dives/blossom-servers-and-relays; Cashu -> deep-dives/safebox-sovereign-wallet-records; Safebox -> apps/safebox,Start -> what-is-nostr; People -> people; Apps -> apps/catalog; Relays -> relay-market-directory; NIPs -> nips/complete-index; Privacy -> privacy-security; Wallets -> nip-47-wallet-connect; Media -> music-video-media; Commerce -> content-sale; Governance -> dao-governance; Crays -> nostr-and-crays; Library -> archive-library,,,0,,,"Nostr Media, Articles and Video Archive",0,,1,"Nostr Media, Articles and Video Archive",501,0,1,P3,"Bildlogik, Alt-Texte und Duplikate pruefen"
https://www.crays.org/nostr/reading-paths/beginner/,reading-paths/beginner,Beginner Reading Path,Start,Reading paths,Start- / Einstiegseite,brauchbar,1519,15,5,4,5,656,43,,Start -> what-is-nostr; People -> people; Apps -> apps/catalog; Relays -> relay-market-directory; NIPs -> nips/complete-index; Privacy -> privacy-security; Wallets -> nip-47-wallet-connect; Media -> music-video-media; Commerce -> content-sale; Governance -> dao-governance; Crays -> nostr-and-crays; Library -> archive-library,,,0,,,Beginner Reading Path,0,,1,Beginner Reading Path,19,0,0,P3,gezielte redaktionelle Politur und Quellenabgleich
https://www.crays.org/nostr/reading-paths/creator/,reading-paths/creator,Creator Reading Path,Start,Reading paths,Start- / Einstiegseite,brauchbar,1446,15,5,4,4,67,49,signer -> nip-07-signers,Start -> what-is-nostr; People -> people; Apps -> apps/catalog; Relays -> relay-market-directory; NIPs -> nips/complete-index; Privacy -> privacy-security; Wallets -> nip-47-wallet-connect; Media -> music-video-media; Commerce -> content-sale; Governance -> dao-governance; Crays -> nostr-and-crays; Library -> archive-library,,,0,,,Creator Reading Path,0,,1,Creator Reading Path,21,0,0,P3,gezielte redaktionelle Politur und Quellenabgleich
https://www.crays.org/nostr/reading-paths/culture/,reading-paths/culture,Culture Reading Path,Start,Reading paths,Start- / Einstiegseite,brauchbar,1512,16,5,4,4,13,50,signer -> nip-07-signers,Start -> what-is-nostr; People -> people; Apps -> apps/catalog; Relays -> relay-market-directory; NIPs -> nips/complete-index; Privacy -> privacy-security; Wallets -> nip-47-wallet-connect; Media -> music-video-media; Commerce -> content-sale; Governance -> dao-governance; Crays -> nostr-and-crays; Library -> archive-library,,,0,,,Culture Reading Path,0,,1,Culture Reading Path,21,0,0,P3,gezielte redaktionelle Politur und Quellenabgleich
https://www.crays.org/nostr/reading-paths/developer/,reading-paths/developer,Developer Reading Path,Start,Reading paths,Start- / Einstiegseite,brauchbar,1537,16,5,4,5,17,46,,Start -> what-is-nostr; People -> people; Apps -> apps/catalog; Relays -> relay-market-directory; NIPs -> nips/complete-index; Privacy -> privacy-security; Wallets -> nip-47-wallet-connect; Media -> music-video-media; Commerce -> content-sale; Governance -> dao-governance; Crays -> nostr-and-crays; Library -> archive-library,,,0,,,Developer Reading Path,0,,1,Developer Reading Path,22,0,0,P3,gezielte redaktionelle Politur und Quellenabgleich
https://www.crays.org/nostr/reading-paths/operator/,reading-paths/operator,Operator and Venue Reading Path,Start,Reading paths,Start- / Einstiegseite,brauchbar,1498,15,5,4,5,12,48,,Start -> what-is-nostr; People -> people; Apps -> apps/catalog; Relays -> relay-market-directory; NIPs -> nips/complete-index; Privacy -> privacy-security; Wallets -> nip-47-wallet-connect; Media -> music-video-media; Commerce -> content-sale; Governance -> dao-governance; Crays -> nostr-and-crays; Library -> archive-library,,,0,,,Operator and Venue Reading Path,0,,1,Operator and Venue Reading Path,25,0,0,P3,gezielte redaktionelle Politur und Quellenabgleich
https://www.crays.org/nostr/reading-paths/research/,reading-paths/research,Research Reading Path,Start,Reading paths,Start- / Einstiegseite,brauchbar,1527,16,5,4,5,12,45,,Start -> what-is-nostr; People -> people; Apps -> apps/catalog; Relays -> relay-market-directory; NIPs -> nips/complete-index; Privacy -> privacy-security; Wallets -> nip-47-wallet-connect; Media -> music-video-media; Commerce -> content-sale; Governance -> dao-governance; Crays -> nostr-and-crays; Library -> archive-library,,,0,,,Research Reading Path,0,,1,Research Reading Path,23,0,0,P3,gezielte redaktionelle Politur und Quellenabgleich
https://www.crays.org/nostr/resources/,resources,Nostr Resources and Links,Start,Core concepts,Grundlagenartikel,brauchbar,1594,14,5,4,5,766,52,,Start -> what-is-nostr; People -> people; Apps -> apps/catalog; Relays -> relay-market-directory; NIPs -> nips/complete-index; Privacy -> privacy-security; Wallets -> nip-47-wallet-connect; Media -> music-video-media; Commerce -> content-sale; Governance -> dao-governance; Crays -> nostr-and-crays; Library -> archive-library,,,0,,,Nostr Resources and Links,0,,1,Nostr Resources and Links,24,0,1,P3,"Bildlogik, Alt-Texte und Duplikate pruefen"
https://www.crays.org/nostr/what-is-nostr/,what-is-nostr,What is Nostr?,Start,Core concepts,Start- / Einstiegseite,brauchbar,1359,12,4,4,5,1419,48,,People -> people; Apps -> apps/catalog; Relays -> relay-market-directory; NIPs -> nips/complete-index; Privacy -> privacy-security; Wallets -> nip-47-wallet-connect; Media -> music-video-media; Commerce -> content-sale; Governance -> dao-governance; Crays -> nostr-and-crays; Library -> archive-library; Keys -> keys-identity,,,0,,,What is Nostr?,0,,1,What is Nostr?,22,0,1,P3,"Bildlogik, Alt-Texte und Duplikate pruefen"
https://www.crays.org/nostr/why-nostr/,why-nostr,Why Nostr Matters,Start,Core concepts,Start- / Einstiegseite,brauchbar,1151,12,4,4,5,93,40,,Start -> what-is-nostr; People -> people; Apps -> apps/catalog; Relays -> relay-market-directory; NIPs -> nips/complete-index; Privacy -> privacy-security; Wallets -> nip-47-wallet-connect; Media -> music-video-media; Commerce -> content-sale; Governance -> dao-governance; Crays -> nostr-and-crays; Library -> archive-library,,,0,,,Why Nostr Matters,0,,1,Why Nostr Matters,22,0,1,P3,"Bildlogik, Alt-Texte und Duplikate pruefen"
https://www.crays.org/nostr/apps/alby/,apps/alby,Alby,Wallets,App profiles,Tool- / Client- / App-Seite,brauchbar,1452,15,5,4,5,348,98,,Start -> what-is-nostr; People -> people; Apps -> apps/catalog; Relays -> relay-market-directory; NIPs -> nips/complete-index; Privacy -> privacy-security; Wallets -> nip-47-wallet-connect; Media -> music-video-media; Commerce -> content-sale; Governance -> dao-governance; Crays -> nostr-and-crays; Library -> archive-library,,,0,,,Alby,0,,1,Alby,18,0,0,P3,gezielte redaktionelle Politur und Quellenabgleich
https://www.crays.org/nostr/apps/catalog/zap-stream/,apps/catalog/zap-stream,zap.stream,Wallets,App catalog entries,Tool- / Client- / App-Seite,brauchbar,1447,14,5,4,5,67,97,,Start -> what-is-nostr; People -> people; Apps -> apps/catalog; Relays -> relay-market-directory; NIPs -> nips/complete-index; Privacy -> privacy-security; Wallets -> nip-47-wallet-connect; Media -> music-video-media; Commerce -> content-sale; Governance -> dao-governance; Crays -> nostr-and-crays; Library -> archive-library,,,0,,,zap.stream,0,,1,zap.stream,20,0,0,P3,gezielte redaktionelle Politur und Quellenabgleich
https://www.crays.org/nostr/apps/catalog/zapplepay/,apps/catalog/zapplepay,Zapplepay,Wallets,App catalog entries,Tool- / Client- / App-Seite,brauchbar,1411,14,5,4,5,66,95,,Start -> what-is-nostr; People -> people; Apps -> apps/catalog; Relays -> relay-market-directory; NIPs -> nips/complete-index; Privacy -> privacy-security; Wallets -> nip-47-wallet-connect; Media -> music-video-media; Commerce -> content-sale; Governance -> dao-governance; Crays -> nostr-and-crays; Library -> archive-library,,,0,,,Zapplepay,0,,1,Zapplepay,20,0,0,P3,gezielte redaktionelle Politur und Quellenabgleich
https://www.crays.org/nostr/apps/catalog/zapstore/,apps/catalog/zapstore,ZapStore,Wallets,App catalog entries,Tool- / Client- / App-Seite,brauchbar,1422,14,5,4,5,66,96,,Start -> what-is-nostr; People -> people; Apps -> apps/catalog; Relays -> relay-market-directory; NIPs -> nips/complete-index; Privacy -> privacy-security; Wallets -> nip-47-wallet-connect; Media -> music-video-media; Commerce -> content-sale; Governance -> dao-governance; Crays -> nostr-and-crays; Library -> archive-library,,,0,,,ZapStore,0,,1,ZapStore,20,0,0,P3,gezielte redaktionelle Politur und Quellenabgleich
https://www.crays.org/nostr/apps/developer-stack/awesome-cashu/,apps/developer-stack/awesome-cashu,awesome-cashu,Wallets,App profiles,Tool- / Client- / App-Seite,brauchbar,1370,12,4,4,5,63,92,,Start -> what-is-nostr; People -> people; Apps -> apps/catalog; Relays -> relay-market-directory; NIPs -> nips/complete-index; Privacy -> privacy-security; Wallets -> nip-47-wallet-connect; Media -> music-video-media; Commerce -> content-sale; Governance -> dao-governance; Crays -> nostr-and-crays; Library -> archive-library,,,0,,,awesome-cashu,0,,1,awesome-cashu,20,0,0,P3,gezielte redaktionelle Politur und Quellenabgleich
https://www.crays.org/nostr/apps/developer-stack/cashu/,apps/developer-stack/cashu,Cashu,Wallets,App profiles,Tool- / Client- / App-Seite,brauchbar,1374,12,4,4,5,63,92,,Start -> what-is-nostr; People -> people; Apps -> apps/catalog; Relays -> relay-market-directory; NIPs -> nips/complete-index; Privacy -> privacy-security; Wallets -> nip-47-wallet-connect; Media -> music-video-media; Commerce -> content-sale; Governance -> dao-governance; Crays -> nostr-and-crays; Library -> archive-library,,,0,,,Cashu,0,,1,Cashu,20,0,0,P3,gezielte redaktionelle Politur und Quellenabgleich
https://www.crays.org/nostr/apps/developer-stack/cashu-nuts/,apps/developer-stack/cashu-nuts,Cashu NUTs,Wallets,App profiles,Tool- / Client- / App-Seite,brauchbar,1401,12,5,4,5,63,92,,Start -> what-is-nostr; People -> people; Apps -> apps/catalog; Relays -> relay-market-directory; NIPs -> nips/complete-index; Privacy -> privacy-security; Wallets -> nip-47-wallet-connect; Media -> music-video-media; Commerce -> content-sale; Governance -> dao-governance; Crays -> nostr-and-crays; Library -> archive-library,,,0,,,Cashu NUTs,0,,1,Cashu NUTs,20,0,0,P3,gezielte redaktionelle Politur und Quellenabgleich
https://www.crays.org/nostr/apps/developer-stack/getalby-nostr-wallet-connect/,apps/developer-stack/getalby-nostr-wallet-connect,getAlby/nostr-wallet-connect,Wallets,App profiles,Tool- / Client- / App-Seite,brauchbar,1404,12,5,4,5,63,92,,Start -> what-is-nostr; People -> people; Apps -> apps/catalog; Relays -> relay-market-directory; NIPs -> nips/complete-index; Privacy -> privacy-security; Wallets -> nip-47-wallet-connect; Media -> music-video-media; Commerce -> content-sale; Governance -> dao-governance; Crays -> nostr-and-crays; Library -> archive-library,,,0,,,getAlby/nostr-wallet-connect,0,,1,getAlby/nostr-wallet-connect,20,0,0,P3,gezielte redaktionelle Politur und Quellenabgleich
https://www.crays.org/nostr/apps/developer-stack/nostr-wallet-connect/,apps/developer-stack/nostr-wallet-connect,Nostr Wallet Connect,Wallets,App profiles,Tool- / Client- / App-Seite,brauchbar,1420,12,5,4,5,63,92,,Start -> what-is-nostr; People -> people; Apps -> apps/catalog; Relays -> relay-market-directory; NIPs -> nips/complete-index; Privacy -> privacy-security; Wallets -> nip-47-wallet-connect; Media -> music-video-media; Commerce -> content-sale; Governance -> dao-governance; Crays -> nostr-and-crays; Library -> archive-library,,,0,,,Nostr Wallet Connect,0,,1,Nostr Wallet Connect,20,0,0,P3,gezielte redaktionelle Politur und Quellenabgleich
https://www.crays.org/nostr/apps/research/zap-stream/,apps/research/zap-stream,zap.stream,Wallets,App profiles,Tool- / Client- / App-Seite,brauchbar,1430,12,5,4,4,63,93,signer -> nip-07-signers,Start -> what-is-nostr; People -> people; Apps -> apps/catalog; Relays -> relay-market-directory; NIPs -> nips/complete-index; Privacy -> privacy-security; Wallets -> nip-47-wallet-connect; Media -> music-video-media; Commerce -> content-sale; Governance -> dao-governance; Crays -> nostr-and-crays; Library -> archive-library,,,0,,,zap.stream,0,,1,zap.stream,22,0,0,P3,gezielte redaktionelle Politur und Quellenabgleich
https://www.crays.org/nostr/apps/research/zapplepay/,apps/research/zapplepay,Zapplepay,Wallets,App profiles,Tool- / Client- / App-Seite,brauchbar,1389,12,4,4,4,63,91,signer -> nip-07-signers,Start -> what-is-nostr; People -> people; Apps -> apps/catalog; Relays -> relay-market-directory; NIPs -> nips/complete-index; Privacy -> privacy-security; Wallets -> nip-47-wallet-connect; Media -> music-video-media; Commerce -> content-sale; Governance -> dao-governance; Crays -> nostr-and-crays; Library -> archive-library,,,0,,,Zapplepay,0,,1,Zapplepay,22,0,0,P3,gezielte redaktionelle Politur und Quellenabgleich
https://www.crays.org/nostr/apps/research/zapstore/,apps/research/zapstore,ZapStore,Wallets,App profiles,Tool- / Client- / App-Seite,brauchbar,1398,12,4,4,4,63,91,signer -> nip-07-signers,Start -> what-is-nostr; People -> people; Apps -> apps/catalog; Relays -> relay-market-directory; NIPs -> nips/complete-index; Privacy -> privacy-security; Wallets -> nip-47-wallet-connect; Media -> music-video-media; Commerce -> content-sale; Governance -> dao-governance; Crays -> nostr-and-crays; Library -> archive-library,,,0,,,ZapStore,0,,1,ZapStore,22,0,0,P3,gezielte redaktionelle Politur und Quellenabgleich
https://www.crays.org/nostr/apps/safebox/,apps/safebox,Safebox,Wallets,App profiles,Tool- / Client- / App-Seite,brauchbar,1497,15,5,4,5,342,93,,Start -> what-is-nostr; People -> people; Apps -> apps/catalog; Relays -> relay-market-directory; NIPs -> nips/complete-index; Privacy -> privacy-security; Wallets -> nip-47-wallet-connect; Media -> music-video-media; Commerce -> content-sale; Governance -> dao-governance; Crays -> nostr-and-crays; Library -> archive-library,,,0,,,Safebox,0,,1,Safebox,18,0,0,P3,gezielte redaktionelle Politur und Quellenabgleich
https://www.crays.org/nostr/archive-library/security-wallet-research/,archive-library/security-wallet-research,"Security, wallet and trust research",Wallets,Wallets and value flow,Oekosystem-Seite,brauchbar,1142,9,4,4,5,706,91,,Start -> what-is-nostr; People -> people; Apps -> apps/catalog; Relays -> relay-market-directory; NIPs -> nips/complete-index; Privacy -> privacy-security; Wallets -> nip-47-wallet-connect; Media -> music-video-media; Commerce -> content-sale; Governance -> dao-governance; Crays -> nostr-and-crays; Library -> archive-library,,,0,,,"Security, wallet and trust research",0,,1,"Security, wallet and trust research",17,0,0,P3,gezielte redaktionelle Politur und Quellenabgleich
https://www.crays.org/nostr/awesome-nostr/nip-47-nostr-wallet-connect-nwc-implementations/,awesome-nostr/nip-47-nostr-wallet-connect-nwc-implementations,Awesome Nostr: NIP-47 Nostr Wallet Connect (NWC) implementations,Wallets,Awesome Nostr branches,NIP-Seite,brauchbar,1122,9,4,4,4,63,91,event -> events-and-kinds,Start -> what-is-nostr; People -> people; Apps -> apps/catalog; Relays -> relay-market-directory; NIPs -> nips/complete-index; Privacy -> privacy-security; Wallets -> nip-47-wallet-connect; Media -> music-video-media; Commerce -> content-sale; Governance -> dao-governance; Crays -> nostr-and-crays; Library -> archive-library,,,0,,,Awesome Nostr: NIP-47 Nostr Wallet Connect (NWC) implementations,0,,1,Awesome Nostr: NIP-47 Nostr Wallet Connect (NWC) implementations,60,0,0,P3,gezielte redaktionelle Politur und Quellenabgleich
https://www.crays.org/nostr/awesome-nostr/nip-57-zaps-compatible-wallets-and-solutions/,awesome-nostr/nip-57-zaps-compatible-wallets-and-solutions,Awesome Nostr: NIP-57 Zaps compatible wallets and solutions,Wallets,Awesome Nostr branches,NIP-Seite,brauchbar,1624,13,5,4,5,63,94,,Start -> what-is-nostr; People -> people; Apps -> apps/catalog; Relays -> relay-market-directory; NIPs -> nips/complete-index; Privacy -> privacy-security; Wallets -> nip-47-wallet-connect; Media -> music-video-media; Commerce -> content-sale; Governance -> dao-governance; Crays -> nostr-and-crays; Library -> archive-library,,,0,,,Awesome Nostr: NIP-57 Zaps compatible wallets and solutions,0,,1,Awesome Nostr: NIP-57 Zaps compatible wallets and solutions,45,0,0,P3,gezielte redaktionelle Politur und Quellenabgleich
https://www.crays.org/nostr/deep-dives/nostr-wallet-connect-for-products/,deep-dives/nostr-wallet-connect-for-products,Nostr Wallet Connect for Products,Wallets,Deep dives,Tiefenartikel,brauchbar,1677,15,5,4,5,62,98,,Start -> what-is-nostr; People -> people; Apps -> apps/catalog; Relays -> relay-market-directory; NIPs -> nips/complete-index; Privacy -> privacy-security; Wallets -> nip-47-wallet-connect; Media -> music-video-media; Commerce -> content-sale; Governance -> dao-governance; Crays -> nostr-and-crays; Library -> archive-library,,,0,,,Nostr Wallet Connect for Products,0,,1,Nostr Wallet Connect for Products,20,0,0,P3,gezielte redaktionelle Politur und Quellenabgleich
https://www.crays.org/nostr/deep-dives/safebox-sovereign-wallet-records/,deep-dives/safebox-sovereign-wallet-records,Safebox: Nostr-Native Wallet and Records Stack,Wallets,Deep dives,Tiefenartikel,brauchbar,1411,12,5,4,5,1169,93,,Start -> what-is-nostr; People -> people; Apps -> apps/catalog; Relays -> relay-market-directory; NIPs -> nips/complete-index; Privacy -> privacy-security; Wallets -> nip-47-wallet-connect; Media -> music-video-media; Commerce -> content-sale; Governance -> dao-governance; Crays -> nostr-and-crays; Library -> archive-library,,,0,,,Safebox: Nostr-Native Wallet and Records Stack,0,,1,Safebox: Nostr-Native Wallet and Records Stack,18,0,0,P3,gezielte redaktionelle Politur und Quellenabgleich
https://www.crays.org/nostr/deep-dives/zaps-value-for-value/,deep-dives/zaps-value-for-value,Zaps and Value-for-Value,Wallets,Deep dives,Tiefenartikel,brauchbar,1648,15,5,4,5,62,98,,Start -> what-is-nostr; People -> people; Apps -> apps/catalog; Relays -> relay-market-directory; NIPs -> nips/complete-index; Privacy -> privacy-security; Wallets -> nip-47-wallet-connect; Media -> music-video-media; Commerce -> content-sale; Governance -> dao-governance; Crays -> nostr-and-crays; Library -> archive-library,,,0,,,Zaps and Value-for-Value,0,,1,Zaps and Value-for-Value,20,0,0,P3,gezielte redaktionelle Politur und Quellenabgleich
https://www.crays.org/nostr/field-guide/cashu-wallets/,field-guide/cashu-wallets,Cashu Wallets: Nostr Field Guide,Wallets,Field guides,Oekosystem-Seite,brauchbar,2714,27,5,4,5,63,93,,Start -> what-is-nostr; People -> people; Apps -> apps/catalog; Relays -> relay-market-directory; NIPs -> nips/complete-index; Privacy -> privacy-security; Wallets -> nip-47-wallet-connect; Media -> music-video-media; Commerce -> content-sale; Governance -> dao-governance; Crays -> nostr-and-crays; Library -> archive-library,,,0,,,Cashu Wallets: Nostr Field Guide,0,,1,Cashu Wallets: Nostr Field Guide,19,0,0,P3,gezielte redaktionelle Politur und Quellenabgleich
https://www.crays.org/nostr/field-guide/lightning-wallets/,field-guide/lightning-wallets,Lightning Wallets: Nostr Field Guide,Wallets,Field guides,Oekosystem-Seite,brauchbar,2709,27,5,4,5,62,92,,Start -> what-is-nostr; People -> people; Apps -> apps/catalog; Relays -> relay-market-directory; NIPs -> nips/complete-index; Privacy -> privacy-security; Wallets -> nip-47-wallet-connect; Media -> music-video-media; Commerce -> content-sale; Governance -> dao-governance; Crays -> nostr-and-crays; Library -> archive-library,,,0,,,Lightning Wallets: Nostr Field Guide,0,,1,Lightning Wallets: Nostr Field Guide,19,0,0,P3,gezielte redaktionelle Politur und Quellenabgleich
https://www.crays.org/nostr/field-guide/nutzaps/,field-guide/nutzaps,Nutzaps: Nostr Field Guide,Wallets,Field guides,Oekosystem-Seite,brauchbar,2665,27,5,4,5,63,92,,Start -> what-is-nostr; People -> people; Apps -> apps/catalog; Relays -> relay-market-directory; NIPs -> nips/complete-index; Privacy -> privacy-security; Wallets -> nip-47-wallet-connect; Media -> music-video-media; Commerce -> content-sale; Governance -> dao-governance; Crays -> nostr-and-crays; Library -> archive-library,,,0,,,Nutzaps: Nostr Field Guide,0,,1,Nutzaps: Nostr Field Guide,19,0,0,P3,gezielte redaktionelle Politur und Quellenabgleich
https://www.crays.org/nostr/field-guide/wallet-brand-trust/,field-guide/wallet-brand-trust,Wallet Brand Trust: Nostr Field Guide,Wallets,Field guides,Oekosystem-Seite,brauchbar,1871,19,5,4,5,62,93,,Start -> what-is-nostr; People -> people; Apps -> apps/catalog; Relays -> relay-market-directory; NIPs -> nips/complete-index; Privacy -> privacy-security; Wallets -> nip-47-wallet-connect; Media -> music-video-media; Commerce -> content-sale; Governance -> dao-governance; Crays -> nostr-and-crays; Library -> archive-library,,,0,,,Wallet Brand Trust: Nostr Field Guide,0,,1,Wallet Brand Trust: Nostr Field Guide,19,0,0,P3,gezielte redaktionelle Politur und Quellenabgleich
https://www.crays.org/nostr/field-guide/wallet-connect/,field-guide/wallet-connect,Nostr Wallet Connect: Nostr Field Guide,Wallets,Field guides,Oekosystem-Seite,brauchbar,2779,27,5,4,5,62,92,,Start -> what-is-nostr; People -> people; Apps -> apps/catalog; Relays -> relay-market-directory; NIPs -> nips/complete-index; Privacy -> privacy-security; Wallets -> nip-47-wallet-connect; Media -> music-video-media; Commerce -> content-sale; Governance -> dao-governance; Crays -> nostr-and-crays; Library -> archive-library,,,0,,,Nostr Wallet Connect: Nostr Field Guide,0,,1,Nostr Wallet Connect: Nostr Field Guide,19,0,0,P3,gezielte redaktionelle Politur und Quellenabgleich
https://www.crays.org/nostr/field-guide/zap-flexing/,field-guide/zap-flexing,Zap Flexing: Nostr Field Guide,Wallets,Field guides,Oekosystem-Seite,brauchbar,1867,19,5,4,5,62,93,,Start -> what-is-nostr; People -> people; Apps -> apps/catalog; Relays -> relay-market-directory; NIPs -> nips/complete-index; Privacy -> privacy-security; Wallets -> nip-47-wallet-connect; Media -> music-video-media; Commerce -> content-sale; Governance -> dao-governance; Crays -> nostr-and-crays; Library -> archive-library,,,0,,,Zap Flexing: Nostr Field Guide,0,,1,Zap Flexing: Nostr Field Guide,19,0,0,P3,gezielte redaktionelle Politur und Quellenabgleich
https://www.crays.org/nostr/field-guide/zap-goals/,field-guide/zap-goals,Zap Goals: Nostr Field Guide,Wallets,Field guides,Oekosystem-Seite,brauchbar,2706,27,5,4,5,63,92,,Start -> what-is-nostr; People -> people; Apps -> apps/catalog; Relays -> relay-market-directory; NIPs -> nips/complete-index; Privacy -> privacy-security; Wallets -> nip-47-wallet-connect; Media -> music-video-media; Commerce -> content-sale; Governance -> dao-governance; Crays -> nostr-and-crays; Library -> archive-library,,,0,,,Zap Goals: Nostr Field Guide,0,,1,Zap Goals: Nostr Field Guide,19,0,0,P3,gezielte redaktionelle Politur und Quellenabgleich
https://www.crays.org/nostr/field-guide/zap-leaderboards/,field-guide/zap-leaderboards,Zap Leaderboards: Nostr Field Guide,Wallets,Field guides,Oekosystem-Seite,brauchbar,1836,19,5,4,5,62,93,,Start -> what-is-nostr; People -> people; Apps -> apps/catalog; Relays -> relay-market-directory; NIPs -> nips/complete-index; Privacy -> privacy-security; Wallets -> nip-47-wallet-connect; Media -> music-video-media; Commerce -> content-sale; Governance -> dao-governance; Crays -> nostr-and-crays; Library -> archive-library,,,0,,,Zap Leaderboards: Nostr Field Guide,0,,1,Zap Leaderboards: Nostr Field Guide,19,0,0,P3,gezielte redaktionelle Politur und Quellenabgleich
https://www.crays.org/nostr/field-guide/zaps/,field-guide/zaps,Zaps: Nostr Field Guide,Wallets,Field guides,Oekosystem-Seite,brauchbar,2678,27,5,4,5,62,92,,Start -> what-is-nostr; People -> people; Apps -> apps/catalog; Relays -> relay-market-directory; NIPs -> nips/complete-index; Privacy -> privacy-security; Wallets -> nip-47-wallet-connect; Media -> music-video-media; Commerce -> content-sale; Governance -> dao-governance; Crays -> nostr-and-crays; Library -> archive-library,,,0,,,Zaps: Nostr Field Guide,0,,1,Zaps: Nostr Field Guide,19,0,0,P3,gezielte redaktionelle Politur und Quellenabgleich
https://www.crays.org/nostr/nip-47-wallet-connect/,nip-47-wallet-connect,NIP-47: Nostr Wallet Connect,Wallets,NIP explainer pages,NIP-Seite,brauchbar,1195,10,4,4,4,1419,86,event -> events-and-kinds,Start -> what-is-nostr; People -> people; Apps -> apps/catalog; Relays -> relay-market-directory; NIPs -> nips/complete-index; Privacy -> privacy-security; Media -> music-video-media; Commerce -> content-sale; Governance -> dao-governance; Crays -> nostr-and-crays; Library -> archive-library; Zaps -> nip-57-zaps-lightning,,,0,,,NIP-47: Nostr Wallet Connect,0,,1,NIP-47: Nostr Wallet Connect,18,0,0,P3,gezielte redaktionelle Politur und Quellenabgleich
https://www.crays.org/nostr/nip-57-zaps-lightning/,nip-57-zaps-lightning,NIP-57: Lightning Zaps,Wallets,NIP explainer pages,NIP-Seite,brauchbar,1200,10,4,4,4,1406,88,event -> events-and-kinds,Start -> what-is-nostr; People -> people; Apps -> apps/catalog; Relays -> relay-market-directory; NIPs -> nips/complete-index; Privacy -> privacy-security; Wallets -> nip-47-wallet-connect; Media -> music-video-media; Commerce -> content-sale; Governance -> dao-governance; Crays -> nostr-and-crays; Library -> archive-library,,,0,,,NIP-57: Lightning Zaps,0,,1,NIP-57: Lightning Zaps,18,0,0,P3,gezielte redaktionelle Politur und Quellenabgleich
https://www.crays.org/nostr/nips/research/cashu-wallet/,nips/research/cashu-wallet,Cashu Wallet,Wallets,NIP reference pages,NIP-Seite,brauchbar,1434,12,5,4,4,63,91,signer -> nip-07-signers,Start -> what-is-nostr; People -> people; Apps -> apps/catalog; Relays -> relay-market-directory; NIPs -> nips/complete-index; Privacy -> privacy-security; Wallets -> nip-47-wallet-connect; Media -> music-video-media; Commerce -> content-sale; Governance -> dao-governance; Crays -> nostr-and-crays; Library -> archive-library,,,0,,,Cashu Wallet,0,,1,Cashu Wallet,19,0,0,P3,gezielte redaktionelle Politur und Quellenabgleich
https://www.crays.org/nostr/nips/research/lightning-zaps/,nips/research/lightning-zaps,Lightning Zaps,Wallets,NIP reference pages,NIP-Seite,brauchbar,1428,12,5,4,4,63,91,signer -> nip-07-signers,Start -> what-is-nostr; People -> people; Apps -> apps/catalog; Relays -> relay-market-directory; NIPs -> nips/complete-index; Privacy -> privacy-security; Wallets -> nip-47-wallet-connect; Media -> music-video-media; Commerce -> content-sale; Governance -> dao-governance; Crays -> nostr-and-crays; Library -> archive-library,,,0,,,Lightning Zaps,0,,1,Lightning Zaps,19,0,0,P3,gezielte redaktionelle Politur und Quellenabgleich
https://www.crays.org/nostr/nips/research/nip-47-nostr-wallet-connect/,nips/research/nip-47-nostr-wallet-connect,NIP-47: Nostr Wallet Connect,Wallets,NIP reference pages,NIP-Seite,brauchbar,1486,12,5,4,4,63,91,signer -> nip-07-signers,Start -> what-is-nostr; People -> people; Apps -> apps/catalog; Relays -> relay-market-directory; NIPs -> nips/complete-index; Privacy -> privacy-security; Wallets -> nip-47-wallet-connect; Media -> music-video-media; Commerce -> content-sale; Governance -> dao-governance; Crays -> nostr-and-crays; Library -> archive-library,,,0,,,NIP-47: Nostr Wallet Connect,0,,1,NIP-47: Nostr Wallet Connect,18,0,0,P3,gezielte redaktionelle Politur und Quellenabgleich
https://www.crays.org/nostr/nips/research/nip-57-lightning-zaps/,nips/research/nip-57-lightning-zaps,NIP-57: Lightning Zaps,Wallets,NIP reference pages,NIP-Seite,brauchbar,1457,12,5,4,4,63,91,signer -> nip-07-signers,Start -> what-is-nostr; People -> people; Apps -> apps/catalog; Relays -> relay-market-directory; NIPs -> nips/complete-index; Privacy -> privacy-security; Wallets -> nip-47-wallet-connect; Media -> music-video-media; Commerce -> content-sale; Governance -> dao-governance; Crays -> nostr-and-crays; Library -> archive-library,,,0,,,NIP-57: Lightning Zaps,0,,1,NIP-57: Lightning Zaps,18,0,0,P3,gezielte redaktionelle Politur und Quellenabgleich
https://www.crays.org/nostr/nips/research/nip-60-cashu-wallet/,nips/research/nip-60-cashu-wallet,NIP-60: Cashu Wallet,Wallets,NIP reference pages,NIP-Seite,brauchbar,1463,12,5,4,4,63,91,signer -> nip-07-signers,Start -> what-is-nostr; People -> people; Apps -> apps/catalog; Relays -> relay-market-directory; NIPs -> nips/complete-index; Privacy -> privacy-security; Wallets -> nip-47-wallet-connect; Media -> music-video-media; Commerce -> content-sale; Governance -> dao-governance; Crays -> nostr-and-crays; Library -> archive-library,,,0,,,NIP-60: Cashu Wallet,0,,1,NIP-60: Cashu Wallet,19,0,0,P3,gezielte redaktionelle Politur und Quellenabgleich
https://www.crays.org/nostr/nips/research/nip-61-nutzaps/,nips/research/nip-61-nutzaps,NIP-61: Nutzaps,Wallets,NIP reference pages,NIP-Seite,brauchbar,1434,12,5,4,4,63,91,signer -> nip-07-signers,Start -> what-is-nostr; People -> people; Apps -> apps/catalog; Relays -> relay-market-directory; NIPs -> nips/complete-index; Privacy -> privacy-security; Wallets -> nip-47-wallet-connect; Media -> music-video-media; Commerce -> content-sale; Governance -> dao-governance; Crays -> nostr-and-crays; Library -> archive-library,,,0,,,NIP-61: Nutzaps,0,,1,NIP-61: Nutzaps,19,0,0,P3,gezielte redaktionelle Politur und Quellenabgleich
https://www.crays.org/nostr/nips/research/nip-75-zap-goals/,nips/research/nip-75-zap-goals,NIP-75: Zap Goals,Wallets,NIP reference pages,NIP-Seite,brauchbar,1467,12,5,4,4,63,91,signer -> nip-07-signers,Start -> what-is-nostr; People -> people; Apps -> apps/catalog; Relays -> relay-market-directory; NIPs -> nips/complete-index; Privacy -> privacy-security; Wallets -> nip-47-wallet-connect; Media -> music-video-media; Commerce -> content-sale; Governance -> dao-governance; Crays -> nostr-and-crays; Library -> archive-library,,,0,,,NIP-75: Zap Goals,0,,1,NIP-75: Zap Goals,19,0,0,P3,gezielte redaktionelle Politur und Quellenabgleich
https://www.crays.org/nostr/nips/research/nostr-wallet-connect/,nips/research/nostr-wallet-connect,Nostr Wallet Connect,Wallets,NIP reference pages,NIP-Seite,brauchbar,1458,12,5,4,4,63,91,signer -> nip-07-signers,Start -> what-is-nostr; People -> people; Apps -> apps/catalog; Relays -> relay-market-directory; NIPs -> nips/complete-index; Privacy -> privacy-security; Wallets -> nip-47-wallet-connect; Media -> music-video-media; Commerce -> content-sale; Governance -> dao-governance; Crays -> nostr-and-crays; Library -> archive-library,,,0,,,Nostr Wallet Connect,0,,1,Nostr Wallet Connect,18,0,0,P3,gezielte redaktionelle Politur und Quellenabgleich
https://www.crays.org/nostr/nips/research/nutzaps/,nips/research/nutzaps,Nutzaps,Wallets,NIP reference pages,NIP-Seite,brauchbar,1405,12,5,4,4,63,91,signer -> nip-07-signers,Start -> what-is-nostr; People -> people; Apps -> apps/catalog; Relays -> relay-market-directory; NIPs -> nips/complete-index; Privacy -> privacy-security; Wallets -> nip-47-wallet-connect; Media -> music-video-media; Commerce -> content-sale; Governance -> dao-governance; Crays -> nostr-and-crays; Library -> archive-library,,,0,,,Nutzaps,0,,1,Nutzaps,19,0,0,P3,gezielte redaktionelle Politur und Quellenabgleich
https://www.crays.org/nostr/nips/research/zap-goals/,nips/research/zap-goals,Zap Goals,Wallets,NIP reference pages,NIP-Seite,brauchbar,1438,12,5,4,4,63,91,signer -> nip-07-signers,Start -> what-is-nostr; People -> people; Apps -> apps/catalog; Relays -> relay-market-directory; NIPs -> nips/complete-index; Privacy -> privacy-security; Wallets -> nip-47-wallet-connect; Media -> music-video-media; Commerce -> content-sale; Governance -> dao-governance; Crays -> nostr-and-crays; Library -> archive-library,,,0,,,Zap Goals,0,,1,Zap Goals,19,0,0,P3,gezielte redaktionelle Politur und Quellenabgleich
https://www.crays.org/nostr/nostr-and-bitcoin/,nostr-and-bitcoin,Nostr and Bitcoin,Wallets,Wallets and value flow,Oekosystem-Seite,brauchbar,1466,16,5,4,4,97,91,signer -> nip-07-signers,Start -> what-is-nostr; People -> people; Apps -> apps/catalog; Relays -> relay-market-directory; NIPs -> nips/complete-index; Privacy -> privacy-security; Wallets -> nip-47-wallet-connect; Media -> music-video-media; Commerce -> content-sale; Governance -> dao-governance; Crays -> nostr-and-crays; Library -> archive-library,,,0,,,Nostr and Bitcoin,0,,1,Nostr and Bitcoin,18,0,0,P3,gezielte redaktionelle Politur und Quellenabgleich
https://www.crays.org/nostr/source-inventory/deep-research/apps/nostrapps-com-zap-stream-nostrapps-page-b0cfa533/,source-inventory/deep-research/apps/nostrapps-com-zap-stream-nostrapps-page-b0cfa533,Research Source: zap.stream — NostrApps page,Wallets,Source inventory,Oekosystem-Seite,brauchbar,1554,12,5,4,5,63,95,,Start -> what-is-nostr; People -> people; Apps -> apps/catalog; Relays -> relay-market-directory; NIPs -> nips/complete-index; Privacy -> privacy-security; Wallets -> nip-47-wallet-connect; Media -> music-video-media; Commerce -> content-sale; Governance -> dao-governance; Crays -> nostr-and-crays; Library -> archive-library,,,0,,,Research Source: zap.stream — NostrApps page,0,,1,Research Source: zap.stream — NostrApps page,23,0,0,P3,gezielte redaktionelle Politur und Quellenabgleich
https://www.crays.org/nostr/source-inventory/deep-research/apps/nostrapps-com-zapplepay-nostrapps-page-1b3b32a1/,source-inventory/deep-research/apps/nostrapps-com-zapplepay-nostrapps-page-1b3b32a1,Research Source: Zapplepay — NostrApps page,Wallets,Source inventory,Oekosystem-Seite,brauchbar,1525,12,5,4,5,63,93,,Start -> what-is-nostr; People -> people; Apps -> apps/catalog; Relays -> relay-market-directory; NIPs -> nips/complete-index; Privacy -> privacy-security; Wallets -> nip-47-wallet-connect; Media -> music-video-media; Commerce -> content-sale; Governance -> dao-governance; Crays -> nostr-and-crays; Library -> archive-library,,,0,,,Research Source: Zapplepay — NostrApps page,0,,1,Research Source: Zapplepay — NostrApps page,23,0,0,P3,gezielte redaktionelle Politur und Quellenabgleich
https://www.crays.org/nostr/source-inventory/deep-research/apps/nostrapps-com-zapstore-nostrapps-page-917aff8e/,source-inventory/deep-research/apps/nostrapps-com-zapstore-nostrapps-page-917aff8e,Research Source: ZapStore — NostrApps page,Wallets,Source inventory,Oekosystem-Seite,brauchbar,1527,12,5,4,5,63,93,,Start -> what-is-nostr; People -> people; Apps -> apps/catalog; Relays -> relay-market-directory; NIPs -> nips/complete-index; Privacy -> privacy-security; Wallets -> nip-47-wallet-connect; Media -> music-video-media; Commerce -> content-sale; Governance -> dao-governance; Crays -> nostr-and-crays; Library -> archive-library,,,0,,,Research Source: ZapStore — NostrApps page,0,,1,Research Source: ZapStore — NostrApps page,23,0,0,P3,gezielte redaktionelle Politur und Quellenabgleich
https://www.crays.org/nostr/source-inventory/deep-research/apps/zap-stream-zap-stream-850f5264/,source-inventory/deep-research/apps/zap-stream-zap-stream-850f5264,Research Source: zap.stream,Wallets,Source inventory,Oekosystem-Seite,brauchbar,1507,12,5,4,5,63,95,,Start -> what-is-nostr; People -> people; Apps -> apps/catalog; Relays -> relay-market-directory; NIPs -> nips/complete-index; Privacy -> privacy-security; Wallets -> nip-47-wallet-connect; Media -> music-video-media; Commerce -> content-sale; Governance -> dao-governance; Crays -> nostr-and-crays; Library -> archive-library,,,0,,,Research Source: zap.stream,0,,1,Research Source: zap.stream,23,0,0,P3,gezielte redaktionelle Politur und Quellenabgleich
https://www.crays.org/nostr/source-inventory/deep-research/apps/zapplepay-com-zapplepay-2509886a/,source-inventory/deep-research/apps/zapplepay-com-zapplepay-2509886a,Research Source: Zapplepay,Wallets,Source inventory,Oekosystem-Seite,brauchbar,1477,12,5,4,5,63,93,,Start -> what-is-nostr; People -> people; Apps -> apps/catalog; Relays -> relay-market-directory; NIPs -> nips/complete-index; Privacy -> privacy-security; Wallets -> nip-47-wallet-connect; Media -> music-video-media; Commerce -> content-sale; Governance -> dao-governance; Crays -> nostr-and-crays; Library -> archive-library,,,0,,,Research Source: Zapplepay,0,,1,Research Source: Zapplepay,23,0,0,P3,gezielte redaktionelle Politur und Quellenabgleich
https://www.crays.org/nostr/source-inventory/deep-research/apps/zapstore-dev-zapstore-969d44a4/,source-inventory/deep-research/apps/zapstore-dev-zapstore-969d44a4,Research Source: ZapStore,Wallets,Source inventory,Oekosystem-Seite,brauchbar,1585,10,5,4,5,63,93,,Start -> what-is-nostr; People -> people; Apps -> apps/catalog; Relays -> relay-market-directory; NIPs -> nips/complete-index; Privacy -> privacy-security; Wallets -> nip-47-wallet-connect; Media -> music-video-media; Commerce -> content-sale; Governance -> dao-governance; Crays -> nostr-and-crays; Library -> archive-library,,,0,,,Research Source: ZapStore,0,,1,Research Source: ZapStore,40,0,0,P3,gezielte redaktionelle Politur und Quellenabgleich
https://www.crays.org/nostr/source-inventory/deep-research/dev/cashu-space-cashu-c06943b2/,source-inventory/deep-research/dev/cashu-space-cashu-c06943b2,Research Source: Cashu,Wallets,Source inventory,Oekosystem-Seite,brauchbar,1507,12,5,4,5,63,94,,Start -> what-is-nostr; People -> people; Apps -> apps/catalog; Relays -> relay-market-directory; NIPs -> nips/complete-index; Privacy -> privacy-security; Wallets -> nip-47-wallet-connect; Media -> music-video-media; Commerce -> content-sale; Governance -> dao-governance; Crays -> nostr-and-crays; Library -> archive-library,,,0,,,Research Source: Cashu,0,,1,Research Source: Cashu,21,0,0,P3,gezielte redaktionelle Politur und Quellenabgleich
https://www.crays.org/nostr/source-inventory/deep-research/dev/github-com-awesome-cashu-a30c84eb/,source-inventory/deep-research/dev/github-com-awesome-cashu-a30c84eb,Research Source: awesome-cashu,Wallets,Source inventory,Oekosystem-Seite,brauchbar,1488,12,5,4,5,63,94,,Start -> what-is-nostr; People -> people; Apps -> apps/catalog; Relays -> relay-market-directory; NIPs -> nips/complete-index; Privacy -> privacy-security; Wallets -> nip-47-wallet-connect; Media -> music-video-media; Commerce -> content-sale; Governance -> dao-governance; Crays -> nostr-and-crays; Library -> archive-library,,,0,,,Research Source: awesome-cashu,0,,1,Research Source: awesome-cashu,21,0,0,P3,gezielte redaktionelle Politur und Quellenabgleich
https://www.crays.org/nostr/source-inventory/deep-research/dev/github-com-cashu-nuts-f9d23db3/,source-inventory/deep-research/dev/github-com-cashu-nuts-f9d23db3,Research Source: Cashu NUTs,Wallets,Source inventory,Oekosystem-Seite,brauchbar,1514,12,5,4,5,63,94,,Start -> what-is-nostr; People -> people; Apps -> apps/catalog; Relays -> relay-market-directory; NIPs -> nips/complete-index; Privacy -> privacy-security; Wallets -> nip-47-wallet-connect; Media -> music-video-media; Commerce -> content-sale; Governance -> dao-governance; Crays -> nostr-and-crays; Library -> archive-library,,,0,,,Research Source: Cashu NUTs,0,,1,Research Source: Cashu NUTs,21,0,0,P3,gezielte redaktionelle Politur und Quellenabgleich
https://www.crays.org/nostr/source-inventory/deep-research/dev/github-com-getalby-nostr-wallet-connect-github-a3f9e306/,source-inventory/deep-research/dev/github-com-getalby-nostr-wallet-connect-github-a3f9e306,Research Source: getAlby/nostr-wallet-connect GitHub,Wallets,Source inventory,Oekosystem-Seite,brauchbar,1541,12,5,4,5,63,94,,Start -> what-is-nostr; People -> people; Apps -> apps/catalog; Relays -> relay-market-directory; NIPs -> nips/complete-index; Privacy -> privacy-security; Wallets -> nip-47-wallet-connect; Media -> music-video-media; Commerce -> content-sale; Governance -> dao-governance; Crays -> nostr-and-crays; Library -> archive-library,,,0,,,Research Source: getAlby/nostr-wallet-connect GitHub,0,,1,Research Source: getAlby/nostr-wallet-connect GitHub,21,0,0,P3,gezielte redaktionelle Politur und Quellenabgleich
https://www.crays.org/nostr/source-inventory/deep-research/dev/nwc-dev-nostr-wallet-connect-b2173018/,source-inventory/deep-research/dev/nwc-dev-nostr-wallet-connect-b2173018,Research Source: Nostr Wallet Connect,Wallets,Source inventory,Oekosystem-Seite,brauchbar,1516,12,5,4,5,63,94,,Start -> what-is-nostr; People -> people; Apps -> apps/catalog; Relays -> relay-market-directory; NIPs -> nips/complete-index; Privacy -> privacy-security; Wallets -> nip-47-wallet-connect; Media -> music-video-media; Commerce -> content-sale; Governance -> dao-governance; Crays -> nostr-and-crays; Library -> archive-library,,,0,,,Research Source: Nostr Wallet Connect,0,,1,Research Source: Nostr Wallet Connect,21,0,0,P3,gezielte redaktionelle Politur und Quellenabgleich
https://www.crays.org/nostr/source-inventory/deep-research/nips/github-com-cashu-wallet-ba05c99d/,source-inventory/deep-research/nips/github-com-cashu-wallet-ba05c99d,Research Source: Cashu Wallet,Wallets,Source inventory,Oekosystem-Seite,brauchbar,1493,12,5,4,5,63,92,,Start -> what-is-nostr; People -> people; Apps -> apps/catalog; Relays -> relay-market-directory; NIPs -> nips/complete-index; Privacy -> privacy-security; Wallets -> nip-47-wallet-connect; Media -> music-video-media; Commerce -> content-sale; Governance -> dao-governance; Crays -> nostr-and-crays; Library -> archive-library,,,0,,,Research Source: Cashu Wallet,0,,1,Research Source: Cashu Wallet,21,0,0,P3,gezielte redaktionelle Politur und Quellenabgleich
https://www.crays.org/nostr/source-inventory/deep-research/nips/github-com-lightning-zaps-a1f9b909/,source-inventory/deep-research/nips/github-com-lightning-zaps-a1f9b909,Research Source: Lightning Zaps,Wallets,Source inventory,Oekosystem-Seite,brauchbar,1488,12,5,4,5,63,92,,Start -> what-is-nostr; People -> people; Apps -> apps/catalog; Relays -> relay-market-directory; NIPs -> nips/complete-index; Privacy -> privacy-security; Wallets -> nip-47-wallet-connect; Media -> music-video-media; Commerce -> content-sale; Governance -> dao-governance; Crays -> nostr-and-crays; Library -> archive-library,,,0,,,Research Source: Lightning Zaps,0,,1,Research Source: Lightning Zaps,21,0,0,P3,gezielte redaktionelle Politur und Quellenabgleich
https://www.crays.org/nostr/source-inventory/deep-research/nips/github-com-nip-47-nostr-wallet-connect-27923cac/,source-inventory/deep-research/nips/github-com-nip-47-nostr-wallet-connect-27923cac,Research Source: NIP-47: Nostr Wallet Connect,Wallets,Source inventory,NIP-Seite,brauchbar,1523,12,5,4,5,63,92,,Start -> what-is-nostr; People -> people; Apps -> apps/catalog; Relays -> relay-market-directory; NIPs -> nips/complete-index; Privacy -> privacy-security; Wallets -> nip-47-wallet-connect; Media -> music-video-media; Commerce -> content-sale; Governance -> dao-governance; Crays -> nostr-and-crays; Library -> archive-library,,,0,,,Research Source: NIP-47: Nostr Wallet Connect,0,,1,Research Source: NIP-47: Nostr Wallet Connect,21,0,0,P3,gezielte redaktionelle Politur und Quellenabgleich
https://www.crays.org/nostr/source-inventory/deep-research/nips/github-com-nip-61-nutzaps-76feba90/,source-inventory/deep-research/nips/github-com-nip-61-nutzaps-76feba90,Research Source: NIP-61: Nutzaps,Wallets,Source inventory,NIP-Seite,brauchbar,1487,12,5,4,5,63,92,,Start -> what-is-nostr; People -> people; Apps -> apps/catalog; Relays -> relay-market-directory; NIPs -> nips/complete-index; Privacy -> privacy-security; Wallets -> nip-47-wallet-connect; Media -> music-video-media; Commerce -> content-sale; Governance -> dao-governance; Crays -> nostr-and-crays; Library -> archive-library,,,0,,,Research Source: NIP-61: Nutzaps,0,,1,Research Source: NIP-61: Nutzaps,21,0,0,P3,gezielte redaktionelle Politur und Quellenabgleich
https://www.crays.org/nostr/source-inventory/deep-research/nips/github-com-nip-75-zap-goals-aea8a590/,source-inventory/deep-research/nips/github-com-nip-75-zap-goals-aea8a590,Research Source: NIP-75: Zap Goals,Wallets,Source inventory,NIP-Seite,brauchbar,1513,12,5,4,5,63,92,,Start -> what-is-nostr; People -> people; Apps -> apps/catalog; Relays -> relay-market-directory; NIPs -> nips/complete-index; Privacy -> privacy-security; Wallets -> nip-47-wallet-connect; Media -> music-video-media; Commerce -> content-sale; Governance -> dao-governance; Crays -> nostr-and-crays; Library -> archive-library,,,0,,,Research Source: NIP-75: Zap Goals,0,,1,Research Source: NIP-75: Zap Goals,21,0,0,P3,gezielte redaktionelle Politur und Quellenabgleich
https://www.crays.org/nostr/source-inventory/deep-research/nips/nips-nostr-com-cashu-wallet-52cd2126/,source-inventory/deep-research/nips/nips-nostr-com-cashu-wallet-52cd2126,Research Source: Cashu Wallet,Wallets,Source inventory,Oekosystem-Seite,brauchbar,1472,12,5,4,5,63,92,,Start -> what-is-nostr; People -> people; Apps -> apps/catalog; Relays -> relay-market-directory; NIPs -> nips/complete-index; Privacy -> privacy-security; Wallets -> nip-47-wallet-connect; Media -> music-video-media; Commerce -> content-sale; Governance -> dao-governance; Crays -> nostr-and-crays; Library -> archive-library,,,0,,,Research Source: Cashu Wallet,0,,1,Research Source: Cashu Wallet,21,0,0,P3,gezielte redaktionelle Politur und Quellenabgleich
https://www.crays.org/nostr/source-inventory/deep-research/nips/nips-nostr-com-lightning-zaps-f98e448f/,source-inventory/deep-research/nips/nips-nostr-com-lightning-zaps-f98e448f,Research Source: Lightning Zaps,Wallets,Source inventory,Oekosystem-Seite,brauchbar,1468,12,5,4,5,63,92,,Start -> what-is-nostr; People -> people; Apps -> apps/catalog; Relays -> relay-market-directory; NIPs -> nips/complete-index; Privacy -> privacy-security; Wallets -> nip-47-wallet-connect; Media -> music-video-media; Commerce -> content-sale; Governance -> dao-governance; Crays -> nostr-and-crays; Library -> archive-library,,,0,,,Research Source: Lightning Zaps,0,,1,Research Source: Lightning Zaps,21,0,0,P3,gezielte redaktionelle Politur und Quellenabgleich
https://www.crays.org/nostr/source-inventory/deep-research/nips/nips-nostr-com-nip-47-nostr-wallet-connect-3f89726e/,source-inventory/deep-research/nips/nips-nostr-com-nip-47-nostr-wallet-connect-3f89726e,Research Source: NIP-47: Nostr Wallet Connect,Wallets,Source inventory,NIP-Seite,brauchbar,1504,12,5,4,5,63,92,,Start -> what-is-nostr; People -> people; Apps -> apps/catalog; Relays -> relay-market-directory; NIPs -> nips/complete-index; Privacy -> privacy-security; Wallets -> nip-47-wallet-connect; Media -> music-video-media; Commerce -> content-sale; Governance -> dao-governance; Crays -> nostr-and-crays; Library -> archive-library,,,0,,,Research Source: NIP-47: Nostr Wallet Connect,0,,1,Research Source: NIP-47: Nostr Wallet Connect,21,0,0,P3,gezielte redaktionelle Politur und Quellenabgleich
https://www.crays.org/nostr/source-inventory/deep-research/nips/nips-nostr-com-nip-61-nutzaps-738d347c/,source-inventory/deep-research/nips/nips-nostr-com-nip-61-nutzaps-738d347c,Research Source: NIP-61: Nutzaps,Wallets,Source inventory,NIP-Seite,brauchbar,1465,12,5,4,5,63,92,,Start -> what-is-nostr; People -> people; Apps -> apps/catalog; Relays -> relay-market-directory; NIPs -> nips/complete-index; Privacy -> privacy-security; Wallets -> nip-47-wallet-connect; Media -> music-video-media; Commerce -> content-sale; Governance -> dao-governance; Crays -> nostr-and-crays; Library -> archive-library,,,0,,,Research Source: NIP-61: Nutzaps,0,,1,Research Source: NIP-61: Nutzaps,21,0,0,P3,gezielte redaktionelle Politur und Quellenabgleich
https://www.crays.org/nostr/source-inventory/deep-research/nips/nips-nostr-com-nip-75-zap-goals-666f5be8/,source-inventory/deep-research/nips/nips-nostr-com-nip-75-zap-goals-666f5be8,Research Source: NIP-75: Zap Goals,Wallets,Source inventory,NIP-Seite,brauchbar,1492,12,5,4,5,63,92,,Start -> what-is-nostr; People -> people; Apps -> apps/catalog; Relays -> relay-market-directory; NIPs -> nips/complete-index; Privacy -> privacy-security; Wallets -> nip-47-wallet-connect; Media -> music-video-media; Commerce -> content-sale; Governance -> dao-governance; Crays -> nostr-and-crays; Library -> archive-library,,,0,,,Research Source: NIP-75: Zap Goals,0,,1,Research Source: NIP-75: Zap Goals,21,0,0,P3,gezielte redaktionelle Politur und Quellenabgleich
